-- phpMyAdmin SQL Dump
-- version 4.9.0.1
-- https://www.phpmyadmin.net/
--
-- Host: sql308.infinityfree.com
-- Tempo de geração: 12/11/2025 às 18:25
-- Versão do servidor: 11.4.7-MariaDB
-- Versão do PHP: 7.2.22

SET SQL_MODE = "NO_AUTO_VALUE_ON_ZERO";
SET AUTOCOMMIT = 0;
START TRANSACTION;
SET time_zone = "+00:00";


/*!40101 SET @OLD_CHARACTER_SET_CLIENT=@@CHARACTER_SET_CLIENT */;
/*!40101 SET @OLD_CHARACTER_SET_RESULTS=@@CHARACTER_SET_RESULTS */;
/*!40101 SET @OLD_COLLATION_CONNECTION=@@COLLATION_CONNECTION */;
/*!40101 SET NAMES utf8mb4 */;

--
-- Banco de dados: `if0_38865297_ronline`
--

-- --------------------------------------------------------

--
-- Estrutura para tabela `admin`
--

CREATE TABLE `admin` (
  `id` int(11) NOT NULL,
  `id_user` varchar(100) NOT NULL
) ENGINE=InnoDB DEFAULT CHARSET=utf8mb3 COLLATE=utf8mb3_general_ci;

--
-- Despejando dados para a tabela `admin`
--

INSERT INTO `admin` (`id`, `id_user`) VALUES
(1, 'admin');

-- --------------------------------------------------------

--
-- Estrutura para tabela `aluno`
--

CREATE TABLE `aluno` (
  `id_user_a` varchar(100) NOT NULL,
  `nome_a` varchar(100) NOT NULL
) ENGINE=MyISAM DEFAULT CHARSET=utf8mb4 COLLATE=utf8mb4_general_ci;

--
-- Despejando dados para a tabela `aluno`
--

INSERT INTO `aluno` (`id_user_a`, `nome_a`) VALUES
('4691192', 'ADONIAS TRINDADE MOURA'),
('3500286', 'ANA GABRIELLE PEREIRA DA SILVA'),
('4218378', 'ANNA BEATRIZ BRAGA ALVES'),
('3922777', 'ANTONIA ALICE RODRIGUES SILVA'),
('2952265', 'ANTONIA VITORIA DA SILVA LAURENTINO'),
('2926123', 'ANTONIO CLEYTON ALCANTARA MOREIRA'),
('3921771', 'BERNARDO DA SILVA ARAUJO'),
('3846595', 'CIBELE ANDRADE DE FREITAS'),
('3523212', 'EMANOEL LUCAS MENDES SILVA'),
('3217386', 'ESTER ALVES DE FREITAS'),
('5126361', 'FRANCISCO ELDO MARTINS CRUZ'),
('2931699', 'GRAZIELLA OLIVEIRA PAULO'),
('4417996', 'HAYDE VASCONCELOS DE SALES'),
('5377865', 'JUAN VITOR MOREIRA DANTAS'),
('4217426', 'LARA PLACIDO DIAS'),
('5298972', 'LAUANNY NASCIMENTO ROCHA'),
('3183874', 'LUIZ HENRIQUE DA SILVA SOUZA'),
('4944351', 'LUIZ MIGUEL LIMA FREITAS'),
('4001396', 'LUIZ OTAVIO CALIXTO LOPES'),
('3483135', 'MARCOS VINICIUS DA SILVA BARROS'),
('3485806', 'MARIA BETANIA VICENTE FREIRE'),
('2932404', 'MARIA LAYS FREITAS MARTINS'),
('3217622', 'MARIA RAYSSA DA SILVA MACIEL'),
('4198414', 'MARIA RITA NUNES NASCIMENTO'),
('3217659', 'MARIA TAYSSA DA SILVA MACIEL'),
('4418057', 'MATHEUS ANDERSON SARAIVA LIMA'),
('4691360', 'PABLO MICHAEL REIS BRILHANTE'),
('2921163', 'RUAN PABLO MARTINS DA SILVA'),
('3899294', 'THAISNARA DA SILVA NASCIMENTO'),
('5298773', 'THAYS MARCOLINO LOPES'),
('3993164', 'AMANDA OLIVEIRA DA SILVA'),
('3909711', 'ANA CECILIA DE CASTRO VIANA'),
('2923218', 'ANTONIA FRANCIELLY MOREAUX DA SILVA'),
('3217145', 'ANTONIA THAIS SOUSA RODRIGUES'),
('3485868', 'ANTONIO KAUA MELLO DE FRANCA'),
('2913907', 'BRUNO CRISTIAM FERREIRA PEREIRA'),
('3921843', 'CARLOS HENRIQUE DO NASCIMENTO LIMA'),
('3898985', 'EDUARDO COSTA MATEUS DE SOUZA'),
('3187521', 'EVILLYN SORAIA FERNANDES SOUZA'),
('3523286', 'FRANCISCO DOUGLAS ABREU DE SOUSA'),
('3490110', 'FRANCISCO GUSTAVO DOS REIS DE FREITAS'),
('3501029', 'FRANCISCO IAGO DA SILVA OLIVEIRA'),
('2949229', 'ISABEL DA SILVA DE LIMA'),
('2921182', 'JHONATA MARTINS RIBEIRO'),
('3501403', 'JULIA DE LIMA PEREIRA'),
('4170565', 'LAYZA MARIA VIEIRA GOMES'),
('3838142', 'LUAN MARTINS RODRIGUES'),
('3225501', 'LUAN PEREIRA RAFAEL'),
('2932223', 'LUIS GUSTAVO DA SILVA DE SOUSA'),
('3604539', 'MARCELO GLAUSSON DOS SANTOS SOARES'),
('5299001', 'MARIA EDUARDA OLIVEIRA RODRIGUES DA SILVA'),
('2935178', 'MARIA JOICE BEZERRA VIANA'),
('3525018', 'MARIANA RODRIGUES ALVES'),
('3579537', 'MIGUEL NICKLLAS AGUIAR FERREIRA'),
('3204018', 'NANDA ELOA MORAIS DE OLIVEIRA'),
('2356194', 'PEDRO HENRIQUE NASCIMENTO DA SILVA'),
('2952817', 'ROMULO NEY DE SOUSA LIMA'),
('3183884', 'SAMELA TAVARES DA SILVA'),
('2953250', 'ANDERSON NASCIMENTO DOS SANTOS'),
('3967769', 'ANTONIO EDVAN FERREIRA LOPES'),
('2952867', 'ANTONIO KAUA DA SILVA SOUSA'),
('3217177', 'ARTHU ARAUJO DA SILVA'),
('3498365', 'CARLOS CELIO MENDES RODRIGUES'),
('3217218', 'CARLOS EDUARDO SILVA SOUSA'),
('2947800', 'EMANUEL BRITO DA SILVA'),
('2953144', 'FABIA DE SOUSA QUEIROZ'),
('3485688', 'FELIPE NASCIMENTO DUARTE'),
('2926863', 'FRANCISCO DA COSTA FREIRE'),
('4850803', 'FRANCISCO GUILHERME DE ANDRADE SILVA'),
('2931354', 'FRANCISCO KAUA DOS SANTOS MENDES'),
('2935140', 'IAGO DA SILVA RODRIGUES'),
('3922471', 'IARLLYSON ALMEIDA AGUIAR'),
('3523340', 'ISMAEL MARTINS SOUZA'),
('3963713', 'JOEL DE SOUZA LIMA'),
('2949179', 'JORGE VITOR DE ANDRADE DE SOUSA'),
('2931843', 'JOSE FERREIRA DOS SANTOS FILHO'),
('2579119', 'JOSE PIERRE MATOS MARTINS'),
('4913676', 'JULIA DA SILVA RODRIUGES'),
('4691626', 'LAEL NICOLAS ALVES DA SILVA'),
('3036545', 'LUIZ ZAQUEU NASCIMENTO NUNES'),
('2932322', 'MAISA DA SILVA DE AQUINO'),
('3523511', 'MAISA INACIO UCHOA'),
('3922986', 'MARIA EDUARDA NUNES DA SILVA'),
('4600403', 'PIETRO LEAL DA COSTA'),
('3256182', 'RAFANIA DA SILVA DE QUEIROZ'),
('3968487', 'RAYLSON ALVES HONORATO'),
('3500342', ' ANA CLIVIA DE ALMEIDA PAIVA'),
('3409172', ' ANTONIO JOSIVAN DE LIMA SILVA'),
('3495816', ' ANTONIO VICTOR DOS SANTOS SILVA'),
('3523180', ' BRUNO JOSE RODRIGUES FEITOSA'),
('4526555', ' CAIO VINICIUS DA SILVA MIRANDA'),
('2354591', ' CARLOS EDUARDO DE SOUZA FAUSTINO'),
('3484944', ' DAVILA DE SOUSA DOS SANTOS'),
('3523324', ' GUILHERME RODRIGUES XAVIER'),
('3188809', ' ITALO PEREIRA RAFAEL'),
('3548267', ' IVANILDO MENDES MACIEL'),
('3978910', ' JOAO ISAIAS FERREIRA BRITO'),
('3501445', ' JOAO PEDRO DE LIMA SANTOS'),
('3187460', ' JOAO VITOR DA SILVA DE ARAUJO'),
('3720827', ' JOSE RYAN SOUZA NASCIMENTO'),
('3405628', ' JOSIANE DE LIMA SILVA'),
('3188818', ' MARIA GABRIELE DA SILVA MENDES'),
('2356558', ' MARIA GRAZIELE DOS SANTOS SILVA'),
('2935171', ' MARIA YZAMARA ALMEIDA DE ANDRADE'),
('2952479', ' MIQUELY PEREIRA DE FREITAS'),
('2932509', ' MOACIR MACIEIRA DOS SANTOS'),
('2917415', ' NICOLE SILVA CAVALCANTE'),
('3218191', ' PAULO RICARDO ARAUJO SILVA'),
('3923318', ' RYAN DE SOUZA COSTA'),
('4022735', ' TAISSA DA SILVA DE OLIVEIRA'),
('2932671', ' VITOR APRIGIO MIRANDA'),
('3923802', ' WALLYSON SOUSA DE ARAUJO'),
('3502025', 'ALAN DE OLIVEIRA ALVES'),
('3214849', 'ALLAN GOMES DA SILVA FELIX'),
('3567489', 'ANA BEATRIZ SOUSA DA SILVA'),
('3502242', 'BRUNO LEVI ALVES MENEZES'),
('3486983', 'CARLOS EDUARDO DA SILVA'),
('3625904', 'ERIQUE MIQUEIAS SILVA ANDRADE'),
('3760790', 'FRANCISCA CAMILA ARAUJO PEREIRA'),
('4031880', 'FRANCISCA REBECA PAIVA DE SOUSA'),
('3608322', 'FRANCISCO DALESSANDRO DA SILVA DUARTE'),
('3733428', 'FRANCISCO KARIEL DE QUEIROZ DOS SANTOS'),
('4026882', 'FRANCISCO SAMUEL DE SOUZA LIMA'),
('3486164', 'FRANCISCO WESLEY DA SILVA TAVARES'),
('3791872', 'GUILHERME CAVALCANTE DA SILVA'),
('3745161', 'ITALLO LIMA SANTOS'),
('3964632', 'JARDEL SANTIAGO RIBEIRO'),
('3502444', 'JOSE ERIK DA SILVA LIMA'),
('3564985', 'KAIO DOS SANTOS DE ABREU'),
('2921328', 'LUIS GUSTAVO SILVA MORAIS'),
('3502461', 'MARIA CLARA DOS SANTOS FERREIRA'),
('3509265', 'MARIA DE FATIMA DA COSTA OLIVEIRA'),
('4091936', 'MARIA DE LOURDES DA SILVA SOARES'),
('3478659', 'MARIA JULIA GOMES DA COSTA'),
('3661116', 'MARIA YOHANA DE SOUSA FREITAS'),
('3032446', 'MARIANY DE CASTRO ARAUJO'),
('3565297', 'MILENA DOS SANTOS HOLANDA'),
('3517515', 'MONIK DE SOUZA DE ALMEIDA'),
('3486059', 'RANIELE ABILA LUDOVINO DA SILVA'),
('3502680', 'RAY DOUGLAS RODRIGUES FEITOSA'),
('3517469', 'ROBSON AVELINO DE FREITAS DA SILVA'),
('4471340', 'RUAN CRUZ RAULINO'),
('3486955', 'SAMARA DOS SANTOS DA SILVA'),
('3733507', 'VITORIA DOS SANTOS PRAIA'),
('3517121', 'WESLEY LEVY DOS SANTOS SOUZA'),
('3565266', 'YURI DOS SANTOS DA SILVA'),
('3791710', 'ANA JULIA PEREIRA ARAUJO'),
('3185255', 'ANA PAULA MIRANDA DA SILVA'),
('3925049', 'ANTONIA ROZILANE LUDOVINO LIMA'),
('4170255', 'ANTONIA VITORIA DOS SANTOS BENTO'),
('3502184', 'ANTONIO JHONNY NUNES RODRIGUES'),
('4026911', 'ANTONIO MARCOS DOS SANTOS LIMA'),
('4377561', 'CARLOS EDUARDO DOS SANTOS CESAR'),
('3733455', 'CAUANE LOPES DE PAULO'),
('3502280', 'DAVI SAULLO SILVA DOS SANTOS'),
('3742544', 'DAVID GONCALVES SALES'),
('3505622', 'DIEGO DANTAS RODRIGUES'),
('3217263', 'EDGAR FERREIRA DOS SANTOS'),
('3602952', 'ESTER DO NASCIMENTO VIDAL'),
('2953217', 'FERNANDO ARIEL ALBUQUERQUE DO NASCIMENTO'),
('3500958', 'FRANCISCO ADERSON DE OLIVEIRA RIBEIRO'),
('3505638', 'FRANCISCO ICARO LOPES DA SILVA'),
('4214881', 'FRANCISCO IEGO ALMEIDA FREITAS'),
('3502748', 'FRANCISCO MIGUEL GRANGEIRO SILVA'),
('5521877', 'GABRIEL DAVANTARHE LIMA DE OLIVEIRA'),
('3187544', 'GEOVANA SOUZA DA SILVA'),
('3745249', 'ISMAEL DOS SANTOS DO NASCIMENTO'),
('3496674', 'JOAO LUCAS SILVA ALMEIDA'),
('2935149', 'JOAO VITOR BEZERRA RODRIGUES'),
('3188798', 'KAYKY DOS SANTOS RAMOS'),
('4065906', 'LIEDSON EPIFANIO DE SOUZA'),
('3501659', 'MAISA DA SILVA MAXIMINO'),
('3540667', 'MARCOS GABRIEL DE AGUIAR SOUSA'),
('4026764', 'MARCOS RUAN LIMA FREITAS'),
('3509253', 'MARIA CLARA DA SILVA DA SOLIDADE'),
('3474870', 'MARIA ELOANY DE SOUZA CASSEMIRO'),
('3801655', 'MARY JANE SOARES ARAUJO'),
('3502519', 'MIRIAM LIMA SOUSA'),
('4103085', 'MORIA FERREIRA VIEIRA'),
('3540612', 'ROSALIA MARTINS DA SILVA'),
('4742476', 'RYANN VICTOR DE SOUSA TRINDADE'),
('3857591', 'ANA REBECA MENEZES LIMA'),
('4700643', 'ANNA LYVIA HONORATO SILVA'),
('3813553', 'ANNY SOFIA DE SOUZA ANDRADE'),
('3498986', 'ANTONIA ARYELLY PEREIRA DE ALMEIDA'),
('3853336', 'ANTONIA SOFIA DA SILVA OLIVEIRA'),
('3734997', 'ARLINDO JOAO DOS SANTOS DA SILVA'),
('3500421', 'CAUE DE SOUZA RODRIGUES'),
('3943832', 'DAVI LUCCA NASCIMENTO NOGUEIRA'),
('3742507', 'FRANCISCO EDUARDO PRUDENCIO BARROSO'),
('3734908', 'FRANCISCO GABRIEL CRUZ FERNANDES'),
('4241435', 'GABRIELLY ALVES DE SOUSA'),
('3484468', 'ISAAC PIETRO FERNANDES DAMIAO'),
('4608516', 'JOSE RHAVI SILVESTRE'),
('4253304', 'LAYSA DE FATIMA SOUSA BARROS'),
('4701123', 'LIA SARAIVA LIMA'),
('3838170', 'MARIA CLARA DE FREITAS PEDROZA'),
('3733731', 'MARIA DAS GRACAS DUARTE DOS SANTOS'),
('3855012', 'MARIA EDUARDA DO NASCIMENTO LIMA'),
('3500712', 'MARIA HISADORA SILVA DUARTE'),
('3943983', 'MARIA JERLIANY TRINDADE RABELO'),
('3480730', 'MARIA SHOFIA MARTINS DA SILVA'),
('4368690', 'MATEUS DE OLIVEIRA DA SILVA'),
('3733702', 'MIGUEL ARAUJO TEIXEIRA'),
('3500761', 'MIGUEL MARTINS OLIVEIRA'),
('4736951', 'NAYRA FREITAS MENDES'),
('4390358', 'PAULO GABRIEL DE AQUINO SOUZA'),
('3721329', 'THIAGO LIMA MARTINS'),
('3734895', 'ALAN ARAUJO DA SILVA'),
('3483232', 'ALAN RODRIGUES DA SILVA'),
('3943757', 'ANA SOFIA DA SILVA ARAUJO'),
('3734953', 'ANNA DAVYLLA PEREIRA DE MENEZES'),
('3734862', 'ANTONIO JHONANTAN MENDES BRITO'),
('3943806', 'CAIO SILVA DO NASCIMENTO'),
('3567542', 'CARLOS DANIEL TAVARES DA SILVA'),
('3803209', 'CRISLAYANE OLIVEIRA CLARINDO'),
('3480725', 'ELIZA SILVA DO NASCIMENTO'),
('3807231', 'FRANCISCO SIVANILSON PEREIRA QUEIROZ'),
('3734934', 'ICARO DE ARAUJO DA SILVA'),
('3742498', 'JOAO LUCAS ALVES CAMPOS'),
('4045297', 'JOSE IURY FERREIRA DE SOUSA'),
('3943635', 'JOSE LUIS DA SILVA MACIEL'),
('3734974', 'KAIO ENZO SILVA SOUZA'),
('3943915', 'KAUE SILVA DO NASCIMENTO'),
('3850335', 'LAIS NARA ALMEIDA DE ANDRADE'),
('3500744', 'MARIA CECILIA MENDES SILVA'),
('3853308', 'MARIA DE NAZARE DE ALMEIDA PAIVA'),
('3606852', 'MARIA FERNANDA BRIANTE DE SOUSA'),
('3734873', 'MARIA LYARA LIMA DE FREITAS'),
('3763653', 'MARIA NICOLE FERREIRA LIMA'),
('3496676', 'MARIA SOFIA DO NASCIMENTO LIMA'),
('3486159', 'MARIA VITORIA DA SILVA DOS SANTOS'),
('3943664', 'SARA VICTORIA DE FREITAS VIEIRA'),
('4789502', 'VITORIA MACIEL TRINDADE'),
('4288149', 'VITORIA MARIA MOREIRA SILVA'),
('3500370', 'ANA SOFIA PEREIRA DA SILVA'),
('3799540', 'ANTONIA LARA HILLARY LOPES SOARES'),
('3567515', 'ANTONIO CARLOS VIANA COSTA'),
('3853098', 'ANTONIO GABRIEL DA SILVA FELIPE'),
('3601423', 'CAIO ANDERSON FERREIRA SANTOS'),
('4780636', 'EMILLY NASCIMENTO VIANA'),
('3500456', 'FABRICIA KAUANY SANTIAGO DE ANDRADE'),
('3498864', 'FRANCISCA LAYANE LOPES DA SILVA'),
('3855520', 'FRANCISCO DAVI RIBEIRO NOGUEIRA'),
('3499010', 'LARA VITORIA SILVA SOARES'),
('4392228', 'LUIS GABRIEL RAMOS'),
('4390355', 'LUIZ EDUARDO SABINO DE QUEIROZ FILHO'),
('3500623', 'MAISA MAIRA AMARO LIMA'),
('3923672', 'MARIA ALEXIA CHAGAS DO CARMO'),
('3500754', 'MARIA EDUARDA DE SOUZA DE FREITAS'),
('3500756', 'MARIA FLAVIA DE SOUSA QUEIROZ'),
('3953816', 'MARIA JULIA DE SOUSA FREITAS'),
('4390357', 'NICOLLYKETHELLYN PEREIRA RODRIGUES'),
('3733728', 'PEDRO LUCAS DA COSTA FREIRE'),
('3486828', 'SOFIA ARAUJO DE ABREU'),
('3478828', 'VITORIA QUEIROZ TAVORA'),
('4395884', 'WALLACE DA SILVA DE SOUZA'),
('3816085', 'WILLIAM FELIX ESTEVAO'),
('3855266', 'WISLEY ALVES DA SILVA'),
('3811056', 'YURI ISRAEL SOUSA DA SILVA'),
('3813560', 'ADEANDERSON SOUSA ALVES'),
('3938016', 'ANA BEATRIZ OLIVEIRA DA SILVA'),
('3498979', 'ANTONIA AMANDA LOPES PEREIRA'),
('3804774', 'DAVID FERREIRA LOPES'),
('3498989', 'DAVILA DA SILVA LIMA'),
('4689860', 'ENZO GABRIEL DE SOUZA BRAGA'),
('3855516', 'ESTHER ALCANTARA MATOS'),
('3480719', 'EVELLYN KAUANNY MATEUS DE ARAUJO'),
('4083616', 'EZEQUIEL JOSE PIRES FERREIRA'),
('3842048', 'FRANCISCA GISELE SOUSA DA SILVA'),
('3850223', 'FRANCISCA GRAZIELLY DE CASTRO SALVINO'),
('3581738', 'FRANCISCO ALAN DOS SANTOS LIMA'),
('3733725', 'FRANCISCO MIGUEL DA SILVA BARBOZA'),
('3498997', 'IASMIM DA SILVA ROMAO'),
('3842004', 'JOSE EDUARDO ALVES SOARES'),
('4304175', 'KALLEBY COLARES LOPES'),
('3540557', 'KENMELLY RIBEIRO LIRA'),
('5548115', 'MARIA ALICIA DE OLIVEIRA LUDUVINO'),
('3850403', 'MARIA CLARA DA SILVA MATOS'),
('3968724', 'MARIA RAISSA ARAUJO RAFAEL'),
('3850481', 'MARIA ROSEANE LIMA DA SILVA'),
('3540810', 'MARIA VITORIA DE SOUSA SANTIAGO'),
('4214363', 'MATEUS LEITAO BARBOSA'),
('4038771', 'PEDRO HENRIQUE DE ALMEIDA MATOS'),
('3855026', 'ROSEANE NASCIMENTO DE LEMOS'),
('3855247', 'RUTHYELLY ALCANTARA DE AGUIAR'),
('4742491', 'ANTONIA ANA CECILIA DE LIMA NUNES'),
('5105793', 'ARIELA DA SILVA BELARMINO'),
('3185220', 'CARLOS ROMULLO OLIVEIRA DOS SANTOS'),
('4690615', 'CIBELLE DOS SANTOS ANTUNES'),
('4377616', 'DEBORA LAIZ SOUZA FONSECA'),
('3944134', 'DULCE MARIA DOS SANTOS SILVA'),
('4608509', 'ENZO PEREIRA ARAUJO'),
('4690461', 'FRANCISCO RAYNER QUEIROZ RIBEIRO'),
('3486122', 'HARTHUR DE CASTRO SOUSA'),
('3486834', 'IARA DA SILVA MENDES'),
('4523839', 'ICARO GABRIEL NOGUEIRA DOS SANTOS'),
('3217732', 'JADYSON DA SILVA ARAUJO RAULINO'),
('3502432', 'JOAO GABRIEL DOS SANTOS NASCIMENTO'),
('3484941', 'LAYSA CAPISTRANO MENDES'),
('4448019', 'LEVY DAVID MORAIS LOPES DA SILVA'),
('3217448', 'LUIZA DE ARAUJO BEZERRA'),
('3988250', 'MARCOS RAFAEL AGUIAR DE SOUSA'),
('4523956', 'MARIA BEATRIZ DE OLIVEIRA DA SILVA'),
('4247066', 'MARIA CLARA MATEUS DE MORAIS'),
('3791916', 'MARIA RAYLANA DA SILVA FRANCA'),
('3486843', 'MARILIA PEREIRA LOPES'),
('3745240', 'MAYCON DOUGLAS FREITAS DA SILVA'),
('4214905', 'MAYRLA SORAYA BRAZ DE FREITAS'),
('5013626', 'MONIKE PEREIRA BARROS'),
('3486041', 'NICHOLAS BRYAN MONTEIRO TOMAZ'),
('3502775', 'PEDRO JORGE DA SILVA FERREIRA'),
('3280264', 'PEDRO LIMA MARTINS'),
('3524982', 'RAINARA KELLY LEANDRO DE SOUZA'),
('3486002', 'RAISSA DOS SANTOS DA SILVA'),
('3483153', 'RIHANNA NARA DA SILVA MENEZES'),
('4026834', 'SAMYA CAVALCANTE DA SILVA'),
('3485970', 'YOHARA DANTAS DO NASCIMENTO'),
('3574490', 'YVILLA MARGARIDA RAMOS FERREIRA'),
('3185191', 'ANA CARLA NOGUEIRA LIMA'),
('3487020', 'ANA LUIZA DE SOUSA DA SILVA'),
('3236235', 'ANA MARA LIMA DE SOUSA'),
('3185252', 'ANTONIA ESTHER MARQUES DA SILVA'),
('5296589', 'ANTONIA VANESSA DE LIMA CAVALCANTE'),
('3490089', 'ANTONIO ALISSON FREITAS COSTA'),
('3486891', 'BIANCA IASMIN RODRIGUES DE SOUSA'),
('3485947', 'ELISA DE SOUSA DA SILVA'),
('4031858', 'ELOA PLACIDO DOS SANTOS'),
('3567598', 'ESMERALDA GADELHA DOS SANTOS'),
('3142967', 'FRANCISCO DANIEL ALMEIDA SOUTO'),
('3486998', 'FRANCISCO DEIVID ESTEVAO MENDES'),
('3502385', 'FRANCISCO EVERARDO DA SILVA SOUSA FILHO'),
('3502422', 'FRANCISCO IARLYSON GALDENCIO DE FRANCA'),
('4026739', 'GUSTAVO DOS SANTOS LIMA'),
('3428948', 'HELIO BEZERRA ROCHA NETO'),
('3509067', 'ISMAEL ALCANTARA DO NASCIMENTO'),
('3480722', 'JOAO VITOR PINHEIRO MACIEL'),
('4690568', 'LEUANI LIMA DA SILVA'),
('4300349', 'MANOEL MESSIAS UCHOA NETO'),
('3486073', 'MARCELA VITORIA DE OLIVEIRA ROCHA'),
('3483174', 'MARIA CECILIA RUFINO LIMA'),
('3486112', 'MARIA CLARA MARTINS DE SOUZA'),
('3474838', 'MARIA ELOA DE SOUZA CASSEMIRO'),
('3502468', 'MARIA HELENA LIMA DO NASCIMENTO'),
('3237622', 'MARIA MAVILA FERREIRA LIMA'),
('3484480', 'MARIA VITORIA DA SILVA NASCIMENTO'),
('4188632', 'MARLISSON DE ANDRADE DA SILVA'),
('4247114', 'NICOLAS DA SILVA NASCIMENTO'),
('3487007', 'PEDRO LUCAS RODRIGUES VIEIRA'),
('3486972', 'RANIEL DO NASCIMENTO DE SOUSA'),
('4216495', 'RAYLAN DAVYD DE MESQUITA XIMENES'),
('5378282', 'TICIANY VICTORIA ALVES OLIVEIRA');

-- --------------------------------------------------------

--
-- Estrutura para tabela `disciplina`
--

CREATE TABLE `disciplina` (
  `id` int(11) NOT NULL,
  `abr` varchar(10) NOT NULL,
  `descr_d` varchar(100) NOT NULL
) ENGINE=InnoDB DEFAULT CHARSET=utf8mb4 COLLATE=utf8mb4_general_ci;

--
-- Despejando dados para a tabela `disciplina`
--

INSERT INTO `disciplina` (`id`, `abr`, `descr_d`) VALUES
(1, 'LING_PORTU', 'LÍNGUA PORTUGUESA'),
(2, 'MATEMATICA', 'MATEMÁTICA'),
(3, 'GESTAO', 'GESTÃO ESCOLAR'),
(4, 'ATV_CO_MAT', 'ATIVIDADE COMPLEMENTAR DE MATEMÁTICA'),
(5, 'ADMINISTRA', 'ADMINISTRADOR'),
(6, 'LING_ESTRA', 'LINGUA ESTRANGEIRA'),
(7, 'ARTE_EDUC', 'ARTE E EDUCAÇÃO'),
(8, 'ATV_CO_POR', 'ATIVIDADE COMPLEMENTAR DE PORTUGUÊS'),
(9, 'CID_RE_SOC', 'CIDADANIA E RESPONSABILIDADE SOCIAL'),
(10, 'CIENCIAS', 'CIÊNCIAS'),
(11, 'ED_FISICA', 'EDUCAÇÃO FÍSICA'),
(12, 'ED_SOC_EMO', 'EDUCAÇÃO SOCIOEMOCIONAL'),
(13, 'ENS_RELIGI', 'ENSINO RELIGIOSO'),
(14, 'GEOGRAFIA', 'GEOGRAFIA'),
(15, 'HISTORIA', 'HISTÓRIA'),
(16, 'MUSICA', 'MUSICA'),
(17, 'PRO_CA_VID', 'PROJETO CAMINHOS DE VIDA'),
(18, 'LET_RACIAL', 'LETRAMENTO RACIAL'),
(19, 'HIS_LOCAL', 'HISTÓRIA LOCAL'),
(20, 'INIC_CIENT', 'INICIAÇÃO CIENTÍFICA'),
(21, 'CULT_DIGIT', 'CULTURA DIGITAL'),
(22, 'HIST_CEARA', 'HISTÓRIA DO CEARÁ'),
(23, 'HIST_MUNIC', 'HISTÓRIA DO MUNICIPIO');

-- --------------------------------------------------------

--
-- Estrutura para tabela `dturma`
--

CREATE TABLE `dturma` (
  `id` int(11) NOT NULL,
  `id_user_p` varchar(100) NOT NULL,
  `oferta` varchar(10) NOT NULL
) ENGINE=InnoDB DEFAULT CHARSET=utf8mb3 COLLATE=utf8mb3_general_ci;

--
-- Despejando dados para a tabela `dturma`
--

INSERT INTO `dturma` (`id`, `id_user_p`, `oferta`) VALUES
(1, 'admin', '9A'),
(2, 'admin', '9B'),
(3, 'admin', '9C'),
(4, 'gestor', '9A'),
(5, 'gestor', '9B'),
(6, 'gestor', '9C'),
(76, 'gestor', '7A'),
(77, 'gestor', '7B'),
(78, 'gestor', '7C'),
(79, 'gestor', '7D'),
(80, 'gestor', '8A'),
(81, 'gestor', '8B'),
(82, 'gestor', '8C'),
(83, 'gestor', '8D'),
(84, 'gestor', '9D'),
(85, 'admin', '7A'),
(86, 'admin', '7B'),
(87, 'admin', '7C'),
(88, 'admin', '7D'),
(89, 'admin', '8A'),
(90, 'admin', '8B'),
(91, 'admin', '8C'),
(92, 'admin', '8D'),
(93, 'admin', '9D');

-- --------------------------------------------------------

--
-- Estrutura para tabela `enturmacao`
--

CREATE TABLE `enturmacao` (
  `id` int(11) NOT NULL,
  `id_user_a` varchar(100) NOT NULL,
  `oferta` varchar(10) NOT NULL
) ENGINE=InnoDB DEFAULT CHARSET=utf8mb3 COLLATE=utf8mb3_general_ci;

--
-- Despejando dados para a tabela `enturmacao`
--

INSERT INTO `enturmacao` (`id`, `id_user_a`, `oferta`) VALUES
(1, '4691192', '9A'),
(2, '3500286', '9A'),
(3, '4218378', '9A'),
(4, '3922777', '9A'),
(5, '2952265', '9A'),
(6, '2926123', '9A'),
(7, '3921771', '9A'),
(8, '3846595', '9A'),
(9, '3523212', '9A'),
(10, '3217386', '9A'),
(11, '5126361', '9A'),
(12, '2931699', '9A'),
(13, '4417996', '9A'),
(14, '5377865', '9A'),
(15, '4217426', '9A'),
(16, '5298972', '9A'),
(17, '3183874', '9A'),
(18, '4944351', '9A'),
(19, '4001396', '9A'),
(20, '3483135', '9A'),
(21, '3485806', '9A'),
(22, '2932404', '9A'),
(23, '3217622', '9A'),
(24, '4198414', '9A'),
(25, '3217659', '9A'),
(26, '4418057', '9A'),
(27, '4691360', '9A'),
(28, '2921163', '9A'),
(29, '3899294', '9A'),
(30, '5298773', '9A'),
(31, '3993164', '9B'),
(32, '3909711', '9B'),
(33, '2923218', '9B'),
(34, '3217145', '9B'),
(35, '3485868', '9B'),
(36, '2913907', '9B'),
(37, '3921843', '9B'),
(38, '3898985', '9B'),
(39, '3187521', '9B'),
(40, '3523286', '9B'),
(41, '3490110', '9B'),
(42, '3501029', '9B'),
(43, '2949229', '9B'),
(44, '2921182', '9B'),
(45, '3501403', '9B'),
(46, '4170565', '9B'),
(47, '3838142', '9B'),
(48, '3225501', '9B'),
(49, '2932223', '9B'),
(50, '3604539', '9B'),
(51, '5299001', '9B'),
(52, '2935178', '9B'),
(53, '3525018', '9B'),
(54, '3579537', '9B'),
(55, '3204018', '9B'),
(56, '2356194', '9B'),
(57, '2952817', '9B'),
(58, '3183884', '9B'),
(59, '2953250', '9C'),
(60, '3967769', '9C'),
(61, '2952867', '9C'),
(62, '3217177', '9C'),
(63, '3498365', '9C'),
(64, '3217218', '9C'),
(65, '2947800', '9C'),
(66, '2953144', '9C'),
(67, '3485688', '9C'),
(68, '2926863', '9C'),
(69, '4850803', '9C'),
(70, '2931354', '9C'),
(71, '2935140', '9C'),
(72, '3922471', '9C'),
(73, '3523340', '9C'),
(74, '3963713', '9C'),
(75, '2949179', '9C'),
(76, '2931843', '9C'),
(77, '2579119', '9C'),
(78, '4913676', '9C'),
(79, '4691626', '9C'),
(80, '3036545', '9C'),
(81, '2932322', '9C'),
(82, '3523511', '9C'),
(83, '3922986', '9C'),
(84, '4600403', '9C'),
(85, '3256182', '9C'),
(86, '3968487', '9C'),
(87, '3500342', '9D'),
(88, '3409172', '9D'),
(89, '3495816', '9D'),
(90, '3523180', '9D'),
(91, '4526555', '9D'),
(92, '2354591', '9D'),
(93, '3484944', '9D'),
(94, '3523324', '9D'),
(95, '3188809', '9D'),
(96, '3548267', '9D'),
(97, '3978910', '9D'),
(98, '3501445', '9D'),
(99, '3187460', '9D'),
(100, '3720827', '9D'),
(101, '3405628', '9D'),
(102, '3188818', '9D'),
(103, '2356558', '9D'),
(104, '2935171', '9D'),
(105, '2952479', '9D'),
(106, '2932509', '9D'),
(107, '2917415', '9D'),
(108, '3218191', '9D'),
(109, '3923318', '9D'),
(110, '4022735', '9D'),
(111, '2932671', '9D'),
(112, '3923802', '9D'),
(113, '3502025', '8C'),
(114, '3214849', '8C'),
(115, '3567489', '8C'),
(116, '3502242', '8C'),
(117, '3486983', '8C'),
(118, '3625904', '8C'),
(119, '3760790', '8C'),
(120, '4031880', '8C'),
(121, '3608322', '8C'),
(122, '3733428', '8C'),
(123, '4026882', '8C'),
(124, '3486164', '8C'),
(125, '3791872', '8C'),
(126, '3745161', '8C'),
(127, '3964632', '8C'),
(128, '3502444', '8C'),
(129, '3564985', '8C'),
(130, '2921328', '8C'),
(131, '3502461', '8C'),
(132, '3509265', '8C'),
(133, '4091936', '8C'),
(134, '3478659', '8C'),
(135, '3661116', '8C'),
(136, '3032446', '8C'),
(137, '3565297', '8C'),
(138, '3517515', '8C'),
(139, '3486059', '8C'),
(140, '3502680', '8C'),
(141, '3517469', '8C'),
(142, '4471340', '8C'),
(143, '3486955', '8C'),
(144, '3733507', '8C'),
(145, '3517121', '8C'),
(146, '3565266', '8C'),
(147, '3791710', '8D'),
(148, '3185255', '8D'),
(149, '3925049', '8D'),
(150, '4170255', '8D'),
(151, '3502184', '8D'),
(152, '4026911', '8D'),
(153, '4377561', '8D'),
(154, '3733455', '8D'),
(155, '3502280', '8D'),
(156, '3742544', '8D'),
(157, '3505622', '8D'),
(158, '3217263', '8D'),
(159, '3602952', '8D'),
(160, '2953217', '8D'),
(161, '3500958', '8D'),
(162, '3505638', '8D'),
(163, '4214881', '8D'),
(164, '3502748', '8D'),
(165, '5521877', '8D'),
(166, '3187544', '8D'),
(167, '3745249', '8D'),
(168, '3496674', '8D'),
(169, '2935149', '8D'),
(170, '3188798', '8D'),
(171, '4065906', '8D'),
(172, '3501659', '8D'),
(173, '3540667', '8D'),
(174, '4026764', '8D'),
(175, '3509253', '8D'),
(176, '3474870', '8D'),
(177, '3801655', '8D'),
(178, '3502519', '8D'),
(179, '4103085', '8D'),
(180, '3540612', '8D'),
(181, '4742476', '8D'),
(2795, '3857591', '7A'),
(2796, '4700643', '7A'),
(2797, '3813553', '7A'),
(2798, '3498986', '7A'),
(2799, '3853336', '7A'),
(2800, '3734997', '7A'),
(2801, '3500421', '7A'),
(2802, '3943832', '7A'),
(2803, '3742507', '7A'),
(2804, '3734908', '7A'),
(2805, '4241435', '7A'),
(2806, '3484468', '7A'),
(2807, '4608516', '7A'),
(2808, '4253304', '7A'),
(2809, '4701123', '7A'),
(2810, '3838170', '7A'),
(2811, '3733731', '7A'),
(2812, '3855012', '7A'),
(2813, '3500712', '7A'),
(2814, '3943983', '7A'),
(2815, '3480730', '7A'),
(2816, '4368690', '7A'),
(2817, '3733702', '7A'),
(2818, '3500761', '7A'),
(2819, '4736951', '7A'),
(2820, '4390358', '7A'),
(2821, '3721329', '7A'),
(2822, '3734895', '7B'),
(2823, '3483232', '7B'),
(2824, '3943757', '7B'),
(2825, '3734953', '7B'),
(2826, '3734862', '7B'),
(2827, '3943806', '7B'),
(2828, '3567542', '7B'),
(2829, '3803209', '7B'),
(2830, '3480725', '7B'),
(2831, '3807231', '7B'),
(2832, '3734934', '7B'),
(2833, '3742498', '7B'),
(2834, '4045297', '7B'),
(2835, '3943635', '7B'),
(2836, '3734974', '7B'),
(2837, '3943915', '7B'),
(2838, '3850335', '7B'),
(2839, '3500744', '7B'),
(2840, '3853308', '7B'),
(2841, '3606852', '7B'),
(2842, '3734873', '7B'),
(2843, '3763653', '7B'),
(2844, '3496676', '7B'),
(2845, '3486159', '7B'),
(2846, '3943664', '7B'),
(2847, '4789502', '7B'),
(2848, '4288149', '7B'),
(2849, '3500370', '7C'),
(2850, '3799540', '7C'),
(2851, '3567515', '7C'),
(2852, '3853098', '7C'),
(2853, '3601423', '7C'),
(2854, '4780636', '7C'),
(2855, '3500456', '7C'),
(2856, '3498864', '7C'),
(2857, '3855520', '7C'),
(2858, '3499010', '7C'),
(2859, '4392228', '7C'),
(2860, '4390355', '7C'),
(2861, '3500623', '7C'),
(2862, '3923672', '7C'),
(2863, '3500754', '7C'),
(2864, '3500756', '7C'),
(2865, '3953816', '7C'),
(2866, '4390357', '7C'),
(2867, '3733728', '7C'),
(2868, '3486828', '7C'),
(2869, '3478828', '7C'),
(2870, '4395884', '7C'),
(2871, '3816085', '7C'),
(2872, '3855266', '7C'),
(2873, '3811056', '7C'),
(2874, '3813560', '7D'),
(2875, '3938016', '7D'),
(2876, '3498979', '7D'),
(2877, '3804774', '7D'),
(2878, '3498989', '7D'),
(2879, '4689860', '7D'),
(2880, '3855516', '7D'),
(2881, '3480719', '7D'),
(2882, '4083616', '7D'),
(2883, '3842048', '7D'),
(2884, '3850223', '7D'),
(2885, '3581738', '7D'),
(2886, '3733725', '7D'),
(2887, '3498997', '7D'),
(2888, '3842004', '7D'),
(2889, '4304175', '7D'),
(2890, '3540557', '7D'),
(2891, '5548115', '7D'),
(2892, '3850403', '7D'),
(2893, '3968724', '7D'),
(2894, '3850481', '7D'),
(2895, '3540810', '7D'),
(2896, '4214363', '7D'),
(2897, '4038771', '7D'),
(2898, '3855026', '7D'),
(2899, '3855247', '7D'),
(2900, '4742491', '8A'),
(2901, '5105793', '8A'),
(2902, '3185220', '8A'),
(2903, '4690615', '8A'),
(2904, '4377616', '8A'),
(2905, '3944134', '8A'),
(2906, '4608509', '8A'),
(2907, '4690461', '8A'),
(2908, '3486122', '8A'),
(2909, '3486834', '8A'),
(2910, '4523839', '8A'),
(2911, '3217732', '8A'),
(2912, '3502432', '8A'),
(2913, '3484941', '8A'),
(2914, '4448019', '8A'),
(2915, '3217448', '8A'),
(2916, '3988250', '8A'),
(2917, '4523956', '8A'),
(2918, '4247066', '8A'),
(2919, '3791916', '8A'),
(2920, '3486843', '8A'),
(2921, '3745240', '8A'),
(2922, '4214905', '8A'),
(2923, '5013626', '8A'),
(2924, '3486041', '8A'),
(2925, '3502775', '8A'),
(2926, '3280264', '8A'),
(2927, '3524982', '8A'),
(2928, '3486002', '8A'),
(2929, '3483153', '8A'),
(2930, '4026834', '8A'),
(2931, '3485970', '8A'),
(2932, '3574490', '8A'),
(2933, '3185191', '8B'),
(2934, '3487020', '8B'),
(2935, '3236235', '8B'),
(2936, '3185252', '8B'),
(2937, '5296589', '8B'),
(2938, '3490089', '8B'),
(2939, '3486891', '8B'),
(2940, '3485947', '8B'),
(2941, '4031858', '8B'),
(2942, '3567598', '8B'),
(2943, '3142967', '8B'),
(2944, '3486998', '8B'),
(2945, '3502385', '8B'),
(2946, '3502422', '8B'),
(2947, '4026739', '8B'),
(2948, '3428948', '8B'),
(2949, '3509067', '8B'),
(2950, '3480722', '8B'),
(2951, '4690568', '8B'),
(2952, '4300349', '8B'),
(2953, '3486073', '8B'),
(2954, '3483174', '8B'),
(2955, '3486112', '8B'),
(2956, '3474838', '8B'),
(2957, '3502468', '8B'),
(2958, '3237622', '8B'),
(2959, '3484480', '8B'),
(2960, '4188632', '8B'),
(2961, '4247114', '8B'),
(2962, '3487007', '8B'),
(2963, '3486972', '8B'),
(2964, '4216495', '8B'),
(2965, '5378282', '8B');

-- --------------------------------------------------------

--
-- Estrutura para tabela `notificacao`
--

CREATE TABLE `notificacao` (
  `id` int(11) NOT NULL,
  `id_user_p` varchar(100) NOT NULL,
  `reg_id` varchar(200) NOT NULL
) ENGINE=InnoDB DEFAULT CHARSET=utf8mb3 COLLATE=utf8mb3_general_ci;

--
-- Despejando dados para a tabela `notificacao`
--

INSERT INTO `notificacao` (`id`, `id_user_p`, `reg_id`) VALUES
(1, 'admin', 'd91i3BH8Qo0:APA91bHKf9YmTP7dswoSA2LiSoLIsoQaBWVm5jAE0ppqvjFhZyVyCtOvz_U_IoqTZekqos_le9fChx_mBXChjvwQWXafKGydr1h6L-rpUCd-rMWTQLVvCWw'),
(2, 'admin', 'ckFbrvljMzI:APA91bHmxMEsri7bx5zkmf6-SOQRKcyWpBlskTFNGXSHC8EHv23ptLYvTBv2u1N1HV4UFHnd2H-zaJUQmZ4EE35FJsJt4Ue_Z6fFXUVAEc92TH-UnvZbyAU');

-- --------------------------------------------------------

--
-- Estrutura para tabela `ocorrencia`
--

CREATE TABLE `ocorrencia` (
  `id` int(11) NOT NULL,
  `id_prof` varchar(100) NOT NULL,
  `id_aln` varchar(100) NOT NULL,
  `id_oferta` int(11) NOT NULL,
  `dat` varchar(20) NOT NULL,
  `status` int(5) NOT NULL,
  `descr_o` varchar(1000) NOT NULL,
  `local` varchar(50) NOT NULL,
  `atitude` varchar(50) NOT NULL,
  `outra_a` varchar(500) DEFAULT NULL,
  `comportamento` varchar(50) NOT NULL,
  `medidas` varchar(500) DEFAULT NULL,
  `encaminhamento` varchar(500) DEFAULT NULL,
  `recebidoem` varchar(20) DEFAULT NULL,
  `sync` int(2) NOT NULL DEFAULT 0
) ENGINE=InnoDB DEFAULT CHARSET=utf8mb3 COLLATE=utf8mb3_general_ci;

--
-- Despejando dados para a tabela `ocorrencia`
--

INSERT INTO `ocorrencia` (`id`, `id_prof`, `id_aln`, `id_oferta`, `dat`, `status`, `descr_o`, `local`, `atitude`, `outra_a`, `comportamento`, `medidas`, `encaminhamento`, `recebidoem`, `sync`) VALUES
(3434, 'david', '3486983 ', 4354, '1755106235', 1, 'Dormiram a aula toda, perdendo as resoluções e correções de todas as atividades / Não fez nenhuma atividade proposta', 'Sala de Aula', 'advertência', '', '1ª vez', '', '', NULL, 0),
(3435, 'david', '3564985 ', 4354, '1755106236', 1, 'Dormiram a aula toda, perdendo as resoluções e correções de todas as atividades / Não fez nenhuma atividade proposta', 'Sala de Aula', 'advertência', '', '1ª vez', '', '', NULL, 0),
(3436, 'roberto', '3485868 ', 14, '1755106580', 1, 'Palavrão em sala de aula, durante a aula. / Falta de respeito com os colegas / Falta de respeito com os professores', 'Sala de Aula', 'advertência', '', '1ª vez', '', '', NULL, 0),
(3437, 'roberto', '5377865 ', 13, '1755112861', 1, 'Dormindo durante a aula, sem fazer atividade.', 'Sala de Aula', 'advertência', '', '1ª vez', '', '', NULL, 0),
(3438, 'david', '3742544 ', 4368, '1755172427', 1, 'Dormiram a aula toda, perdendo as resoluções e correções de todas as atividades', 'Sala de Aula', 'advertência', '', '1ª vez', '', '', NULL, 0),
(3439, 'david', '3540667 ', 4368, '1755172427', 1, 'Dormiram a aula toda, perdendo as resoluções e correções de todas as atividades', 'Sala de Aula', 'advertência', '', '1ª vez', '', '', NULL, 0),
(3440, 'roberto', '3495816 ', 16, '1755264605', 1, 'Brincadeiras durante a exposição do conteúdo / Falta de respeito com os colegas', 'Sala de Aula', 'advertência', '', '1ª vez', '', '', NULL, 0),
(3441, 'david', '3509253 ', 4368, '1755536462', 1, 'Se negou a ir para o seu mapeamento de sala.', 'Sala de Aula', 'advertência', '', '1ª vez', '', '', NULL, 0),
(3442, 'david', '3745249 ', 4368, '1755539670', 1, 'Dormiu durante as duas aulas / Não fez nenhuma atividade proposta', 'Sala de Aula', 'advertência', '', '1ª vez', '', '', NULL, 0),
(3443, 'marcos ', '4691192 ', 4, '1755595886', 2, 'Na aula do dia 18/08 o referido aluno dormiu a aula inteira', 'Sala de Aula', 'advertência', '', '1ª vez', '', 'tivemos uma conversa com a mãe que se comprometeu de conversar com o aluno e fazer um acompanhamento sobre seu comportamento.', '1761054322', 0),
(3444, 'david', '2935149 ', 4368, '1755621076', 1, 'Disse palavrão na sala de aula (filho da p*t*). Segundo ele não se referiu a ninguém.', 'Sala de Aula', 'advertência', '', '1ª vez', '', '', NULL, 0),
(3445, 'david', '3742544 ', 4368, '1755622968', 1, 'Dormindo durante as duas aulas / Não fez nenhuma atividade proposta', 'Sala de Aula', 'advertência', '', '1ª vez', '', '', NULL, 0),
(3446, 'david', '3501659 ', 4368, '1755622968', 1, 'Dormindo durante as duas aulas / Não fez nenhuma atividade proposta', 'Sala de Aula', 'advertência', '', '1ª vez', '', '', NULL, 0),
(3447, 'david', '3474870 ', 4368, '1755622968', 1, 'Dormindo durante as duas aulas / Não fez nenhuma atividade proposta', 'Sala de Aula', 'advertência', '', '1ª vez', '', '', NULL, 0),
(3448, 'david', '3505622 ', 4368, '1755623468', 1, 'Não fez nenhuma atividade proposta', 'Sala de Aula', 'advertência', '', '1ª vez', '', '', NULL, 0),
(3449, 'david', '2935149 ', 4368, '1755624714', 1, 'Dormindo na aula. / Não fez nenhuma atividade proposta', 'Sala de Aula', 'advertência', '', '1ª vez', '', '', NULL, 0),
(3450, 'david', '4026911 ', 4368, '1755625992', 1, 'Conversas paralelas durante a exposição do conteúdo / Não fez nenhuma atividade proposta', 'Sala de Aula', 'advertência', '', '1ª vez', '', '', NULL, 0),
(3451, 'david', '3502748 ', 4368, '1755626282', 1, 'Fica mudando de cadeira constantemente, saindo do mapeamento. / Não fez nenhuma atividade proposta', 'Sala de Aula', 'advertência', '', '1ª vez', '', '', NULL, 0),
(3452, 'david', '3567489 ', 4354, '1755632011', 1, 'Não trouxe o livro didático. / Não fez nenhuma atividade proposta', 'Sala de Aula', 'advertência', '', '1ª vez', '', '', NULL, 0),
(3453, 'david', '3486164 ', 4354, '1755632011', 1, 'Não trouxe o livro didático. / Não fez nenhuma atividade proposta', 'Sala de Aula', 'advertência', '', '1ª vez', '', '', NULL, 0),
(3454, 'david', '3502461 ', 4354, '1755632011', 1, 'Não trouxe o livro didático. / Não fez nenhuma atividade proposta', 'Sala de Aula', 'advertência', '', '1ª vez', '', '', NULL, 0),
(3455, 'david', '3032446 ', 4354, '1755632011', 1, 'Não trouxe o livro didático. / Não fez nenhuma atividade proposta', 'Sala de Aula', 'advertência', '', '1ª vez', '', '', NULL, 0),
(3456, 'david', '3517515 ', 4354, '1755632011', 1, 'Não trouxe o livro didático. / Não fez nenhuma atividade proposta', 'Sala de Aula', 'advertência', '', '1ª vez', '', '', NULL, 0),
(3457, 'david', '3502461 ', 4354, '1755632452', 1, 'Não parou depois de chamada atenção. / Conversas paralelas durante a exposição do conteúdo', 'Sala de Aula', 'advertência', '', '1ª vez', '', '', NULL, 0),
(3458, 'david', '3032446 ', 4354, '1755632452', 1, 'Não parou depois de chamada atenção. / Conversas paralelas durante a exposição do conteúdo', 'Sala de Aula', 'advertência', '', '1ª vez', '', '', NULL, 0),
(3460, 'roberto', '2952867 ', 15, '1755863185', 1, 'Não fez nenhuma atividade proposta', 'Sala de Aula', 'advertência', '', '1ª vez', '', '', NULL, 0),
(3461, 'roberto', '2931843 ', 15, '1755863185', 1, 'Fez uma das atividades apenas.', 'Sala de Aula', 'advertência', '', '1ª vez', '', '', NULL, 0),
(3462, 'roberto', '3968487 ', 15, '1755863185', 1, 'Não fez nenhuma atividade proposta', 'Sala de Aula', 'advertência', '', '1ª vez', '', '', NULL, 0),
(3466, 'david', '3502242 ', 4354, '1756151258', 1, 'Conversas paralelas durante a exposição do conteúdo / Brincadeiras durante a exposição do conteúdo / Não fez nenhuma atividade proposta / Indisciplinado em sala de aula', 'Sala de Aula', 'advertência', '', '1ª vez', '', '', NULL, 0),
(3467, 'david', '3608322 ', 4354, '1756151258', 1, 'Conversas paralelas durante a exposição do conteúdo / Brincadeiras durante a exposição do conteúdo / Não fez nenhuma atividade proposta / Indisciplinado em sala de aula', 'Sala de Aula', 'advertência', '', '1ª vez', '', '', NULL, 0),
(3468, 'david', '3502461 ', 4354, '1756151258', 1, 'Conversas paralelas durante a exposição do conteúdo / Brincadeiras durante a exposição do conteúdo / Não fez nenhuma atividade proposta / Indisciplinado em sala de aula', 'Sala de Aula', 'advertência', '', '1ª vez', '', '', NULL, 0),
(3469, 'david', '4091936 ', 4354, '1756151258', 1, 'Conversas paralelas durante a exposição do conteúdo / Brincadeiras durante a exposição do conteúdo / Não fez nenhuma atividade proposta / Indisciplinado em sala de aula', 'Sala de Aula', 'advertência', '', '1ª vez', '', '', NULL, 0),
(3470, 'david', '3661116 ', 4354, '1756151258', 1, 'Conversas paralelas durante a exposição do conteúdo / Brincadeiras durante a exposição do conteúdo / Não fez nenhuma atividade proposta / Indisciplinado em sala de aula', 'Sala de Aula', 'advertência', '', '1ª vez', '', '', NULL, 0),
(3471, 'david', '3032446 ', 4354, '1756151258', 1, 'Conversas paralelas durante a exposição do conteúdo / Brincadeiras durante a exposição do conteúdo / Não fez nenhuma atividade proposta / Indisciplinado em sala de aula', 'Sala de Aula', 'advertência', '', '1ª vez', '', '', NULL, 0),
(3472, 'david', '3486955 ', 4354, '1756151258', 1, 'Conversas paralelas durante a exposição do conteúdo / Brincadeiras durante a exposição do conteúdo / Não fez nenhuma atividade proposta / Indisciplinado em sala de aula', 'Sala de Aula', 'advertência', '', '1ª vez', '', '', NULL, 0),
(3473, 'david', '3625904 ', 4354, '1756151363', 1, 'Dormiu a aula toda, mesmo depois das tentativas de acorda-lo', 'Sala de Aula', 'advertência', '', '1ª vez', '', '', NULL, 0),
(3474, 'david', '4170255 ', 4368, '1756151528', 1, 'Conversas paralelas durante a exposição do conteúdo / Brincadeiras durante a exposição do conteúdo / Não fez nenhuma atividade proposta', 'Sala de Aula', 'advertência', '', '1ª vez', '', '', NULL, 0),
(3475, 'david', '2953217 ', 4368, '1756151528', 1, 'Conversas paralelas durante a exposição do conteúdo / Brincadeiras durante a exposição do conteúdo / Não fez nenhuma atividade proposta', 'Sala de Aula', 'advertência', '', '1ª vez', '', '', NULL, 0),
(3476, 'david', '3496674 ', 4368, '1756151528', 1, 'Conversas paralelas durante a exposição do conteúdo / Brincadeiras durante a exposição do conteúdo / Não fez nenhuma atividade proposta', 'Sala de Aula', 'advertência', '', '1ª vez', '', '', NULL, 0),
(3477, 'david', '2935149 ', 4368, '1756151528', 1, 'Conversas paralelas durante a exposição do conteúdo / Brincadeiras durante a exposição do conteúdo / Não fez nenhuma atividade proposta', 'Sala de Aula', 'advertência', '', '1ª vez', '', '', NULL, 0),
(3478, 'david', '3474870 ', 4368, '1756151528', 1, 'Conversas paralelas durante a exposição do conteúdo / Brincadeiras durante a exposição do conteúdo / Não fez nenhuma atividade proposta', 'Sala de Aula', 'advertência', '', '1ª vez', '', '', NULL, 0),
(3479, 'david', '3502519 ', 4368, '1756229740', 1, 'Ficou dormindo as duas aulas, inclusive na hora da explicação do conteúdo. / Não fez nenhuma atividade proposta', 'Sala de Aula', 'advertência', '', '1ª vez', '', '', NULL, 0),
(3480, 'david', '3540612 ', 4368, '1756230011', 1, 'Dormindo durante as aulas. Alega estar com dor de cabeça pra fazer a tarefa mas, não para conversar. / Não fez nenhuma atividade proposta', 'Sala de Aula', 'advertência', '', '1ª vez', '', '', NULL, 0),
(3481, 'david', '4091936 ', 4354, '1756235573', 1, 'Saiu da sala sem permissão alegando que estava muito quente. Se negou a ficar no mapeamento. Se negou abrir livros e cadernos pra fazer as atividades. / Conversas paralelas durante a exposição do conteúdo / Brincadeiras durante a exposição do conteúdo / Não fez nenhuma atividade proposta / Saiu de sala sem permissão / Mau comportamento / Comportamento agressivo e cria conflitos com os colegas', 'Sala de Aula', 'advertência', '', '1ª vez', '', '', NULL, 0),
(3482, 'david', '3486164 ', 4354, '1756316247', 1, 'Dormindo durante a aula. / Não fez nenhuma atividade proposta', 'Sala de Aula', 'advertência', '', '1ª vez', '', '', NULL, 0),
(3483, 'david', '3502461 ', 4354, '1756316247', 1, 'Dormindo durante a aula. / Não fez nenhuma atividade proposta', 'Sala de Aula', 'advertência', '', '1ª vez', '', '', NULL, 0),
(3484, 'david', '3032446 ', 4354, '1756316247', 1, 'Dormindo durante a aula. / Não fez nenhuma atividade proposta', 'Sala de Aula', 'advertência', '', '1ª vez', '', '', NULL, 0),
(3485, 'david', '3733507 ', 4354, '1756316247', 1, 'Dormindo durante a aula. / Não fez nenhuma atividade proposta', 'Sala de Aula', 'advertência', '', '1ª vez', '', '', NULL, 0),
(3486, 'david', '3486983 ', 4354, '1756316375', 1, 'Conversas paralelas durante a exposição do conteúdo / Brincadeiras durante a exposição do conteúdo / Não fez nenhuma atividade proposta', 'Sala de Aula', 'advertência', '', '1ª vez', '', '', NULL, 0),
(3487, 'david', '3517121 ', 4354, '1756316375', 1, 'Conversas paralelas durante a exposição do conteúdo / Brincadeiras durante a exposição do conteúdo / Não fez nenhuma atividade proposta', 'Sala de Aula', 'advertência', '', '1ª vez', '', '', NULL, 0),
(3488, 'roberto', '2926863 ', 15, '1756463512', 1, 'Não fez atividade do dia 22 de Agosto / Não fez nenhuma atividade proposta', 'Sala de Aula', 'advertência', '', '1ª vez', '', '', NULL, 0),
(3489, 'roberto', '3217177 ', 15, '1756465572', 1, 'Não fez nenhuma atividade proposta', 'Sala de Aula', 'advertência', '', '1ª vez', '', '', NULL, 0),
(3490, 'roberto', '2926863 ', 15, '1756465572', 1, 'Não fez nenhuma atividade proposta', 'Sala de Aula', 'advertência', '', '1ª vez', '', '', NULL, 0),
(3492, 'david', '3217659 ', 4371, '1756474526', 1, 'Dormiu as duas aulas / Não fez nenhuma atividade proposta', 'Sala de Aula', 'advertência', '', '1ª vez', '', '', NULL, 0),
(3493, 'david', '4691192 ', 4371, '1756474635', 2, 'Conversas paralelas durante a exposição do conteúdo / Não fez nenhuma atividade proposta', 'Sala de Aula', 'advertência', '', '1ª vez', '', 'tivemos uma conversa com a mãe que se comprometeu de conversar com o aluno e fazer um acompanhamento sobre seu comportamento.', '1761054322', 0),
(3494, 'david', '3217386 ', 4371, '1756474635', 1, 'Conversas paralelas durante a exposição do conteúdo / Não fez nenhuma atividade proposta', 'Sala de Aula', 'advertência', '', '1ª vez', '', '', NULL, 0),
(3495, 'david', '5377865 ', 4371, '1756474635', 1, 'Conversas paralelas durante a exposição do conteúdo / Não fez nenhuma atividade proposta', 'Sala de Aula', 'advertência', '', '1ª vez', '', '', NULL, 0),
(3496, 'david', '2932404 ', 4371, '1756474635', 1, 'Conversas paralelas durante a exposição do conteúdo / Não fez nenhuma atividade proposta', 'Sala de Aula', 'advertência', '', '1ª vez', '', '', NULL, 0),
(3497, 'david', '2921163 ', 4371, '1756474635', 1, 'Conversas paralelas durante a exposição do conteúdo / Não fez nenhuma atividade proposta', 'Sala de Aula', 'advertência', '', '1ª vez', '', '', NULL, 0),
(3498, 'david', '3742544 ', 4368, '1756756121', 1, 'Conversas paralelas durante a exposição do conteúdo / Brincadeiras durante a exposição do conteúdo / Não fez nenhuma atividade proposta / Mau comportamento', 'Sala de Aula', 'advertência', '', '1ª vez', '', '', NULL, 0),
(3499, 'david', '3505638 ', 4368, '1756756121', 2, 'Conversas paralelas durante a exposição do conteúdo / Brincadeiras durante a exposição do conteúdo / Não fez nenhuma atividade proposta / Mau comportamento', 'Sala de Aula', 'advertência', '', '1ª vez', '', 'Foi conversado com o pai do aluno na escola. O pai firmou compromisso com o núcleo gestor sobre conversar com o filho de forma mais rígida e relatou que não convive diretamente com filho e que mora em cidade diferente e que pretende levá-lo para morar com ele.', '1760449386', 0),
(3500, 'david', '3502748 ', 4368, '1756756121', 1, 'Conversas paralelas durante a exposição do conteúdo / Brincadeiras durante a exposição do conteúdo / Não fez nenhuma atividade proposta / Mau comportamento', 'Sala de Aula', 'advertência', '', '1ª vez', '', '', NULL, 0),
(3501, 'david', '3496674 ', 4368, '1756756121', 1, 'Conversas paralelas durante a exposição do conteúdo / Brincadeiras durante a exposição do conteúdo / Não fez nenhuma atividade proposta / Mau comportamento', 'Sala de Aula', 'advertência', '', '1ª vez', '', '', NULL, 0),
(3502, 'david', '2935149 ', 4368, '1756756121', 1, 'Conversas paralelas durante a exposição do conteúdo / Brincadeiras durante a exposição do conteúdo / Não fez nenhuma atividade proposta / Mau comportamento', 'Sala de Aula', 'advertência', '', '1ª vez', '', '', NULL, 0),
(3503, 'david', '4026764 ', 4368, '1756756121', 1, 'Conversas paralelas durante a exposição do conteúdo / Brincadeiras durante a exposição do conteúdo / Não fez nenhuma atividade proposta / Mau comportamento', 'Sala de Aula', 'advertência', '', '1ª vez', '', '', NULL, 0),
(3504, 'david', '3474870 ', 4368, '1756756121', 1, 'Conversas paralelas durante a exposição do conteúdo / Brincadeiras durante a exposição do conteúdo / Não fez nenhuma atividade proposta / Mau comportamento', 'Sala de Aula', 'advertência', '', '1ª vez', '', '', NULL, 0),
(3505, 'david', '3502519 ', 4368, '1756756121', 1, 'Conversas paralelas durante a exposição do conteúdo / Brincadeiras durante a exposição do conteúdo / Não fez nenhuma atividade proposta / Mau comportamento', 'Sala de Aula', 'advertência', '', '1ª vez', '', '', NULL, 0),
(3506, 'roberto', '2923218 ', 14, '1756917720', 1, 'Não fez nenhuma atividade proposta', 'Sala de Aula', 'advertência', '', '1ª vez', '', '', NULL, 0),
(3507, 'roberto', '3485868 ', 14, '1756917878', 1, 'Saiu de sala sem permissão', 'Sala de Aula', 'advertência', '', '1ª vez', '', '', NULL, 0),
(3508, 'roberto', '3187521 ', 14, '1756917878', 1, 'Ao ser perguntada para onde foi no retorno da sala, ela respondeu dizendo: \"Não te interessa\". / Saiu de sala sem permissão', 'Sala de Aula', 'advertência', '', '1ª vez', '', '', NULL, 0),
(3509, 'david', '3486983 ', 4354, '1756920497', 1, 'Dormindo durante a aula / Conversas paralelas durante a exposição do conteúdo / Não fez nenhuma atividade proposta', 'Sala de Aula', 'advertência', '', '1ª vez', '', '', NULL, 0),
(3510, 'david', '3486164 ', 4354, '1756920497', 1, 'Dormindo durante a aula / Conversas paralelas durante a exposição do conteúdo / Não fez nenhuma atividade proposta', 'Sala de Aula', 'advertência', '', '1ª vez', '', '', NULL, 0),
(3511, 'david', '3032446 ', 4354, '1756920497', 1, 'Dormindo durante a aula / Conversas paralelas durante a exposição do conteúdo / Não fez nenhuma atividade proposta', 'Sala de Aula', 'advertência', '', '1ª vez', '', '', NULL, 0),
(3512, 'david', '3517121 ', 4354, '1756920497', 1, 'Dormindo durante a aula / Conversas paralelas durante a exposição do conteúdo / Não fez nenhuma atividade proposta', 'Sala de Aula', 'advertência', '', '1ª vez', '', '', NULL, 0),
(3513, 'david', '3502461 ', 4354, '1756920587', 1, 'Conversas paralelas durante a exposição do conteúdo / Não fez nenhuma atividade proposta', 'Sala de Aula', 'advertência', '', '1ª vez', '', '', NULL, 0),
(3514, 'roberto', '3967769 ', 15, '1756926931', 1, 'Não fez nenhuma atividade proposta', 'Sala de Aula', 'advertência', '', '1ª vez', '', '', NULL, 0),
(3515, 'roberto', '3217177 ', 15, '1756926931', 1, 'Não fez nenhuma atividade proposta', 'Sala de Aula', 'advertência', '', '1ª vez', '', '', NULL, 0),
(3516, 'roberto', '2579119 ', 15, '1756926931', 1, 'Não fez nenhuma atividade proposta', 'Sala de Aula', 'advertência', '', '1ª vez', '', '', NULL, 0),
(3517, 'david', '3742544 ', 4368, '1756927123', 1, 'Dormindo durante as duas aulas de matemstica / Não fez nenhuma atividade proposta', 'Sala de Aula', 'advertência', '', '1ª vez', '', '', NULL, 0),
(3518, 'david', '3496674 ', 4368, '1756927123', 1, 'Dormindo durante as duas aulas de matemstica / Não fez nenhuma atividade proposta', 'Sala de Aula', 'advertência', '', '1ª vez', '', '', NULL, 0),
(3519, 'david', '2935149 ', 4368, '1756927123', 1, 'Dormindo durante as duas aulas de matemstica / Não fez nenhuma atividade proposta', 'Sala de Aula', 'advertência', '', '1ª vez', '', '', NULL, 0),
(3520, 'david', '4026764 ', 4368, '1756927123', 1, 'Dormindo durante as duas aulas de matemstica / Não fez nenhuma atividade proposta', 'Sala de Aula', 'advertência', '', '1ª vez', '', '', NULL, 0),
(3521, 'roberto', '4691192 ', 13, '1757070845', 2, 'Dançando durante a aula de Inglês, fora do propósito da aula. / Falta de respeito com os colegas / Falta de respeito com os professores', 'Sala de Aula', 'advertência', '', '1ª vez', '', 'tivemos uma conversa com a mãe que se comprometeu de conversar com o aluno e fazer um acompanhamento sobre seu comportamento.', '1761054322', 0),
(3522, 'roberto', '3500342 ', 16, '1757078430', 1, 'Falou de modo depreciativo da mãe de um colega. / Falta de respeito com os colegas', 'Sala de Aula', 'advertência', '', '1ª vez', '', '', NULL, 0),
(3526, 'david', '5377865 ', 4371, '1757595820', 1, 'O aluno afirma que não vai fazer as atividades propostas por causa do calor. / Brincadeiras durante a exposição do conteúdo / Não fez nenhuma atividade proposta', 'Sala de Aula', 'advertência', '', '1ª vez', '', '', NULL, 0),
(3527, 'david', '4691192 ', 4371, '1757596528', 2, 'Conversas paralelas durante a exposição do conteúdo / Brincadeiras durante a exposição do conteúdo / Não fez nenhuma atividade proposta', 'Sala de Aula', 'advertência', '', '1ª vez', '', 'tivemos uma conversa com a mãe que se comprometeu de conversar com o aluno e fazer um acompanhamento sobre seu comportamento.', '1761054322', 0),
(3528, 'david', '3523212 ', 4371, '1757596528', 1, 'Conversas paralelas durante a exposição do conteúdo / Brincadeiras durante a exposição do conteúdo / Não fez nenhuma atividade proposta', 'Sala de Aula', 'advertência', '', '1ª vez', '', '', NULL, 0),
(3529, 'david', '4217426 ', 4371, '1757596528', 1, 'Conversas paralelas durante a exposição do conteúdo / Brincadeiras durante a exposição do conteúdo / Não fez nenhuma atividade proposta', 'Sala de Aula', 'advertência', '', '1ª vez', '', '', NULL, 0),
(3530, 'david', '3483135 ', 4371, '1757596528', 1, 'Conversas paralelas durante a exposição do conteúdo / Brincadeiras durante a exposição do conteúdo / Não fez nenhuma atividade proposta', 'Sala de Aula', 'advertência', '', '1ª vez', '', '', NULL, 0),
(3531, 'david', '4691192 ', 4371, '1757597276', 2, 'Saíram da sala sem permissão. Ficaram insistindo em comer manga verde dentro da sala e não pararam depois da reclamação do professor. / Conversas paralelas durante a exposição do conteúdo / Brincadeiras durante a exposição do conteúdo / Não fez nenhuma atividade proposta / Saiu de sala sem permissão', 'Sala de Aula', 'advertência', '', '1ª vez', '', 'tivemos uma conversa com a mãe que se comprometeu de conversar com o aluno e fazer um acompanhamento sobre seu comportamento.', '1761054322', 0),
(3532, 'david', '2921163 ', 4371, '1757597276', 1, 'Saíram da sala sem permissão. Ficaram insistindo em comer manga verde dentro da sala e não pararam depois da reclamação do professor. / Conversas paralelas durante a exposição do conteúdo / Brincadeiras durante a exposição do conteúdo / Não fez nenhuma atividade proposta / Saiu de sala sem permissão', 'Sala de Aula', 'advertência', '', '1ª vez', '', '', NULL, 0),
(3533, 'marcos', '4218378 ', 4, '1757675926', 1, 'Conversas paralelas durante a exposição do conteúdo', 'Sala de Aula', 'advertência', '', '1ª vez', '', '', NULL, 0),
(3534, 'marcos', '3921771 ', 4, '1757675926', 1, 'Conversas paralelas durante a exposição do conteúdo', 'Sala de Aula', 'advertência', '', '1ª vez', '', '', NULL, 0),
(3535, 'marcos', '5377865 ', 4, '1757675926', 1, 'Conversas paralelas durante a exposição do conteúdo', 'Sala de Aula', 'advertência', '', '1ª vez', '', '', NULL, 0),
(3536, 'marcos', '2932404 ', 4, '1757675926', 1, 'Conversas paralelas durante a exposição do conteúdo', 'Sala de Aula', 'advertência', '', '1ª vez', '', '', NULL, 0),
(3537, 'marcos', '3217622 ', 4, '1757675926', 1, 'Conversas paralelas durante a exposição do conteúdo', 'Sala de Aula', 'advertência', '', '1ª vez', '', '', NULL, 0),
(3538, 'marcos', '3217659 ', 4, '1757675926', 1, 'Conversas paralelas durante a exposição do conteúdo', 'Sala de Aula', 'advertência', '', '1ª vez', '', '', NULL, 0),
(3539, 'marcos', '2921163 ', 4, '1757675926', 1, 'Conversas paralelas durante a exposição do conteúdo', 'Sala de Aula', 'advertência', '', '1ª vez', '', '', NULL, 0),
(3540, 'roberto', '4691192 ', 13, '1757681050', 2, 'Entrou em sala 15 minutos após o fim do intervalo.', 'Sala de Aula', 'advertência', '', '1ª vez', '', 'tivemos uma conversa com a mãe que se comprometeu de conversar com o aluno e fazer um acompanhamento sobre seu comportamento.', '1761054322', 0),
(3541, 'roberto', '4691192 ', 13, '1757684409', 2, 'Não fez nenhuma atividade proposta', 'Sala de Aula', 'advertência', '', '1ª vez', '', 'tivemos uma conversa com a mãe que se comprometeu de conversar com o aluno e fazer um acompanhamento sobre seu comportamento.', '1761054322', 0),
(3542, 'roberto', '2921163 ', 13, '1757684409', 1, 'Não fez nenhuma atividade proposta', 'Sala de Aula', 'advertência', '', '1ª vez', '', '', NULL, 0),
(3543, 'david', '3486983 ', 4354, '1757685179', 1, 'Conversas paralelas durante a exposição do conteúdo / Brincadeiras durante a exposição do conteúdo / Não fez nenhuma atividade proposta', 'Sala de Aula', 'advertência', '', '1ª vez', '', '', NULL, 0),
(3544, 'david', '3964632 ', 4354, '1757685179', 1, 'Conversas paralelas durante a exposição do conteúdo / Brincadeiras durante a exposição do conteúdo / Não fez nenhuma atividade proposta', 'Sala de Aula', 'advertência', '', '1ª vez', '', '', NULL, 0),
(3545, 'antonio', '3483153 ', 4327, '1757932765', 1, 'Comendo Danone na sala', 'Sala de Aula', 'advertência', '', '1ª vez', '', '', NULL, 0),
(3546, 'david', '3486983 ', 4354, '1757957091', 1, 'Dormiu durante a aula toda não fazendo as tarefas propostas / Não fez nenhuma atividade proposta', 'Sala de Aula', 'advertência', '', '1ª vez', '', '', NULL, 0),
(3547, 'david', '3486164 ', 4354, '1757957091', 1, 'Dormiu durante a aula toda não fazendo as tarefas propostas / Não fez nenhuma atividade proposta', 'Sala de Aula', 'advertência', '', '1ª vez', '', '', NULL, 0),
(3548, 'daniely', '3625904 ', 4434, '1757964026', 1, 'Durante minha aula do dia 15/09/2025 os dois alunos referidos ficaram brincando de bater um no outro e saindo do mapeamento da sala, eu enquanto professora fiquei a todo instante pedindo para eles pararam com as brincadeiras e sentar no mapeamento, a reclamação é chamada de atenção minhas os dois n obedeciam até que o ao ponto do Erique Miqueias agredir o José Erik com pancada na cabeça. Os dois foram encaminhados para a diretoria. / Indisciplinado em sala de aula', 'Sala de Aula', 'advertência', '', '1ª vez', '', '', NULL, 0),
(3549, 'daniely', '3502444 ', 4434, '1757964026', 1, 'Durante minha aula do dia 15/09/2025 os dois alunos referidos ficaram brincando de bater um no outro e saindo do mapeamento da sala, eu enquanto professora fiquei a todo instante pedindo para eles pararam com as brincadeiras e sentar no mapeamento, a reclamação é chamada de atenção minhas os dois n obedeciam até que o ao ponto do Erique Miqueias agredir o José Erik com pancada na cabeça. Os dois foram encaminhados para a diretoria. / Indisciplinado em sala de aula', 'Sala de Aula', 'advertência', '', '1ª vez', '', '', NULL, 0),
(3550, 'vinicius', '4690461 ', 4315, '1758107154', 1, 'Indisciplinado em sala de aula', 'Sala de Aula', 'advertência', '', '1ª vez', '', '', NULL, 0),
(3551, 'gestor', '2935149 ', 22, '1758115077', 1, 'Conversas paralelas durante a exposição do conteúdo / Brincadeiras durante a exposição do conteúdo / Falta de respeito com os colegas / Falta de respeito com os professores / Indisciplinado em sala de aula', 'Sala de Aula', 'advertência', '', 'Reincidente (frequente)', 'conversa no dia 17/09 os pais na escola referente as atitudes do aluno.', '', NULL, 0),
(3552, 'adeanderson', '2953217 ', 4366, '1758116357', 1, 'Não chegou na hora da aula.', 'Sala de Aula', 'advertência', '', '1ª vez', '', '', NULL, 0),
(3553, 'adeanderson', '4377561 ', 4366, '1758116441', 1, 'Não chegou na hora da aula, além disso, conversa muito e atrapalha o professor', 'Sala de Aula', 'advertência', '', '1ª vez', '', '', NULL, 0),
(3554, 'adeanderson', '2935149 ', 4366, '1758116521', 1, 'Não chegou na hora da aula. Não faz as atividades.', 'Sala de Aula', 'advertência', '', '1ª vez', '', '', NULL, 0),
(3555, 'adeanderson', '3474870 ', 4366, '1758116585', 1, 'Chegou atrasada na aula, não faz as atividades. Dorme na sala.', 'Sala de Aula', 'advertência', '', '1ª vez', '', '', NULL, 0),
(3556, 'Cleane', '2926863 ', 4401, '1758117864', 1, 'Conversas paralelas durante a exposição do conteúdo / Brincadeiras durante a exposição do conteúdo', 'Sala de Aula', 'advertência', '', '1ª vez', '', '', NULL, 0),
(3557, 'mariane', '3409172 ', 4413, '1758030010', 1, 'Durante a realização da aula de Língua Portuguesa,  o Aluno estava a todo momento com conversas paralela, e realizando a confecção de uma bola de papel, pediu para ir na coordenação pedir fita para cobrir a bola, sendo negado o pedido, o mesmo começou juntamente com outro colega brincando de jogar Beach Tênnis, o aluno destacou a capa do caderno de um colega, para simular uma raquete, para a realização da brincadeira, com isso, solicitei que os dois saíssem da minha aula, encaminhando para a coordenação. Na hora de irem para casa, o aluno retorna a sala, me direciona a fala indagando que eu havia dado uma suspensão a ele, pós conversa ele diz que eu me prepare porque vai acontecer uma coisas. / Conversas paralelas durante a exposição do conteúdo / Brincadeiras durante a exposição do conteúdo / Não fez nenhuma atividade proposta', 'Sala de Aula', 'advertência', '', '1ª vez', '', '', NULL, 0),
(3558, 'marcilio', '3540810 ', 4312, '1758125977', 1, 'Brincadeiras durante a exposição do conteúdo / Não fez nenhuma atividade proposta / Saiu de sala sem permissão / Mau comportamento', 'Sala de Aula', 'advertência', '', '1ª vez', '', '', NULL, 0),
(3559, 'marcilio', '3540557 ', 4312, '1758127752', 1, 'Não fez nenhuma atividade proposta / Mau comportamento', 'Sala de Aula', 'advertência', '', '1ª vez', '', '', NULL, 0),
(3560, 'karine', '3485868 ', 4389, '1758128381', 1, 'Passou a aula fazendo as atividades atrasadas e quando chegou a hora de fazer a atividade do dia não quis fazer, ficava \"enrolando\", também não trouxe o livro didático.', 'Sala de Aula', 'advertência', '', '1ª vez', '', '', NULL, 0),
(3561, 'karine', '2932223 ', 4389, '1758128608', 1, 'É um aluno inquieto, sempre vejo fora de sala nas aulas dos outros professores e na minha aula também sempre pede para sair, só não demora mais tempo do lado de fora, porque fico de olho. Quer dormir em sala, mas eu não deixo. Coloca sempre muita dificuldade para fazer o dever (ele faz, depois de muito reclamar e pegando dos colegas). Na aula de hoje, ele reclamou o tempo todo dizendo que não queria fazer o dever e não finalizou. Não trouxe o livro didático. E atrapalhou bastante a minha aula.', 'Sala de Aula', 'advertência', 'Tive uma conversa com ele', '1ª vez', 'Eu disse que se ele continuasse assim , eu chamaria a mãe dele para conversar', '', NULL, 0),
(3562, 'karine', '3523286 ', 4389, '1758128703', 1, 'Não quis fazer a atividade do dia, ficar \"enrolando\"', 'Sala de Aula', 'advertência', '', '1ª vez', '', '', NULL, 0),
(3563, 'antonio', '4026911 ', 4369, '1758129340', 1, 'Brincadeiras com o Arial / Conversas paralelas durante a exposição do conteúdo / Brincadeiras durante a exposição do conteúdo', 'Sala de Aula', 'advertência', '', '1ª vez', '', '', NULL, 0),
(3564, 'antonio', '4377561 ', 4369, '1758129511', 1, 'Conversas paralelas durante a exposição do conteúdo / Brincadeiras durante a exposição do conteúdo', 'Sala de Aula', 'advertência', '', '1ª vez', '', '', NULL, 0),
(3565, 'antonio', '3742544 ', 4369, '1758129558', 1, 'Conversas paralelas durante a exposição do conteúdo / Brincadeiras durante a exposição do conteúdo / Não fez nenhuma atividade proposta', 'Sala de Aula', 'advertência', '', '1ª vez', '', '', NULL, 0),
(3566, 'antonio', '3505638 ', 4369, '1758129616', 2, 'Conversas paralelas durante a exposição do conteúdo / Brincadeiras durante a exposição do conteúdo / Não fez nenhuma atividade proposta', 'Sala de Aula', 'advertência', '', '1ª vez', '', 'Foi conversado com o pai do aluno na escola. O pai firmou compromisso com o núcleo gestor sobre conversar com o filho de forma mais rígida e relatou que não convive diretamente com filho e que mora em cidade diferente e que pretende levá-lo para morar com ele.', '1760449333', 0),
(3567, 'antonio', '4742476 ', 4369, '1758129735', 1, 'Brincadeira de jogar chinelo com Ariel e Antônio Marcos / Conversas paralelas durante a exposição do conteúdo', 'Sala de Aula', 'advertência', '', '1ª vez', '', '', NULL, 0),
(3568, 'antonio', '2935149 ', 4369, '1758129783', 1, 'Conversas paralelas durante a exposição do conteúdo / Brincadeiras durante a exposição do conteúdo / Não fez nenhuma atividade proposta', 'Sala de Aula', 'advertência', '', '1ª vez', '', '', NULL, 0),
(3569, 'antonio', '3502748 ', 4369, '1758129854', 1, 'Brincadeira de jogar o chinelo. / Conversas paralelas durante a exposição do conteúdo / Brincadeiras durante a exposição do conteúdo', 'Sala de Aula', 'advertência', '', '1ª vez', '', '', NULL, 0),
(3570, 'david', '3486983 ', 4354, '1758193702', 1, 'Hoje é a última aula de uma série de 6 aulas para copiar e responder e entregar um trabalho. Esse aluno nem sequer copiou as questões. / Conversas paralelas durante a exposição do conteúdo / Brincadeiras durante a exposição do conteúdo / Não fez nenhuma atividade proposta', 'Sala de Aula', 'advertência', '', '1ª vez', '', '', NULL, 0),
(3571, 'david', '3564985 ', 4354, '1758193702', 1, 'Hoje é a última aula de uma série de 6 aulas para copiar e responder e entregar um trabalho. Esse aluno nem sequer copiou as questões. / Conversas paralelas durante a exposição do conteúdo / Brincadeiras durante a exposição do conteúdo / Não fez nenhuma atividade proposta', 'Sala de Aula', 'advertência', '', '1ª vez', '', '', NULL, 0),
(3572, 'david', '3517121 ', 4354, '1758193702', 1, 'Hoje é a última aula de uma série de 6 aulas para copiar e responder e entregar um trabalho. Esse aluno nem sequer copiou as questões. / Conversas paralelas durante a exposição do conteúdo / Brincadeiras durante a exposição do conteúdo / Não fez nenhuma atividade proposta', 'Sala de Aula', 'advertência', '', '1ª vez', '', '', NULL, 0),
(3573, 'antonio', '3540810 ', 4313, '1758194130', 1, 'Falando palavrão / Conversas paralelas durante a exposição do conteúdo', 'Sala de Aula', 'advertência', '', '1ª vez', '', '', NULL, 0),
(3574, 'gestor', '2952867 ', 12, '1758196107', 1, 'Conversas paralelas durante a exposição do conteúdo / Indisciplinado em sala de aula', 'Sala de Aula', 'advertência', '', '1ª vez', '', '', NULL, 0),
(3575, 'gestor', '3217177 ', 12, '1758196248', 1, 'Indisciplinado em sala de aula', 'Sala de Aula', 'advertência', '', '1ª vez', '', '', NULL, 0),
(3576, 'gestor', '3217218 ', 12, '1758196248', 1, 'Indisciplinado em sala de aula', 'Sala de Aula', 'advertência', '', '1ª vez', '', '', NULL, 0),
(3577, 'gestor', '2935140 ', 12, '1758196248', 1, 'Indisciplinado em sala de aula', 'Sala de Aula', 'advertência', '', '1ª vez', '', '', NULL, 0),
(3578, 'gestor', '3922471 ', 12, '1758196248', 1, 'Indisciplinado em sala de aula', 'Sala de Aula', 'advertência', '', '1ª vez', '', '', NULL, 0),
(3579, 'gestor', '2579119 ', 12, '1758196248', 1, 'Indisciplinado em sala de aula', 'Sala de Aula', 'advertência', '', '1ª vez', '', '', NULL, 0),
(3580, 'gestor', '3036545 ', 12, '1758196248', 1, 'Indisciplinado em sala de aula', 'Sala de Aula', 'advertência', '', '1ª vez', '', '', NULL, 0),
(3581, 'reginaldo', '3502242 ', 4346, '1758200566', 1, 'Hoje não trouxe livro nem caderno / Não trouxe o material didático', 'Sala de Aula', 'advertência', '', 'Reincidente (frequente)', '', '', NULL, 0),
(3582, 'reginaldo', '3502242 ', 4346, '1758200629', 1, 'Hoje não trouxe livro nem caderno / Não trouxe o material didático', 'Sala de Aula', 'advertência', '', '1ª vez', '', '', NULL, 0),
(3583, 'david', '3921771 ', 4371, '1758201343', 1, 'Conversas e insistência em em conversar, durante atividade avaliativa. O aluno insistiu em sair fora do horário permitido e resolveu sair mesmo sem autorização. / Saiu de sala sem permissão', 'Sala de Aula', 'advertência', '', '1ª vez', '', '', NULL, 0),
(3584, 'david', '4691192 ', 4371, '1758203104', 2, 'Atrapalharam e brincaram durante a aplicação inteira de uma atividade avaliativa, mesmo depois de mais de 8 advertências verbais.', 'Sala de Aula', 'advertência', '', '1ª vez', '', 'tivemos uma conversa com a mãe que se comprometeu de conversar com o aluno e fazer um acompanhamento sobre seu comportamento.', '1761054322', 0),
(3585, 'david', '3921771 ', 4371, '1758203104', 1, 'Atrapalharam e brincaram durante a aplicação inteira de uma atividade avaliativa, mesmo depois de mais de 8 advertências verbais.', 'Sala de Aula', 'advertência', '', '1ª vez', '', '', NULL, 0),
(3586, 'david', '5377865 ', 4371, '1758203104', 1, 'Atrapalharam e brincaram durante a aplicação inteira de uma atividade avaliativa, mesmo depois de mais de 8 advertências verbais.', 'Sala de Aula', 'advertência', '', '1ª vez', '', '', NULL, 0),
(3587, 'david', '2921163 ', 4371, '1758203104', 1, 'Atrapalharam e brincaram durante a aplicação inteira de uma atividade avaliativa, mesmo depois de mais de 8 advertências verbais.', 'Sala de Aula', 'advertência', '', '1ª vez', '', '', NULL, 0),
(3588, 'sara', '4038771 ', 4302, '1758211811', 1, 'Jogou o estojo de lápis na colega. / Falta de respeito com os colegas', 'Sala de Aula', 'advertência', '', '1ª vez', '', '', NULL, 0),
(3589, 'sara ', '3804774 ', 4302, '1758212791', 1, 'Realizou uma brincadeira inadequada com a colega, por isso recebeu 3 ocorrências. / Falta de respeito com os colegas', 'Sala de Aula', 'advertência', '', '1ª vez', '', '', NULL, 0),
(3590, 'marcos', '3921771 ', 4, '1758280388', 1, 'Após receber uma lista de exercícios com 14 questões em menos de um minuto o estudante já estava com todas as alternativas marcadas', 'Sala de Aula', 'advertência', '', '1ª vez', '', '', NULL, 0),
(3591, 'roberto', '4170565 ', 14, '1758280875', 1, 'Palavrão em sala de aula, durante a aula. / Falta de respeito com os colegas / Falta de respeito com os professores', 'Sala de Aula', 'advertência', '', '1ª vez', '', '', NULL, 0),
(3592, 'roberto', '2932223 ', 14, '1758280875', 1, 'Palavrão em sala de aula, durante a aula. / Falta de respeito com os colegas / Falta de respeito com os professores', 'Sala de Aula', 'advertência', '', '1ª vez', '', '', NULL, 0),
(3593, 'roberto', '5299001 ', 14, '1758282301', 1, 'Conversas paralelas durante a exposição do conteúdo', 'Sala de Aula', 'advertência', '', '1ª vez', '', '', NULL, 0),
(3594, 'vinicius', '4300349 ', 4329, '1758283196', 1, 'Não fez nenhuma atividade proposta', 'Sala de Aula', 'advertência', '', '1ª vez', '', '', NULL, 0),
(3595, 'gestor', '2579119 ', 12, '1758283904', 1, 'Desceu a roupa do Gabriel do 8º B', 'Pátio da Escola', 'advertência', '', '1ª vez', '', '', NULL, 0),
(3596, 'david', '4691192 ', 4371, '1758284690', 2, 'De forma irresponsável entrou e ficou na sala do 8 ano C.', 'Sala de Aula', 'advertência', '', '1ª vez', '', 'tivemos uma conversa com a mãe que se comprometeu de conversar com o aluno e fazer um acompanhamento sobre seu comportamento.', '1761054322', 0),
(3597, 'roberto', '5377865 ', 13, '1758287393', 1, 'O aluno estava lançando desodorante spray e perfume em outros estudantes. / Falta de respeito com os colegas / Mau comportamento', 'Sala de Aula', 'advertência', '', '1ª vez', '', '', NULL, 0),
(3598, 'yana', '3486972 ', 4331, '1758288038', 1, 'Não fez nenhuma atividade proposta / Saiu de sala sem permissão', 'Sala de Aula', 'advertência', '', '1ª vez', '', '', NULL, 0),
(3599, 'antonio', '2953217 ', 4369, '1758712529', 1, 'Conversas paralelas durante a exposição do conteúdo / Brincadeiras durante a exposição do conteúdo', 'Sala de Aula', 'advertência', '', '1ª vez', '', '', NULL, 0),
(3600, 'antonio', '5521877 ', 4369, '1758712584', 1, 'Conversas paralelas durante a exposição do conteúdo / Brincadeiras durante a exposição do conteúdo', 'Sala de Aula', 'advertência', '', '1ª vez', '', '', NULL, 0),
(3601, 'antonio', '4026911 ', 4369, '1758712820', 1, 'Conversas paralelas durante a exposição do conteúdo / Brincadeiras durante a exposição do conteúdo', 'Sala de Aula', 'advertência', '', '1ª vez', '', '', NULL, 0),
(3602, 'antonio', '5521877 ', 4369, '1758713542', 1, 'Brincadeiras durante a exposição do conteúdo', 'Sala de Aula', 'advertência', '', '1ª vez', '', '', NULL, 0),
(3603, 'vinicius', '2356558 ', 4414, '1758714131', 1, 'Não fez nenhuma atividade proposta', 'Sala de Aula', 'advertência', '', 'Reincidente (frequente)', '', '', NULL, 0),
(3604, 'vinicius', '2935171 ', 4414, '1758714131', 1, 'Não fez nenhuma atividade proposta', 'Sala de Aula', 'advertência', '', 'Reincidente (frequente)', '', '', NULL, 0),
(3605, 'Cleane', '5377865 ', 4379, '1758714250', 1, 'Não fez nenhuma atividade proposta', 'Sala de Aula', 'advertência', '', '1ª vez', '', '', NULL, 0),
(3606, 'Cleane', '4691192 ', 4379, '1758714328', 2, 'Não fez nenhuma atividade proposta', 'Sala de Aula', 'advertência', '', '1ª vez', '', 'tivemos uma conversa com a mãe que se comprometeu de conversar com o aluno e fazer um acompanhamento sobre seu comportamento.', '1761054322', 0),
(3607, 'antonio', '4691192 ', 4380, '1758718501', 2, 'Conversas paralelas durante a exposição do conteúdo / Não fez nenhuma atividade proposta', 'Sala de Aula', 'advertência', '', '1ª vez', '', 'tivemos uma conversa com a mãe que se comprometeu de conversar com o aluno e fazer um acompanhamento sobre seu comportamento.', '1761054322', 0),
(3608, 'antonio', '3523212 ', 4380, '1758718832', 1, 'Conversas paralelas durante a exposição do conteúdo / Brincadeiras durante a exposição do conteúdo / Falta de respeito com os colegas', 'Sala de Aula', 'advertência', '', '1ª vez', '', '', NULL, 0),
(3609, 'karine', '2932223 ', 4389, '1758724587', 1, 'Quer ficar dormindo/ atrapalhou a explicação do conteúdo várias vezes / Conversas paralelas durante a exposição do conteúdo', 'Sala de Aula', 'ordem de saída da sala de aula', 'Chamar a mãe ', 'Reincidente (pouco frequente)', 'Diálogo com o aluno e o responsável por ele', '', NULL, 0),
(3610, 'roberto', '2579119 ', 15, '1758731675', 1, 'Bateus nas costas de outro colega. / Comportamento agressivo e cria conflitos com os colegas', 'Sala de Aula', 'advertência', '', '1ª vez', '', '', NULL, 0),
(3611, 'marcilio', '3540810 ', 4312, '1758731969', 1, 'Saiu de sala sem permissão / Mau comportamento', 'Sala de Aula', 'advertência', '', '1ª vez', '', '', NULL, 0),
(3612, 'adeanderson', '4789502 ', 4282, '1758732566', 1, 'A aluna foi retirada da sala por desrespeito ao professor,  enquanto explicava o conteúdo.  Pedi três vezes que a mesma fizesse silêncio.  Mas ela continuo atrapalhando o andamento da aula. / Conversas paralelas durante a exposição do conteúdo / Falta de respeito com os professores', 'Sala de Aula', 'advertência', '', '1ª vez', '', '', NULL, 0),
(3613, 'roberto', '3409172 ', 16, '1758741197', 1, 'Dormindo durante a aula e sem fazer o trabalho avaliativo. / Não fez nenhuma atividade proposta', 'Sala de Aula', 'advertência', '', '1ª vez', '', '', NULL, 0),
(3614, 'roberto', '3495816 ', 16, '1758741197', 1, 'Dormindo durante a aula e sem fazer o trabalho avaliativo. / Não fez nenhuma atividade proposta', 'Sala de Aula', 'advertência', '', '1ª vez', '', '', NULL, 0),
(3615, 'roberto', '2354591 ', 16, '1758741197', 1, 'Dormindo durante a aula e sem fazer o trabalho avaliativo. / Não fez nenhuma atividade proposta', 'Sala de Aula', 'advertência', '', '1ª vez', '', '', NULL, 0),
(3616, 'vinicius', '3485868 ', 4382, '1758742109', 1, 'Não fez nenhuma atividade proposta', 'Sala de Aula', 'advertência', '', '1ª vez', '', '', NULL, 0),
(3617, 'vinicius', '2935178 ', 4382, '1758742164', 1, 'Não fez nenhuma atividade proposta', 'Sala de Aula', 'advertência', '', '1ª vez', '', '', NULL, 0),
(3618, 'roberto', '3495816 ', 16, '1758742795', 1, 'Não fez nenhuma atividade proposta', 'Sala de Aula', 'advertência', '', '1ª vez', '', '', NULL, 0),
(3619, 'roberto', '2356558 ', 16, '1758742796', 1, 'Não fez nenhuma atividade proposta', 'Sala de Aula', 'advertência', '', '1ª vez', '', '', NULL, 0),
(3620, 'roberto', '2935171 ', 16, '1758742796', 1, 'Não fez nenhuma atividade proposta', 'Sala de Aula', 'advertência', '', '1ª vez', '', '', NULL, 0),
(3621, 'roberto', '2952479 ', 16, '1758742796', 1, 'Não fez nenhuma atividade proposta', 'Sala de Aula', 'advertência', '', '1ª vez', '', '', NULL, 0),
(3622, 'antonio', '3540557 ', 4313, '1758798852', 1, 'Falou palavrões na sala', 'Sala de Aula', 'advertência', '', '1ª vez', '', '', NULL, 0),
(3623, 'antonio', '3409172 ', 4415, '1758807125', 1, 'Conversas paralelas durante a exposição do conteúdo', 'Sala de Aula', 'advertência', '', '1ª vez', '', '', NULL, 0),
(3624, 'antonio', '2354591 ', 4415, '1758807330', 1, 'Conversas paralelas durante a exposição do conteúdo / Brincadeiras durante a exposição do conteúdo', 'Sala de Aula', 'advertência', '', '1ª vez', '', '', NULL, 0),
(3625, 'antonio', '3218191 ', 4415, '1758807399', 1, 'Conversas paralelas durante a exposição do conteúdo / Brincadeiras durante a exposição do conteúdo', 'Sala de Aula', 'advertência', '', '1ª vez', '', '', NULL, 0),
(3626, 'antonio', '4526555 ', 4415, '1758807566', 1, 'Conversas paralelas durante a exposição do conteúdo / Brincadeiras durante a exposição do conteúdo', 'Sala de Aula', 'advertência', '', '1ª vez', '', '', NULL, 0),
(3627, 'roberto', '4691192 ', 13, '1758818989', 2, 'Ao entrar na sala do 7º D, tendo feita a troca de sala da turma inteira por conta do funcionamento insuficiente do ar condicionado da sala do 9º A, o estudante foi visto riscando a parede da sala. Ele estava escrevendo seu nome quando foi interpelado pela zeladora e pelo professor. Após a repreensão verbal, ele foi encaminhado para a coordenação e retornou à sala.', 'Sala de Aula', 'advertência', '', '1ª vez', '', 'tivemos uma conversa com a mãe que se comprometeu de conversar com o aluno e fazer um acompanhamento sobre seu comportamento.', '1761054322', 0),
(3628, 'antonio', '4170565 ', 4391, '1758882152', 1, 'Comendo salgado na sala', 'Sala de Aula', 'advertência', '', '1ª vez', '', '', NULL, 0),
(3629, 'antonio', '2923218 ', 4391, '1758882628', 1, 'Desobediência com o professor e conversas paralelas com a aluna Eloá', 'Sala de Aula', 'advertência', '', '1ª vez', '', '', NULL, 0),
(3630, 'antonio', '5299001 ', 4391, '1758882679', 1, 'Palavrões na sala de aula / Conversas paralelas durante a exposição do conteúdo / Brincadeiras durante a exposição do conteúdo', 'Sala de Aula', 'advertência', '', '1ª vez', '', '', NULL, 0),
(3631, 'antonio', '2932223 ', 4391, '1758883860', 1, 'Palavrões na hora da aula / Conversas paralelas durante a exposição do conteúdo', 'Sala de Aula', 'advertência', '', '1ª vez', '', '', NULL, 0),
(3632, 'antonio', '3204018 ', 4391, '1758883955', 1, 'Com a aluna Franciely / Conversas paralelas durante a exposição do conteúdo', 'Sala de Aula', 'advertência', '', '1ª vez', '', '', NULL, 0),
(3633, 'antonio', '2921182 ', 4391, '1758884024', 1, 'Conversas paralelas durante a exposição do conteúdo / Não fez nenhuma atividade proposta', 'Sala de Aula', 'advertência', '', '1ª vez', '', '', NULL, 0),
(3634, 'antonio', '3838142 ', 4391, '1758884349', 1, 'Conversas paralelas durante a exposição do conteúdo / Não fez nenhuma atividade proposta', 'Sala de Aula', 'advertência', '', '1ª vez', '', '', NULL, 0),
(3635, 'vinicius', '3484941 ', 4315, '1758885439', 1, 'Deu o dedo do meio para o professor / Falta de respeito com os professores', 'Sala de Aula', 'advertência', '', '1ª vez', '', '', NULL, 0),
(3636, 'david', '4377561 ', 4368, '1758886494', 1, 'Não estão preocupados em responder ou entregar o trabalho bimestral. / Conversas paralelas durante a exposição do conteúdo / Brincadeiras durante a exposição do conteúdo / Não fez nenhuma atividade proposta', 'Sala de Aula', 'advertência', '', '1ª vez', '', '', NULL, 0),
(3637, 'david', '3496674 ', 4368, '1758886494', 1, 'Não estão preocupados em responder ou entregar o trabalho bimestral. / Conversas paralelas durante a exposição do conteúdo / Brincadeiras durante a exposição do conteúdo / Não fez nenhuma atividade proposta', 'Sala de Aula', 'advertência', '', '1ª vez', '', '', NULL, 0),
(3638, 'david', '4026764 ', 4368, '1758886494', 1, 'Não estão preocupados em responder ou entregar o trabalho bimestral. / Conversas paralelas durante a exposição do conteúdo / Brincadeiras durante a exposição do conteúdo / Não fez nenhuma atividade proposta', 'Sala de Aula', 'advertência', '', '1ª vez', '', '', NULL, 0),
(3639, 'david', '3540612 ', 4368, '1758886494', 1, 'Não estão preocupados em responder ou entregar o trabalho bimestral. / Conversas paralelas durante a exposição do conteúdo / Brincadeiras durante a exposição do conteúdo / Não fez nenhuma atividade proposta', 'Sala de Aula', 'advertência', '', '1ª vez', '', '', NULL, 0),
(3640, 'antonio', '3742498 ', 4285, '1758887222', 1, 'Conversas paralelas durante a exposição do conteúdo / Brincadeiras durante a exposição do conteúdo / Não fez nenhuma atividade proposta', 'Sala de Aula', 'advertência', '', '1ª vez', '', '', NULL, 0),
(3641, 'david', '4091936 ', 4354, '1758890347', 1, 'Se recusa a ir pro mapeamento.', 'Sala de Aula', 'advertência', '', '1ª vez', '', '', NULL, 0),
(3642, 'david', '3733428 ', 4354, '1758892682', 1, 'Muita conversa que atrapalha o cumprimento das tarefas em sala. Fica passeando pela sala. / Conversas paralelas durante a exposição do conteúdo / Brincadeiras durante a exposição do conteúdo', 'Sala de Aula', 'advertência', '', '1ª vez', '', '', NULL, 0),
(3643, 'david', '3760790 ', 4354, '1758894457', 1, 'Conversas paralelas durante a exposição do conteúdo / Brincadeiras durante a exposição do conteúdo / Não fez nenhuma atividade proposta', 'Sala de Aula', 'advertência', '', '1ª vez', '', '', NULL, 0),
(3644, 'david', '3502461 ', 4354, '1758894457', 1, 'Conversas paralelas durante a exposição do conteúdo / Brincadeiras durante a exposição do conteúdo / Não fez nenhuma atividade proposta', 'Sala de Aula', 'advertência', '', '1ª vez', '', '', NULL, 0),
(3645, 'david', '4091936 ', 4354, '1758894457', 1, 'Conversas paralelas durante a exposição do conteúdo / Brincadeiras durante a exposição do conteúdo / Não fez nenhuma atividade proposta', 'Sala de Aula', 'advertência', '', '1ª vez', '', '', NULL, 0),
(3646, 'david', '3661116 ', 4354, '1758894457', 1, 'Conversas paralelas durante a exposição do conteúdo / Brincadeiras durante a exposição do conteúdo / Não fez nenhuma atividade proposta', 'Sala de Aula', 'advertência', '', '1ª vez', '', '', NULL, 0),
(3647, 'antonio', '3484941 ', 4327, '1759143054', 1, 'Não fez nenhuma atividade proposta', 'Sala de Aula', 'advertência', '', '1ª vez', '', '', NULL, 0),
(3648, 'antonio', '4690461 ', 4327, '1759143331', 1, 'Não fez nenhuma atividade proposta', 'Sala de Aula', 'advertência', '', '1ª vez', '', '', NULL, 0),
(3649, 'antonio', '3967769 ', 4402, '1759144046', 1, 'Conversas paralelas durante a exposição do conteúdo / Brincadeiras durante a exposição do conteúdo / Falta de respeito com os professores / Comportamento agressivo e cria conflitos com os colegas', 'Sala de Aula', 'advertência', '', '1ª vez', '', '', NULL, 0),
(3650, 'antonio', '3217177 ', 4402, '1759145193', 1, 'Conversas paralelas durante a exposição do conteúdo / Não fez nenhuma atividade proposta', 'Sala de Aula', 'advertência', '', '1ª vez', '', '', NULL, 0),
(3651, 'antonio', '2953250 ', 4402, '1759145314', 1, 'Conversas paralelas durante a exposição do conteúdo / Não fez nenhuma atividade proposta', 'Sala de Aula', 'advertência', '', '1ª vez', '', '', NULL, 0);
INSERT INTO `ocorrencia` (`id`, `id_prof`, `id_aln`, `id_oferta`, `dat`, `status`, `descr_o`, `local`, `atitude`, `outra_a`, `comportamento`, `medidas`, `encaminhamento`, `recebidoem`, `sync`) VALUES
(3652, 'antonio', '3968487 ', 4402, '1759145769', 1, 'Conversas paralelas durante a exposição do conteúdo / Não fez nenhuma atividade proposta', 'Sala de Aula', 'advertência', '', '1ª vez', '', '', NULL, 0),
(3653, 'vinicius', '3409172 ', 4414, '1759315455', 1, 'Conversas paralelas durante a exposição do conteúdo / Brincadeiras durante a exposição do conteúdo', 'Sala de Aula', 'advertência', '', '1ª vez', '', '', NULL, 0),
(3654, 'vinicius', '4526555 ', 4414, '1759315455', 1, 'Conversas paralelas durante a exposição do conteúdo / Brincadeiras durante a exposição do conteúdo', 'Sala de Aula', 'advertência', '', '1ª vez', '', '', NULL, 0),
(3655, 'antonio', '3509253 ', 4369, '1759318257', 1, 'Falou palavrões com o professor / Conversas paralelas durante a exposição do conteúdo / Brincadeiras durante a exposição do conteúdo / Não fez nenhuma atividade proposta / Indisciplinado em sala de aula', 'Sala de Aula', 'advertência', '', '1ª vez', '', '', NULL, 0),
(3656, 'antonio', '2953217 ', 4369, '1759319040', 1, 'Jogando papel nos colegas / Conversas paralelas durante a exposição do conteúdo / Brincadeiras durante a exposição do conteúdo', 'Sala de Aula', 'advertência', '', '1ª vez', '', '', NULL, 0),
(3657, 'karine', '3525018 ', 4389, '1759324990', 1, 'Não fez nenhuma atividade proposta', 'Sala de Aula', 'advertência', '', '1ª vez', '', '', NULL, 0),
(3658, 'marcilio', '3498979 ', 4312, '1759330000', 1, 'Mau comportamento / Indisciplinado em sala de aula', 'Sala de Aula', 'advertência', '', '1ª vez', '', '', NULL, 0),
(3659, 'roberto', '2953250 ', 15, '1759338580', 1, 'Sujou outro estudante com tinta de caneta. / Brincadeiras durante a exposição do conteúdo', 'Sala de Aula', 'advertência', '', '1ª vez', '', '', NULL, 0),
(3660, 'roberto', '3218191 ', 16, '1759343815', 1, 'Não retornou para a sala após o fim do intervalo, fazendo isso 20 minutos depois.', 'Sala de Aula', 'advertência', '', '1ª vez', '', '', NULL, 0),
(3661, 'roberto', '3409172 ', 16, '1759343951', 1, 'Saiu de sala  sem autorização.', 'Sala de Aula', 'advertência', '', '1ª vez', '', '', NULL, 0),
(3662, 'roberto', '3409172 ', 16, '1759345486', 1, 'Palavrão em sala de aula. / Falta de respeito com os colegas', 'Sala de Aula', 'advertência', '', '1ª vez', '', '', NULL, 0),
(3663, 'roberto', '4526555 ', 16, '1759345487', 1, 'Palavrão em sala de aula. / Falta de respeito com os colegas', 'Sala de Aula', 'advertência', '', '1ª vez', '', '', NULL, 0),
(3664, 'roberto', '2917415 ', 16, '1759345487', 1, 'Palavrão em sala de aula. / Falta de respeito com os colegas', 'Sala de Aula', 'advertência', '', '1ª vez', '', '', NULL, 0),
(3665, 'vinicius', '3523286 ', 4382, '1759346286', 1, 'Mau comportamento', 'Sala de Aula', 'advertência', '', '1ª vez', '', '', NULL, 0),
(3666, 'vinicius', '2932223 ', 4382, '1759346286', 1, 'Mau comportamento', 'Sala de Aula', 'advertência', '', '1ª vez', '', '', NULL, 0),
(3667, 'vinicius', '2921182 ', 4382, '1759346874', 1, 'Não obedeceu às ordens do professor / Indisciplinado em sala de aula', 'Sala de Aula', 'advertência', '', '1ª vez', '', '', NULL, 0),
(3668, 'vinicius', '3485868 ', 4382, '1759346990', 1, 'Indisciplinado em sala de aula', 'Sala de Aula', 'advertência', '', '1ª vez', '', '', NULL, 0),
(3669, 'vinicius', '3485868 ', 4382, '1759348072', 1, 'Falando palavrão em sala de aula / Indisciplinado em sala de aula', 'Sala de Aula', 'advertência', '', 'Reincidente (frequente)', '', '', NULL, 0),
(3670, 'david', '4026911 ', 4368, '1759489057', 1, 'Terminaram a prova de historia em  poucos minutos e ficaram atrapalhando com barulho e conversas mesmo depois de advertido varias vezes. / Mau comportamento', 'Sala de Aula', 'advertência', '', '1ª vez', '', '', NULL, 0),
(3671, 'david', '4377561 ', 4368, '1759489058', 1, 'Terminaram a prova de historia em  poucos minutos e ficaram atrapalhando com barulho e conversas mesmo depois de advertido varias vezes. / Mau comportamento', 'Sala de Aula', 'advertência', '', '1ª vez', '', '', NULL, 0),
(3672, 'david', '2953217 ', 4368, '1759489058', 1, 'Terminaram a prova de historia em  poucos minutos e ficaram atrapalhando com barulho e conversas mesmo depois de advertido varias vezes. / Mau comportamento', 'Sala de Aula', 'advertência', '', '1ª vez', '', '', NULL, 0),
(3673, 'david', '2935149 ', 4368, '1759489058', 1, 'Terminaram a prova de historia em  poucos minutos e ficaram atrapalhando com barulho e conversas mesmo depois de advertido varias vezes. / Mau comportamento', 'Sala de Aula', 'advertência', '', '1ª vez', '', '', NULL, 0),
(3674, 'david', '4026764 ', 4368, '1759489058', 1, 'Terminaram a prova de historia em  poucos minutos e ficaram atrapalhando com barulho e conversas mesmo depois de advertido varias vezes. / Mau comportamento', 'Sala de Aula', 'advertência', '', '1ª vez', '', '', NULL, 0),
(3675, 'antonio', '2921182 ', 4391, '1759489179', 1, 'Palavrões na hora da prova / Conversas paralelas durante a exposição do conteúdo / Mau comportamento', 'Sala de Aula', 'advertência', '', '1ª vez', '', '', NULL, 0),
(3676, 'david', '3791710 ', 4368, '1759491994', 1, 'Não trouxe o livro didático.', 'Sala de Aula', 'advertência', '', '1ª vez', '', '', NULL, 0),
(3677, 'david', '3925049 ', 4368, '1759491994', 1, 'Não trouxe o livro didático.', 'Sala de Aula', 'advertência', '', '1ª vez', '', '', NULL, 0),
(3678, 'david', '4170255 ', 4368, '1759491994', 1, 'Não trouxe o livro didático.', 'Sala de Aula', 'advertência', '', '1ª vez', '', '', NULL, 0),
(3679, 'david', '4377561 ', 4368, '1759491994', 1, 'Não trouxe o livro didático.', 'Sala de Aula', 'advertência', '', '1ª vez', '', '', NULL, 0),
(3680, 'david', '3602952 ', 4368, '1759491994', 1, 'Não trouxe o livro didático.', 'Sala de Aula', 'advertência', '', '1ª vez', '', '', NULL, 0),
(3681, 'david', '2953217 ', 4368, '1759491995', 1, 'Não trouxe o livro didático.', 'Sala de Aula', 'advertência', '', '1ª vez', '', '', NULL, 0),
(3682, 'david', '3500958 ', 4368, '1759491995', 1, 'Não trouxe o livro didático.', 'Sala de Aula', 'advertência', '', '1ª vez', '', '', NULL, 0),
(3683, 'david', '3505638 ', 4368, '1759491995', 2, 'Não trouxe o livro didático.', 'Sala de Aula', 'advertência', '', '1ª vez', '', 'Foi conversado com o pai do aluno na escola. O pai firmou compromisso com o núcleo gestor sobre conversar com o filho de forma mais rígida e relatou que não convive diretamente com filho e que mora em cidade diferente e que pretende levá-lo para morar com ele.', '1760449364', 0),
(3684, 'david', '3502748 ', 4368, '1759491995', 1, 'Não trouxe o livro didático.', 'Sala de Aula', 'advertência', '', '1ª vez', '', '', NULL, 0),
(3685, 'david', '3496674 ', 4368, '1759491995', 1, 'Não trouxe o livro didático.', 'Sala de Aula', 'advertência', '', '1ª vez', '', '', NULL, 0),
(3686, 'david', '2935149 ', 4368, '1759491995', 1, 'Não trouxe o livro didático.', 'Sala de Aula', 'advertência', '', '1ª vez', '', '', NULL, 0),
(3687, 'david', '4026764 ', 4368, '1759491995', 1, 'Não trouxe o livro didático.', 'Sala de Aula', 'advertência', '', '1ª vez', '', '', NULL, 0),
(3688, 'david', '3509253 ', 4368, '1759491995', 1, 'Não trouxe o livro didático.', 'Sala de Aula', 'advertência', '', '1ª vez', '', '', NULL, 0),
(3689, 'david', '3474870 ', 4368, '1759491995', 1, 'Não trouxe o livro didático.', 'Sala de Aula', 'advertência', '', '1ª vez', '', '', NULL, 0),
(3690, 'david', '3502519 ', 4368, '1759491995', 1, 'Não trouxe o livro didático.', 'Sala de Aula', 'advertência', '', '1ª vez', '', '', NULL, 0),
(3691, 'yana', '5378282 ', 4331, '1759495479', 1, 'Jogou a chinela direção ao quadro e pegou na professora. / Mau comportamento', 'Sala de Aula', 'advertência', '', '1ª vez', '', '', NULL, 0),
(3693, 'yana', '3237622 ', 4331, '1759496237', 1, 'Saiu de sala sem permissão / Quer sair várias vezes da sala(beber água, ir ao banheiro)', 'Sala de Aula', 'advertência', '', '1ª vez', '', '', NULL, 0),
(3694, 'livia', '3217177 ', 4394, '1759496995', 1, 'Saiu de sala sem permissão', 'Sala de Aula', 'advertência', '', '1ª vez', '', '', NULL, 0),
(3695, 'david', '3502461 ', 4354, '1759499891', 1, 'As alunas Maria Clara e Maria de Lourdes foram acusadas pela aluna Mariany de estarem usando dois celulares durante a aula. Os celulares não foram visto, provavelmente foram bem escondidos, pois um segundo aluno confirmou, em particular, que viu também os dois celulares. / Conversas paralelas durante a exposição do conteúdo / Brincadeiras durante a exposição do conteúdo / Não fez nenhuma atividade proposta / Não trouxe o material didático', 'Sala de Aula', 'advertência', '', '1ª vez', '', '', NULL, 0),
(3696, 'david', '4091936 ', 4354, '1759499891', 1, 'As alunas Maria Clara e Maria de Lourdes foram acusadas pela aluna Mariany de estarem usando dois celulares durante a aula. Os celulares não foram visto, provavelmente foram bem escondidos, pois um segundo aluno confirmou, em particular, que viu também os dois celulares.', 'Sala de Aula', 'advertência', '', '1ª vez', '', '', NULL, 0),
(3697, 'david', '3032446 ', 4354, '1759499891', 1, 'As alunas Maria Clara e Maria de Lourdes foram acusadas pela aluna Mariany de estarem usando dois celulares durante a aula. Os celulares não foram visto, provavelmente foram bem escondidos, pois um segundo aluno confirmou, em particular, que viu também os dois celulares. / Conversas paralelas durante a exposição do conteúdo / Não fez nenhuma atividade proposta / Não trouxe o material didático', 'Sala de Aula', 'advertência', '', '1ª vez', '', '', NULL, 0),
(3699, 'david', '4091936 ', 4354, '1759500107', 1, 'A aluna proferiu palavrões e partiu com muita agressividade contra a aluna Mariany pois queria bater nela. Não o fez porque foi impedida pelo professor. / Conversas paralelas durante a exposição do conteúdo / Falta de respeito com os colegas / Falta de respeito com os professores / Não fez nenhuma atividade proposta / Saiu de sala sem permissão / Mau comportamento / Indisciplinado em sala de aula / Comportamento agressivo e cria conflitos com os colegas', 'Sala de Aula', 'advertência', '', '1ª vez', '', '', NULL, 0),
(3700, 'karine', '2356558 ', 4412, '1759512644', 1, 'Desobediente / Conversas paralelas durante a exposição do conteúdo / Falta de respeito com os professores / Não fez nenhuma atividade proposta', 'Sala de Aula', 'advertência', '', '1ª vez', '', '', NULL, 0),
(3701, 'antonio', '2579119 ', 4402, '1759750927', 1, 'Conversas paralelas durante a exposição do conteúdo / Não fez nenhuma atividade proposta', 'Sala de Aula', 'advertência', '', '1ª vez', '', '', NULL, 0),
(3702, 'antonio', '3968487 ', 4402, '1759751077', 1, 'Conversas paralelas durante a exposição do conteúdo / Brincadeiras durante a exposição do conteúdo / Mau comportamento / Indisciplinado em sala de aula', 'Sala de Aula', 'advertência', '', '1ª vez', '', '', NULL, 0),
(3703, 'antonio', '3217177 ', 4402, '1759751202', 1, 'Conversas paralelas durante a exposição do conteúdo / Brincadeiras durante a exposição do conteúdo / Não fez nenhuma atividade proposta', 'Sala de Aula', 'advertência', '', '1ª vez', '', '', NULL, 0),
(3704, 'yana', '2953250 ', 4403, '1759769417', 1, 'Todas aulas se recusaram a fazer a atividade / Conversas paralelas durante a exposição do conteúdo / Brincadeiras durante a exposição do conteúdo / Não fez nenhuma atividade proposta / Mau comportamento', 'Sala de Aula', 'advertência', '', '1ª vez', '', '', NULL, 0),
(3705, 'yana', '2952867 ', 4403, '1759769417', 1, 'Todas aulas se recusaram a fazer a atividade / Conversas paralelas durante a exposição do conteúdo / Brincadeiras durante a exposição do conteúdo / Não fez nenhuma atividade proposta / Mau comportamento', 'Sala de Aula', 'advertência', '', '1ª vez', '', '', NULL, 0),
(3706, 'yana', '3217177 ', 4403, '1759769417', 1, 'Todas aulas se recusaram a fazer a atividade / Conversas paralelas durante a exposição do conteúdo / Brincadeiras durante a exposição do conteúdo / Não fez nenhuma atividade proposta / Mau comportamento', 'Sala de Aula', 'advertência', '', '1ª vez', '', '', NULL, 0),
(3707, 'yana', '2926863 ', 4403, '1759769417', 1, 'Todas aulas se recusaram a fazer a atividade / Conversas paralelas durante a exposição do conteúdo / Brincadeiras durante a exposição do conteúdo / Não fez nenhuma atividade proposta / Mau comportamento', 'Sala de Aula', 'advertência', '', '1ª vez', '', '', NULL, 0),
(3708, 'yana', '2579119 ', 4403, '1759769417', 1, 'Todas aulas se recusaram a fazer a atividade / Conversas paralelas durante a exposição do conteúdo / Brincadeiras durante a exposição do conteúdo / Não fez nenhuma atividade proposta / Mau comportamento', 'Sala de Aula', 'advertência', '', '1ª vez', '', '', NULL, 0),
(3709, 'yana', '3968487 ', 4403, '1759769417', 1, 'Todas aulas se recusaram a fazer a atividade / Conversas paralelas durante a exposição do conteúdo / Brincadeiras durante a exposição do conteúdo / Não fez nenhuma atividade proposta / Mau comportamento', 'Sala de Aula', 'advertência', '', '1ª vez', '', '', NULL, 0),
(3710, 'daniely', '4690461 ', 4432, '1759774068', 1, 'Durante minha aula do dia 06/10/2025 os alunos Rayner e Ícaro Gabriel ficaram conversando enquanto eu estava expondo e explicando o conteúdo, além de conversar ficaram saindo do mapeamento. Reclamei e pedir que parassem várias vezes até ponto de perceber que o comportamento dos dois estava atrapalhando eles mesmo em copiar a atividade no tempo certo e encaminhei os dois para a direção. / Conversas paralelas durante a exposição do conteúdo / Brincadeiras durante a exposição do conteúdo / Falta de respeito com os professores / Indisciplinado em sala de aula', 'Sala de Aula', 'advertência', '', '1ª vez', '', '', NULL, 0),
(3711, 'daniely', '4523839 ', 4432, '1759774068', 1, 'Durante minha aula do dia 06/10/2025 os alunos Rayner e Ícaro Gabriel ficaram conversando enquanto eu estava expondo e explicando o conteúdo, além de conversar ficaram saindo do mapeamento. Reclamei e pedir que parassem várias vezes até ponto de perceber que o comportamento dos dois estava atrapalhando eles mesmo em copiar a atividade no tempo certo e encaminhei os dois para a direção. / Conversas paralelas durante a exposição do conteúdo / Brincadeiras durante a exposição do conteúdo / Falta de respeito com os professores / Indisciplinado em sala de aula', 'Sala de Aula', 'advertência', '', '1ª vez', '', '', NULL, 0),
(3712, 'livia', '2952817 ', 4383, '1759844464', 1, 'Saiu de sala sem permissão', 'Sala de Aula', 'advertência', '', '1ª vez', '', '', NULL, 0),
(3713, 'livia', '2932223 ', 4383, '1759844736', 1, 'Brincadeiras durante a exposição do conteúdo / Saiu de sala sem permissão', 'Sala de Aula', 'advertência', '', '1ª vez', '', '', NULL, 0),
(3714, 'livia', '3523286 ', 4383, '1759844803', 1, 'Saiu de sala sem permissão / Mau comportamento', 'Sala de Aula', 'advertência', '', '1ª vez', '', '', NULL, 0),
(3715, 'gestor', '2931843 ', 12, '1759853231', 1, 'embarcou a bola, falta de respeito com a diretora da escola / Falta de respeito com os professores / Mau comportamento / Comportamento agressivo e cria conflitos com os colegas', 'Pátio da Escola', 'advertência', '', 'Reincidente (pouco frequente)', 'conversa com os pais', '', NULL, 0),
(3716, 'marcos', '4691192 ', 4, '1759854160', 2, 'Brincadeiras inadequadas durante a aula', 'Sala de Aula', 'advertência', '', '1ª vez', '', 'tivemos uma conversa com a mãe que se comprometeu de conversar com o aluno e fazer um acompanhamento sobre seu comportamento.', '1761054322', 0),
(3717, 'marcos', '3921771 ', 4, '1759854160', 1, 'Brincadeiras inadequadas durante a aula', 'Sala de Aula', 'advertência', '', '1ª vez', '', '', NULL, 0),
(3718, 'vinicius', '3500342 ', 4414, '1759855030', 1, 'Mandou o professor calar a boca / Falta de respeito com os professores', 'Sala de Aula', 'advertência', '', '1ª vez', '', '', NULL, 0),
(3719, 'vinicius', '3409172 ', 4414, '1759855129', 1, 'Não fez nenhuma atividade proposta', 'Sala de Aula', 'advertência', '', 'Reincidente (frequente)', '', '', NULL, 0),
(3720, 'Daniele', '3505638 ', 4363, '1759857519', 2, 'Conversas paralelas durante a exposição do conteúdo / Brincadeiras durante a exposição do conteúdo / Não fez nenhuma atividade proposta / Mau comportamento / Indisciplinado em sala de aula', 'Sala de Aula', 'advertência', '', '1ª vez', '', 'Foi conversado com o pai do aluno na escola. O pai firmou compromisso com o núcleo gestor sobre conversar com o filho de forma mais rígida e relatou que não convive diretamente com filho e que mora em cidade diferente e que pretende levá-lo para morar com ele.', '1760449233', 0),
(3721, 'marcos', '4691192 ', 4, '1759857644', 2, 'Não fez nenhuma atividade proposta', 'Sala de Aula', 'advertência', '', '1ª vez', '', 'tivemos uma conversa com a mãe que se comprometeu de conversar com o aluno e fazer um acompanhamento sobre seu comportamento.', '1761054322', 0),
(3722, 'marcos', '3921771 ', 4, '1759857644', 1, 'Não fez nenhuma atividade proposta', 'Sala de Aula', 'advertência', '', '1ª vez', '', '', NULL, 0),
(3723, 'marcos', '3523212 ', 4, '1759857644', 1, 'Não fez nenhuma atividade proposta', 'Sala de Aula', 'advertência', '', '1ª vez', '', '', NULL, 0),
(3724, 'marcos', '3217386 ', 4, '1759857644', 1, 'Não fez nenhuma atividade proposta', 'Sala de Aula', 'advertência', '', '1ª vez', '', '', NULL, 0),
(3725, 'marcos', '5377865 ', 4, '1759857644', 1, 'Não fez nenhuma atividade proposta', 'Sala de Aula', 'advertência', '', '1ª vez', '', '', NULL, 0),
(3726, 'marcos', '3483135 ', 4, '1759857644', 1, 'Não fez nenhuma atividade proposta', 'Sala de Aula', 'advertência', '', '1ª vez', '', '', NULL, 0),
(3727, 'marcos', '2921163 ', 4, '1759857645', 1, 'Não fez nenhuma atividade proposta', 'Sala de Aula', 'advertência', '', '1ª vez', '', '', NULL, 0),
(3728, 'yana', '4690461 ', 4446, '1759857771', 1, 'Ficou conversando alto durante a avaliação de ciências / Falta de respeito com os colegas', 'Sala de Aula', 'advertência', '', '1ª vez', '', '', NULL, 0),
(3729, 'yana', '3484941 ', 4446, '1759857870', 1, 'Ficou conversando alto durante a avaliação e tirando a concentração dos alunos / Falta de respeito com os colegas', 'Sala de Aula', 'advertência', '', '1ª vez', '', '', NULL, 0),
(3730, 'yana', '3483153 ', 4446, '1759858421', 1, 'Estava conversando alto e comendo durante a avaliação de ciências . Pediu pra escrever nome correto na hora da ocorrência em tom de “deboche”. / Falta de respeito com os colegas', 'Sala de Aula', 'advertência', '', '1ª vez', '', '', NULL, 0),
(3731, 'daniele', '4691192 ', 4376, '1759864017', 2, 'Conversas paralelas durante a exposição do conteúdo / Brincadeiras durante a exposição do conteúdo / Não fez nenhuma atividade proposta / Mau comportamento / Indisciplinado em sala de aula', 'Sala de Aula', 'advertência', '', '1ª vez', '', 'tivemos uma conversa com a mãe que se comprometeu de conversar com o aluno e fazer um acompanhamento sobre seu comportamento.', '1761054322', 0),
(3732, 'daniele', '3921771 ', 4376, '1759864098', 1, 'Conversas paralelas durante a exposição do conteúdo / Brincadeiras durante a exposição do conteúdo / Não fez nenhuma atividade proposta / Mau comportamento / Indisciplinado em sala de aula', 'Sala de Aula', 'advertência', '', '1ª vez', '', '', NULL, 0),
(3733, 'daniele', '3483135 ', 4376, '1759864142', 1, 'Conversas paralelas durante a exposição do conteúdo / Brincadeiras durante a exposição do conteúdo / Não fez nenhuma atividade proposta / Mau comportamento / Indisciplinado em sala de aula', 'Sala de Aula', 'advertência', '', '1ª vez', '', '', NULL, 0),
(3734, 'daniele', '2921163 ', 4376, '1759864177', 1, 'Conversas paralelas durante a exposição do conteúdo / Brincadeiras durante a exposição do conteúdo / Não fez nenhuma atividade proposta / Mau comportamento / Indisciplinado em sala de aula', 'Sala de Aula', 'advertência', '', '1ª vez', '', '', NULL, 0),
(3735, 'vinicius', '3967769 ', 9, '1759866323', 1, 'Brincadeiras durante a exposição do conteúdo', 'Sala de Aula', 'advertência', '', '1ª vez', '', '', NULL, 0),
(3736, 'vinicius', '2935140 ', 9, '1759866323', 1, 'Brincadeiras durante a exposição do conteúdo', 'Sala de Aula', 'advertência', '', '1ª vez', '', '', NULL, 0),
(3737, 'vinicius', '4691626 ', 9, '1759866323', 1, 'Brincadeiras durante a exposição do conteúdo', 'Sala de Aula', 'advertência', '', '1ª vez', '', '', NULL, 0),
(3738, 'gestor', '3500421 ', 4417, '1760010586', 1, 'Indisciplinado em sala de aula', 'Sala de Aula', 'advertência', '', '1ª vez', '', '', NULL, 0),
(3739, 'vinicius', '3486843 ', 4315, '1760014984', 1, 'Falando palavrão dentro de sala', 'Sala de Aula', 'advertência', '', '1ª vez', '', '', NULL, 0),
(3740, 'antonio', '3495816 ', 4415, '1760016124', 1, 'Chutou a carteira na hora da exposição da aula / Conversas paralelas durante a exposição do conteúdo / Brincadeiras durante a exposição do conteúdo / Falta de respeito com os colegas / Não fez nenhuma atividade proposta / Mau comportamento / Indisciplinado em sala de aula / Quer sair várias vezes da sala(beber água, ir ao banheiro) / Comportamento agressivo e cria conflitos com os colegas', 'Sala de Aula', 'advertência', '', '1ª vez', '', '', NULL, 0),
(3741, 'antonio', '3500342 ', 4415, '1760017037', 1, 'Não fez nenhuma atividade proposta', 'Sala de Aula', 'advertência', '', '1ª vez', '', '', NULL, 0),
(3742, 'antonio', '3409172 ', 4415, '1760017037', 1, 'Não fez nenhuma atividade proposta', 'Sala de Aula', 'advertência', '', '1ª vez', '', '', NULL, 0),
(3743, 'antonio', '2935171 ', 4415, '1760017037', 1, 'Não fez nenhuma atividade proposta', 'Sala de Aula', 'advertência', '', '1ª vez', '', '', NULL, 0),
(3744, 'antonio', '2354591 ', 4415, '1760018065', 1, 'Batendo forte nas carteiras na hora da aula / Brincadeiras durante a exposição do conteúdo / Falta de respeito com os professores / Não fez nenhuma atividade proposta / Mau comportamento / Indisciplinado em sala de aula', 'Sala de Aula', 'advertência', '', '1ª vez', '', '', NULL, 0),
(3745, 'roberto', '3921771 ', 13, '1760030178', 1, 'Jogou objetos nas meninas.', 'Sala de Aula', 'advertência', '', '1ª vez', '', '', NULL, 0),
(3746, 'elizane ', '2926863 ', 4392, '1760039610', 1, 'Trocou \"tapas\" com o colega Pietro em sala de aula.', 'Sala de Aula', 'advertência', '', '1ª vez', '', '', NULL, 0),
(3747, 'elizane ', '4600403 ', 4392, '1760039611', 1, 'Trocou \"tapas\" com com o colega Francisco da Costa.', 'Sala de Aula', 'advertência', '', '1ª vez', '', '', NULL, 0),
(3748, 'david', '4026764 ', 4368, '1760096627', 1, 'O aluno nao leu a Avaliação continua da aprendizagem de português, ficou inquieto o tempo todo, tentando puxar conversa com quem estava fazendo a prova. As várias reclamações do professor não adiantaram. O aluno insiste nesse comportamento em todas as aulas. / Indisciplinado em sala de aula', 'Sala de Aula', 'advertência', '', '1ª vez', '', '', NULL, 0),
(3749, 'marcos', '3921771 ', 4, '1760096908', 1, 'Brincadeiras inadequadas durante aplicação da avaliação', 'Sala de Aula', 'advertência', '', '1ª vez', '', '', NULL, 0),
(3750, 'marcos', '5377865 ', 4, '1760096908', 1, 'Brincadeiras inadequadas durante aplicação da avaliação', 'Sala de Aula', 'advertência', '', '1ª vez', '', '', NULL, 0),
(3751, 'roberto', '3604539 ', 14, '1760099481', 1, 'Estava brincando com outro estudante no chão durante a aula e ele disse que era uma arte marcial.', 'Sala de Aula', 'advertência', '', '1ª vez', '', '', NULL, 0),
(3752, 'roberto', '2356194 ', 14, '1760099481', 1, 'Estava brincando com outro estudante no chão durante a aula e ele disse que era uma arte marcial.', 'Sala de Aula', 'advertência', '', '1ª vez', '', '', NULL, 0),
(3753, 'david', '3964632 ', 4354, '1760099492', 1, 'O aluno anda pelo sala de forma descontrolada. De cadeira em cadeira ele mexe com seus colegas atrapalhando o andamento da aula. De forma recorrente ele repete o comportamento indesejado e as reclamações do professor não o faz parar. / Conversas paralelas durante a exposição do conteúdo / Brincadeiras durante a exposição do conteúdo / Não fez nenhuma atividade proposta / Indisciplinado em sala de aula', 'Sala de Aula', 'advertência', '', '1ª vez', '', '', NULL, 0),
(3754, 'david', '4091936 ', 4354, '1760100348', 1, 'Se recua a ir para o mapeamento.', 'Sala de Aula', 'advertência', '', '1ª vez', '', '', NULL, 0),
(3755, 'david', '3486164 ', 4354, '1760100574', 1, 'Não trouxe o livro ou caderno. Andando pela sala. / Conversas paralelas durante a exposição do conteúdo / Brincadeiras durante a exposição do conteúdo / Não fez nenhuma atividade proposta / Não trouxe o material didático', 'Sala de Aula', 'advertência', '', '1ª vez', '', '', NULL, 0),
(3757, 'antonio', '3811056 ', 4299, '1760100963', 1, 'Palavrões na hora da exposição da aula', 'Sala de Aula', 'advertência', '', '1ª vez', '', '', NULL, 0),
(3758, 'david', '3486983 ', 4354, '1760103764', 1, 'Conversas paralelas durante a exposição do conteúdo / Brincadeiras durante a exposição do conteúdo / Não fez nenhuma atividade proposta / Mau comportamento / Não trouxe o material didático / Indisciplinado em sala de aula', 'Sala de Aula', 'advertência', '', '1ª vez', '', '', NULL, 0),
(3759, 'david', '4091936 ', 4354, '1760103764', 1, 'Conversas paralelas durante a exposição do conteúdo / Brincadeiras durante a exposição do conteúdo / Não fez nenhuma atividade proposta / Mau comportamento / Não trouxe o material didático / Indisciplinado em sala de aula', 'Sala de Aula', 'advertência', '', '1ª vez', '', '', NULL, 0),
(3760, 'david', '3517121 ', 4354, '1760103765', 1, 'Conversas paralelas durante a exposição do conteúdo / Brincadeiras durante a exposição do conteúdo / Não fez nenhuma atividade proposta / Mau comportamento / Não trouxe o material didático / Indisciplinado em sala de aula', 'Sala de Aula', 'advertência', '', '1ª vez', '', '', NULL, 0),
(3761, 'antonio', '3484941 ', 4327, '1760352678', 1, 'Conversas paralelas durante a exposição do conteúdo', 'Sala de Aula', 'advertência', '', '1ª vez', '', '', NULL, 0),
(3762, 'antonio', '4247066 ', 4327, '1760356740', 1, 'Saiu de sala sem permissão', 'Sala de Aula', 'advertência', '', '1ª vez', '', '', NULL, 0),
(3763, 'marcos', '4691192 ', 4, '1760377698', 2, 'Não fez nenhuma atividade proposta', 'Sala de Aula', 'advertência', '', '1ª vez', '', 'tivemos uma conversa com a mãe que se comprometeu de conversar com o aluno e fazer um acompanhamento sobre seu comportamento.', '1761054322', 0),
(3764, 'marcos', '3921771 ', 4, '1760377698', 1, 'Não fez nenhuma atividade proposta', 'Sala de Aula', 'advertência', '', '1ª vez', '', '', NULL, 0),
(3765, 'marcos', '3217622 ', 4, '1760377699', 1, 'Não fez nenhuma atividade proposta', 'Sala de Aula', 'advertência', '', '1ª vez', '', '', NULL, 0),
(3766, 'marcos', '3217659 ', 4, '1760377699', 1, 'Não fez nenhuma atividade proposta', 'Sala de Aula', 'advertência', '', '1ª vez', '', '', NULL, 0),
(3767, 'marcos', '2921163 ', 4, '1760377699', 1, 'Não fez nenhuma atividade proposta', 'Sala de Aula', 'advertência', '', '1ª vez', '', '', NULL, 0),
(3768, 'reginaldo', '3496674 ', 4360, '1760449385', 1, 'Se recusando a fazer atividade, explodiu em sala com palavras de baixo nível, com a menina do grupo', 'Sala de Aula', 'advertência', 'Retirado de sala de aula ', '1ª vez', 'Conversa com os pais', '', NULL, 0),
(3769, 'vinicius', '4850803 ', 9, '1760614997', 1, 'Pegaram e comeram a merenda do Iarlisson', 'Sala de Aula', 'advertência', '', '1ª vez', '', '', NULL, 0),
(3770, 'vinicius', '2579119 ', 9, '1760614997', 1, 'Pegaram e comeram a merenda do Iarlisson', 'Sala de Aula', 'advertência', '', '1ª vez', '', '', NULL, 0),
(3771, 'antonio', '3855247 ', 4313, '1760615219', 1, 'Conversas paralelas durante a exposição do conteúdo / Não fez nenhuma atividade proposta', 'Sala de Aula', 'advertência', '', '1ª vez', '', '', NULL, 0),
(3772, 'antonio', '3813560 ', 4313, '1760615277', 1, 'Conversas paralelas durante a exposição do conteúdo / Brincadeiras durante a exposição do conteúdo / Não fez nenhuma atividade proposta', 'Sala de Aula', 'advertência', '', '1ª vez', '', '', NULL, 0),
(3773, 'antonio', '4304175 ', 4313, '1760615277', 1, 'Conversas paralelas durante a exposição do conteúdo / Brincadeiras durante a exposição do conteúdo / Não fez nenhuma atividade proposta', 'Sala de Aula', 'advertência', '', '1ª vez', '', '', NULL, 0),
(3774, 'david', '3486983 ', 4354, '1760615654', 1, 'Conversas paralelas durante a exposição do conteúdo / Brincadeiras durante a exposição do conteúdo / Não fez nenhuma atividade proposta', 'Sala de Aula', 'advertência', '', '1ª vez', '', '', NULL, 0),
(3775, 'david', '3745161 ', 4354, '1760615654', 1, 'Conversas paralelas durante a exposição do conteúdo / Brincadeiras durante a exposição do conteúdo / Não fez nenhuma atividade proposta', 'Sala de Aula', 'advertência', '', '1ª vez', '', '', NULL, 0),
(3776, 'david', '3964632 ', 4354, '1760615654', 1, 'Conversas paralelas durante a exposição do conteúdo / Brincadeiras durante a exposição do conteúdo / Não fez nenhuma atividade proposta', 'Sala de Aula', 'advertência', '', '1ª vez', '', '', NULL, 0),
(3777, 'david', '3564985 ', 4354, '1760615654', 1, 'Conversas paralelas durante a exposição do conteúdo / Brincadeiras durante a exposição do conteúdo / Não fez nenhuma atividade proposta', 'Sala de Aula', 'advertência', '', '1ª vez', '', '', NULL, 0),
(3778, 'david', '3517121 ', 4354, '1760615655', 1, 'Conversas paralelas durante a exposição do conteúdo / Brincadeiras durante a exposição do conteúdo / Não fez nenhuma atividade proposta', 'Sala de Aula', 'advertência', '', '1ª vez', '', '', NULL, 0),
(3779, 'vinicius', '3483153 ', 4315, '1760620554', 1, 'Falando palavrão em sala de aula', 'Sala de Aula', 'advertência', '', '1ª vez', '', '', NULL, 0),
(3780, 'antonio', '3500342 ', 4415, '1760622042', 1, 'Conversas paralelas durante a exposição do conteúdo / Não fez nenhuma atividade proposta / Quer sair várias vezes da sala(beber água, ir ao banheiro)', 'Sala de Aula', 'advertência', '', '1ª vez', '', '', NULL, 0),
(3781, 'antonio', '3409172 ', 4415, '1760622042', 1, 'Conversas paralelas durante a exposição do conteúdo / Não fez nenhuma atividade proposta / Quer sair várias vezes da sala(beber água, ir ao banheiro)', 'Sala de Aula', 'advertência', '', '1ª vez', '', '', NULL, 0),
(3782, 'antonio', '3495816 ', 4415, '1760622042', 1, 'Conversas paralelas durante a exposição do conteúdo / Não fez nenhuma atividade proposta / Quer sair várias vezes da sala(beber água, ir ao banheiro)', 'Sala de Aula', 'advertência', '', '1ª vez', '', '', NULL, 0),
(3783, 'antonio', '4526555 ', 4415, '1760622042', 1, 'Conversas paralelas durante a exposição do conteúdo / Não fez nenhuma atividade proposta / Quer sair várias vezes da sala(beber água, ir ao banheiro)', 'Sala de Aula', 'advertência', '', '1ª vez', '', '', NULL, 0),
(3784, 'antonio', '3484944 ', 4415, '1760622042', 1, 'Conversas paralelas durante a exposição do conteúdo / Não fez nenhuma atividade proposta / Quer sair várias vezes da sala(beber água, ir ao banheiro)', 'Sala de Aula', 'advertência', '', '1ª vez', '', '', NULL, 0),
(3785, 'antonio', '3523324 ', 4415, '1760622042', 1, 'Conversas paralelas durante a exposição do conteúdo / Não fez nenhuma atividade proposta / Quer sair várias vezes da sala(beber água, ir ao banheiro)', 'Sala de Aula', 'advertência', '', '1ª vez', '', '', NULL, 0),
(3786, 'antonio', '2354591 ', 4415, '1760622528', 1, 'Ao entrar na sala de aula chutou a porta / Conversas paralelas durante a exposição do conteúdo / Brincadeiras durante a exposição do conteúdo / Falta de respeito com os professores / Não fez nenhuma atividade proposta', 'Sala de Aula', 'advertência', '', '1ª vez', '', '', NULL, 0),
(3787, 'elizane ', '3217177 ', 4392, '1760644048', 1, 'Saiu da sala durante a troca de professor e não assistiu aula.', 'Sala de Aula', 'advertência', '', '1ª vez', '', '', NULL, 0),
(3788, 'elizane ', '2926863 ', 4392, '1760644048', 1, 'Saiu da sala durante a troca de professor e não assistiu aula.', 'Sala de Aula', 'advertência', '', '1ª vez', '', '', NULL, 0),
(3789, 'elizane ', '2931843 ', 4392, '1760644048', 1, 'Saiu da sala durante a troca de professor e não assistiu aula.', 'Sala de Aula', 'advertência', '', '1ª vez', '', '', NULL, 0),
(3790, 'marcos', '4691192 ', 4, '1760699468', 2, 'Conversas paralelas durante a exposição do conteúdo / Mau comportamento', 'Sala de Aula', 'advertência', '', '1ª vez', '', 'tivemos uma conversa com a mãe que se comprometeu de conversar com o aluno e fazer um acompanhamento sobre seu comportamento.', '1761054322', 0),
(3791, 'marcos', '3921771 ', 4, '1760699468', 1, 'Conversas paralelas durante a exposição do conteúdo / Mau comportamento', 'Sala de Aula', 'advertência', '', '1ª vez', '', '', NULL, 0),
(3792, 'marcos', '5377865 ', 4, '1760699468', 1, 'Conversas paralelas durante a exposição do conteúdo / Mau comportamento', 'Sala de Aula', 'advertência', '', '1ª vez', '', '', NULL, 0),
(3793, 'marcos', '2921163 ', 4, '1760699468', 1, 'Conversas paralelas durante a exposição do conteúdo / Mau comportamento', 'Sala de Aula', 'advertência', '', '1ª vez', '', '', NULL, 0),
(3794, 'marcos', '4691192 ', 4, '1760701150', 2, 'Saiu para trocar livros e foi para outro espaço', 'Sala de Aula', 'advertência', '', '1ª vez', '', 'tivemos uma conversa com a mãe que se comprometeu de conversar com o aluno e fazer um acompanhamento sobre seu comportamento.', '1761054322', 0),
(3795, 'marcos', '3921771 ', 4, '1760701150', 1, 'Saiu para trocar livros e foi para outro espaço', 'Sala de Aula', 'advertência', '', '1ª vez', '', '', NULL, 0),
(3796, 'marcos', '4691192 ', 4, '1760701486', 2, 'Brincadeiras durante a exposição do conteúdo / Não fez nenhuma atividade proposta', 'Sala de Aula', 'advertência', '', '1ª vez', '', 'tivemos uma conversa com a mãe que se comprometeu de conversar com o aluno e fazer um acompanhamento sobre seu comportamento.', '1761054322', 0),
(3797, 'marcos', '3921771 ', 4, '1760701486', 1, 'Brincadeiras durante a exposição do conteúdo / Não fez nenhuma atividade proposta', 'Sala de Aula', 'advertência', '', '1ª vez', '', '', NULL, 0),
(3798, 'marcos', '5377865 ', 4, '1760701486', 1, 'Brincadeiras durante a exposição do conteúdo / Não fez nenhuma atividade proposta', 'Sala de Aula', 'advertência', '', '1ª vez', '', '', NULL, 0),
(3799, 'marcos', '2921163 ', 4, '1760701486', 1, 'Brincadeiras durante a exposição do conteúdo / Não fez nenhuma atividade proposta', 'Sala de Aula', 'advertência', '', '1ª vez', '', '', NULL, 0),
(3800, 'marcos', '4691192 ', 4, '1760701833', 2, 'Passando corante nos lábios durante a aula', 'Sala de Aula', 'advertência', '', '1ª vez', '', 'tivemos uma conversa com a mãe que se comprometeu de conversar com o aluno e fazer um acompanhamento sobre seu comportamento.', '1761054322', 0),
(3801, 'marcos', '3921771 ', 4, '1760701834', 1, 'Passando corante nos lábios durante a aula', 'Sala de Aula', 'advertência', '', '1ª vez', '', '', NULL, 0),
(3802, 'marcos', '3523212 ', 4, '1760701834', 1, 'Passando corante nos lábios durante a aula', 'Sala de Aula', 'advertência', '', '1ª vez', '', '', NULL, 0),
(3803, 'livia', '2952867 ', 4394, '1760707644', 1, 'O aluno não realiza as atividades propostas em sala de aula, fica com conversas paralelas com os colegas de sala. Além disso, quer sair de sala sem a permissão do professor.', 'Sala de Aula', 'advertência', '', '1ª vez', '', '', NULL, 0),
(3804, 'antonio', '3474838 ', 4341, '1760708050', 1, 'Comendo chilito na hora da aula / Brincadeiras durante a exposição do conteúdo', 'Sala de Aula', 'advertência', '', '1ª vez', '', '', NULL, 0),
(3805, 'antonio', '3486972 ', 4341, '1760708051', 1, 'Comendo chilito na hora da aula / Brincadeiras durante a exposição do conteúdo', 'Sala de Aula', 'advertência', '', '1ª vez', '', '', NULL, 0),
(3806, 'antonio', '5378282 ', 4341, '1760708437', 1, 'Conversas paralelas durante a exposição do conteúdo / Não fez nenhuma atividade proposta / Não trouxe o material didático', 'Sala de Aula', 'advertência', '', '1ª vez', '', '', NULL, 0),
(3807, 'david', '3502242 ', 4354, '1760709116', 1, 'Dormiu as duas aulas e ignorou as reclamações do professor.', 'Sala de Aula', 'advertência', '', '1ª vez', '', '', NULL, 0),
(3808, 'david', '3486983 ', 4354, '1760709201', 1, 'Conversas paralelas durante a exposição do conteúdo / Brincadeiras durante a exposição do conteúdo / Não fez nenhuma atividade proposta', 'Sala de Aula', 'advertência', '', '1ª vez', '', '', NULL, 0),
(3809, 'david', '3760790 ', 4354, '1760709201', 1, 'Conversas paralelas durante a exposição do conteúdo / Brincadeiras durante a exposição do conteúdo / Não fez nenhuma atividade proposta', 'Sala de Aula', 'advertência', '', '1ª vez', '', '', NULL, 0),
(3810, 'david', '3486955 ', 4354, '1760709201', 1, 'Conversas paralelas durante a exposição do conteúdo / Brincadeiras durante a exposição do conteúdo / Não fez nenhuma atividade proposta', 'Sala de Aula', 'advertência', '', '1ª vez', '', '', NULL, 0),
(3811, 'antonio', '2579119 ', 4402, '1760958909', 1, 'Gritarias durante a exposição da aula / Conversas paralelas durante a exposição do conteúdo / Brincadeiras durante a exposição do conteúdo', 'Sala de Aula', 'advertência', '', '1ª vez', '', '', NULL, 0),
(3812, 'antonio', '2953250 ', 4402, '1760960578', 1, 'Conversas paralelas durante a exposição do conteúdo / Brincadeiras durante a exposição do conteúdo / Não fez nenhuma atividade proposta', 'Sala de Aula', 'advertência', '', '1ª vez', '', '', NULL, 0),
(3814, 'antonio', '3968487 ', 4402, '1760960578', 1, 'Conversas paralelas durante a exposição do conteúdo / Brincadeiras durante a exposição do conteúdo / Não fez nenhuma atividade proposta', 'Sala de Aula', 'advertência', '', '1ª vez', '', '', NULL, 0),
(3815, 'marcos', '4691192 ', 4, '1760978702', 1, 'Conversas paralelas durante a exposição do conteúdo / Brincadeiras durante a exposição do conteúdo / Não fez nenhuma atividade proposta', 'Sala de Aula', 'advertência', '', '1ª vez', '', '', NULL, 0),
(3816, 'marcos', '3921771 ', 4, '1760978702', 1, 'Conversas paralelas durante a exposição do conteúdo / Brincadeiras durante a exposição do conteúdo / Não fez nenhuma atividade proposta', 'Sala de Aula', 'advertência', '', '1ª vez', '', '', NULL, 0),
(3817, 'marcos', '3523212 ', 4, '1760978702', 1, 'Conversas paralelas durante a exposição do conteúdo / Brincadeiras durante a exposição do conteúdo / Não fez nenhuma atividade proposta', 'Sala de Aula', 'advertência', '', '1ª vez', '', '', NULL, 0),
(3818, 'marcos', '3483135 ', 4, '1760978702', 1, 'Conversas paralelas durante a exposição do conteúdo / Brincadeiras durante a exposição do conteúdo / Não fez nenhuma atividade proposta', 'Sala de Aula', 'advertência', '', '1ª vez', '', '', NULL, 0),
(3819, 'marcos', '2921163 ', 4, '1760978702', 1, 'Conversas paralelas durante a exposição do conteúdo / Brincadeiras durante a exposição do conteúdo / Não fez nenhuma atividade proposta', 'Sala de Aula', 'advertência', '', '1ª vez', '', '', NULL, 0),
(3820, 'karine ', '4690461 ', 4323, '1761050901', 1, 'Fazendo insinuações sexuais na sala / Falta de respeito com os colegas / Falta de respeito com os professores', 'Sala de Aula', 'advertência', '', '1ª vez', '', '', NULL, 0),
(3821, 'antonio', '4091936 ', 4355, '1761053885', 1, 'Palavrões na sala / Conversas paralelas durante a exposição do conteúdo / Falta de respeito com os colegas / Falta de respeito com os professores / Mau comportamento / Indisciplinado em sala de aula / Comportamento agressivo e cria conflitos com os colegas', 'Sala de Aula', 'advertência', '', '1ª vez', '', '', NULL, 0),
(3822, 'antonio', '3964632 ', 4355, '1761053973', 1, 'Conversas paralelas durante a exposição do conteúdo / Brincadeiras durante a exposição do conteúdo / Não fez nenhuma atividade proposta / Quer sair várias vezes da sala(beber água, ir ao banheiro)', 'Sala de Aula', 'advertência', '', '1ª vez', '', '', NULL, 0),
(3823, 'antonio', '3564985 ', 4355, '1761053974', 1, 'Conversas paralelas durante a exposição do conteúdo / Brincadeiras durante a exposição do conteúdo / Não fez nenhuma atividade proposta / Quer sair várias vezes da sala(beber água, ir ao banheiro)', 'Sala de Aula', 'advertência', '', '1ª vez', '', '', NULL, 0),
(3824, 'antonio', '3032446 ', 4355, '1761054309', 1, 'Conversas paralelas durante a exposição do conteúdo / Mau comportamento', 'Sala de Aula', 'advertência', '', '1ª vez', '', '', NULL, 0),
(3825, 'antonio', '3517121 ', 4355, '1761054765', 1, 'Conversas paralelas durante a exposição do conteúdo / Brincadeiras durante a exposição do conteúdo / Falta de respeito com os colegas / Falta de respeito com os professores / Mau comportamento', 'Sala de Aula', 'advertência', '', '1ª vez', '', '', NULL, 0),
(3826, 'sara', '3581738 ', 4302, '1761068674', 1, 'Fez bullying com a colega falando do corpo dela, no dia 16/10/2025 que aconteceu.. / Bulling', 'Sala de Aula', 'advertência', '', '1ª vez', '', '', NULL, 0),
(3827, 'vinicius', '2935140 ', 9, '1761075916', 1, 'Iago apagou a luz e o Zaqueu tacando manga nos outros', 'Sala de Aula', 'advertência', '', '1ª vez', '', '', NULL, 0),
(3828, 'vinicius', '3036545 ', 9, '1761075916', 1, 'Iago apagou a luz e o Zaqueu tacando manga nos outros', 'Sala de Aula', 'advertência', '', '1ª vez', '', '', NULL, 0),
(3829, 'vinicius', '3500342 ', 4414, '1761132083', 1, 'Saíram de sala sem permissão', 'Sala de Aula', 'advertência', '', '1ª vez', '', '', NULL, 0),
(3830, 'vinicius', '3484944 ', 4414, '1761132083', 1, 'Saíram de sala sem permissão', 'Sala de Aula', 'advertência', '', '1ª vez', '', '', NULL, 0),
(3831, 'antonio', '3742544 ', 4369, '1761133432', 1, 'Conversas paralelas durante a exposição do conteúdo / Brincadeiras durante a exposição do conteúdo / Não fez nenhuma atividade proposta', 'Sala de Aula', 'advertência', '', '1ª vez', '', '', NULL, 0),
(3832, 'Marcilio ', '3799540 ', 4298, '1761135212', 1, 'Brincadeiras durante a exposição do conteúdo / Mau comportamento', 'Sala de Aula', 'advertência', '', '1ª vez', '', '', NULL, 0),
(3833, 'Marcilio ', '3811056 ', 4298, '1761135212', 1, 'Brincadeiras durante a exposição do conteúdo / Mau comportamento', 'Sala de Aula', 'advertência', '', '1ª vez', '', '', NULL, 0),
(3834, 'roberto', '2953250 ', 15, '1761153264', 1, 'Ficaram pelos corredores, comendo manga verde com sal.', 'Sala de Aula', 'advertência', '', '1ª vez', '', '', NULL, 0),
(3835, 'roberto', '3217177 ', 15, '1761153264', 1, 'Ficaram pelos corredores, comendo manga verde com sal.', 'Sala de Aula', 'advertência', '', '1ª vez', '', '', NULL, 0),
(3836, 'roberto', '2953250 ', 15, '1761154649', 1, 'Não fez nenhuma atividade proposta', 'Sala de Aula', 'advertência', '', '1ª vez', '', '', NULL, 0),
(3837, 'roberto', '2952867 ', 15, '1761154649', 1, 'Não fez nenhuma atividade proposta', 'Sala de Aula', 'advertência', '', '1ª vez', '', '', NULL, 0),
(3838, 'roberto', '3217177 ', 15, '1761154649', 1, 'Não fez nenhuma atividade proposta', 'Sala de Aula', 'advertência', '', '1ª vez', '', '', NULL, 0),
(3839, 'roberto', '2935140 ', 15, '1761154649', 1, 'Não fez nenhuma atividade proposta', 'Sala de Aula', 'advertência', '', '1ª vez', '', '', NULL, 0),
(3840, 'roberto', '3523340 ', 15, '1761154649', 1, 'Não fez nenhuma atividade proposta', 'Sala de Aula', 'advertência', '', '1ª vez', '', '', NULL, 0),
(3841, 'roberto', '2931843 ', 15, '1761154649', 1, 'Não fez nenhuma atividade proposta', 'Sala de Aula', 'advertência', '', '1ª vez', '', '', NULL, 0),
(3842, 'roberto', '2579119 ', 15, '1761154649', 1, 'Não fez nenhuma atividade proposta', 'Sala de Aula', 'advertência', '', '1ª vez', '', '', NULL, 0),
(3843, 'roberto', '3968487 ', 15, '1761154649', 1, 'Não fez nenhuma atividade proposta', 'Sala de Aula', 'advertência', '', '1ª vez', '', '', NULL, 0),
(3844, 'roberto', '3409172 ', 16, '1761162554', 1, 'Não fez nenhuma atividade proposta', 'Sala de Aula', 'advertência', '', '1ª vez', '', '', NULL, 0),
(3845, 'roberto', '3495816 ', 16, '1761162554', 1, 'Não fez nenhuma atividade proposta', 'Sala de Aula', 'advertência', '', '1ª vez', '', '', NULL, 0),
(3846, 'roberto', '4526555 ', 16, '1761162555', 1, 'Não fez nenhuma atividade proposta', 'Sala de Aula', 'advertência', '', '1ª vez', '', '', NULL, 0),
(3847, 'roberto', '2935171 ', 16, '1761162555', 1, 'Não fez nenhuma atividade proposta', 'Sala de Aula', 'advertência', '', '1ª vez', '', '', NULL, 0),
(3848, 'roberto', '3218191 ', 16, '1761162555', 1, 'Não fez nenhuma atividade proposta', 'Sala de Aula', 'advertência', '', '1ª vez', '', '', NULL, 0),
(3849, 'roberto', '2932671 ', 16, '1761162555', 1, 'Não fez nenhuma atividade proposta', 'Sala de Aula', 'advertência', '', '1ª vez', '', '', NULL, 0),
(3850, 'david', '3964632 ', 4354, '1761217563', 1, 'Não fica no mapeamento insistentemente troca de lugar o tempo todo. / Conversas paralelas durante a exposição do conteúdo / Brincadeiras durante a exposição do conteúdo / Não fez nenhuma atividade proposta / Mau comportamento', 'Sala de Aula', 'advertência', '', '1ª vez', '', '', NULL, 0),
(3851, 'daniely', '4377561 ', 4435, '1761221181', 1, 'Os dois alunos ficaram todo tempo da aula um implicando com o outro, se batendo e no final da aula assim que o sino tocou se agrediram com mais agressividade. / Comportamento agressivo e cria conflitos com os colegas', 'Sala de Aula', 'advertência', '', '1ª vez', '', '', NULL, 0),
(3852, 'daniely', '2953217 ', 4435, '1761221181', 1, 'Os dois alunos ficaram todo tempo da aula um implicando com o outro, se batendo e no final da aula assim que o sino tocou se agrediram com mais agressividade. / Comportamento agressivo e cria conflitos com os colegas', 'Sala de Aula', 'advertência', '', '1ª vez', '', '', NULL, 0),
(3853, 'erik', '3218191 ', 4405, '1761225626', 1, 'Ocorreu no dia 06/10/2025 / Falta de respeito com os professores / Não fez nenhuma atividade proposta / Mau comportamento / Indisciplinado em sala de aula', 'Sala de Aula', 'advertência', '', '1ª vez', '', '', NULL, 0),
(3854, 'erik', '3485868 ', 8, '1761225917', 1, 'Conversas paralelas durante a exposição do conteúdo / Brincadeiras durante a exposição do conteúdo / Falta de respeito com os professores / Não fez nenhuma atividade proposta / Mau comportamento / Não trouxe o material didático / Indisciplinado em sala de aula', 'Sala de Aula', 'advertência', '', 'Reincidente (frequente)', '', '', NULL, 0),
(3855, 'erik', '4170565 ', 8, '1761225980', 1, 'Ocorrido dia 20/10/2025 / Falta de respeito com os professores / Saiu de sala sem permissão', 'Sala de Aula', 'advertência', '', '1ª vez', '', '', NULL, 0),
(3856, 'vinicius', '3791916 ', 4315, '1761226745', 1, 'Agredindo o colega', 'Sala de Aula', 'advertência', '', '1ª vez', '', '', NULL, 0),
(3857, 'vinicius', '3502775 ', 4315, '1761226745', 1, 'Agredindo o colega', 'Sala de Aula', 'advertência', '', '1ª vez', '', 'Foi conversado com a mãe no dia 06/11/25. Ficou ciente do que aconteceu e firmou compromisso com a direção que vai falar seriamente com o filho e que o aluno também firmou compromisso que não voltará a acontecer o ocorrido', '1762428959', 0),
(3858, 'vinicius', '4523839 ', 4315, '1761226840', 1, 'Falando palavrão em sala de aula', 'Sala de Aula', 'advertência', '', '1ª vez', '', '', NULL, 0),
(3859, 'vinicius', '3484941 ', 4315, '1761226841', 1, 'Falando palavrão em sala de aula', 'Sala de Aula', 'advertência', '', '1ª vez', '', '', NULL, 0),
(3860, 'vinicius', '3502775 ', 4315, '1761226841', 2, 'Falando palavrão em sala de aula', 'Sala de Aula', 'advertência', '', '1ª vez', '', 'Foi conversado com a mãe no dia 06/11/25. Ficou ciente do que aconteceu e firmou compromisso com a direção que vai falar seriamente com o filho e que o aluno também firmou compromisso que não voltará a acontecer o ocorrido', '1762428932', 0),
(3861, 'david', '4691192 ', 4371, '1761227685', 1, 'Atrapalhou a aula do professor do início ao fim. Jogou muitas bolas de papel junto com seus colegas inusiplinados / Conversas paralelas durante a exposição do conteúdo / Brincadeiras durante a exposição do conteúdo / Não fez nenhuma atividade proposta / Mau comportamento / Indisciplinado em sala de aula', 'Sala de Aula', 'advertência', '', '1ª vez', '', '', NULL, 0),
(3862, 'david', '3921771 ', 4371, '1761227690', 1, 'Atrapalhou a aula do professor do início ao fim. Jogou muitas bolas de papel junto com seus colegas inusiplinados / Conversas paralelas durante a exposição do conteúdo / Brincadeiras durante a exposição do conteúdo / Não fez nenhuma atividade proposta / Mau comportamento / Indisciplinado em sala de aula', 'Sala de Aula', 'advertência', '', '1ª vez', '', '', NULL, 0),
(3863, 'david', '3523212 ', 4371, '1761227690', 1, 'Atrapalhou a aula do professor do início ao fim. Jogou muitas bolas de papel junto com seus colegas inusiplinados / Conversas paralelas durante a exposição do conteúdo / Brincadeiras durante a exposição do conteúdo / Não fez nenhuma atividade proposta / Mau comportamento / Indisciplinado em sala de aula', 'Sala de Aula', 'advertência', '', '1ª vez', '', '', NULL, 0),
(3864, 'david', '5377865 ', 4371, '1761227690', 1, 'Atrapalhou a aula do professor do início ao fim. Jogou muitas bolas de papel junto com seus colegas inusiplinados / Conversas paralelas durante a exposição do conteúdo / Brincadeiras durante a exposição do conteúdo / Não fez nenhuma atividade proposta / Mau comportamento / Indisciplinado em sala de aula', 'Sala de Aula', 'advertência', '', '1ª vez', '', '', NULL, 0),
(3865, 'david', '2921163 ', 4371, '1761227690', 1, 'Atrapalhou a aula do professor do início ao fim. Jogou muitas bolas de papel junto com seus colegas inusiplinados / Conversas paralelas durante a exposição do conteúdo / Brincadeiras durante a exposição do conteúdo / Não fez nenhuma atividade proposta / Mau comportamento / Indisciplinado em sala de aula', 'Sala de Aula', 'advertência', '', '1ª vez', '', '', NULL, 0),
(3866, 'roberto', '2932223 ', 14, '1761308939', 1, 'Palavrão no corredor, durante a aula, enquanto entregava blusa para um colega. / Falta de respeito com os colegas', 'Sala de Aula', 'advertência', '', '1ª vez', '', '', NULL, 0);
INSERT INTO `ocorrencia` (`id`, `id_prof`, `id_aln`, `id_oferta`, `dat`, `status`, `descr_o`, `local`, `atitude`, `outra_a`, `comportamento`, `medidas`, `encaminhamento`, `recebidoem`, `sync`) VALUES
(3867, 'david', '3032446 ', 4354, '1761312211', 1, 'A aluna saiu para ir ao banheiro e ficou passeando pelas galerias. Ao voltar para sala iniciou uma discussão com a aluna Maria de Lourdes. As duas queriam se agredir. / Conversas paralelas durante a exposição do conteúdo / Não fez nenhuma atividade proposta', 'Sala de Aula', 'advertência', '', '1ª vez', '', '', NULL, 0),
(3868, 'david', '4091936 ', 4354, '1761312628', 1, 'A aluna fala palavrões contra os colegas. É muito agressiva. Iniciou discussão agressiva contra a aluna Mariany porque ela demorou muito a retornar do banheiro. Ela disse que se demorasse mais ia buscar Mariany pelos cabelos.Fica querendo enfrentar e agredir com frequência a respectiva aluna. / Falta de respeito com os colegas / Mau comportamento / Comportamento agressivo e cria conflitos com os colegas', 'Sala de Aula', 'advertência', '', '1ª vez', '', '', NULL, 0),
(3869, 'vinicius', '3217177 ', 9, '1761323292', 1, 'Falta de respeito com os professores', 'Sala de Aula', 'advertência', '', 'Reincidente (frequente)', '', '', NULL, 0),
(3870, 'vinicius', '3218191 ', 4414, '1761737026', 1, 'Saiu de sala sem permissão', 'Sala de Aula', 'advertência', '', '1ª vez', '', '', NULL, 0),
(3871, 'antonio', '2953217 ', 4369, '1761738344', 1, 'Conversas paralelas durante a exposição do conteúdo / Brincadeiras durante a exposição do conteúdo / Não fez nenhuma atividade proposta / Quer sair várias vezes da sala(beber água, ir ao banheiro)', 'Sala de Aula', 'advertência', '', '1ª vez', '', '', NULL, 0),
(3872, 'roberto', '4600403 ', 15, '1761756321', 1, 'Palavrão em sala de aula, durante a aula.', 'Sala de Aula', 'advertência', '', '1ª vez', '', '', NULL, 0),
(3873, 'roberto', '2953250 ', 15, '1761758551', 1, 'Saiu para aula de monitoria, entrou na sala após ser liberado pela monitora e não retornou para a sala de aula.', 'Sala de Aula', 'advertência', '', '1ª vez', '', '', NULL, 0),
(3874, 'roberto', '3963713 ', 15, '1761758946', 1, 'Não fez a atividade.', 'Sala de Aula', 'advertência', '', '1ª vez', '', '', NULL, 0),
(3875, 'roberto', '2931843 ', 15, '1761758947', 1, 'Não fez a atividade.', 'Sala de Aula', 'advertência', '', '1ª vez', '', '', NULL, 0),
(3876, 'roberto', '3963713 ', 15, '1761760075', 1, 'Saiu para o banheiro mas não retornou à sala.', 'Sala de Aula', 'advertência', '', '1ª vez', '', '', NULL, 0),
(3877, 'roberto', '4526555 ', 16, '1761762576', 1, 'Atrapalhando a aula, dando cambalhota em sala de aula.', 'Sala de Aula', 'advertência', '', '1ª vez', '', '', NULL, 0),
(3878, 'reginaldo', '3517469 ', 4346, '1761831120', 1, 'Utilizando palavras obscenas / Falta de respeito com os colegas', 'Sala de Aula', 'advertência', '', '1ª vez', '', '', NULL, 0),
(3879, 'vinicius', '3484480 ', 4329, '1761908157', 1, 'Saindo da sala enquanto o professor não está', 'Sala de Aula', 'advertência', '', '1ª vez', '', '', NULL, 0),
(3880, 'antonio', '3734895 ', 4285, '1761909737', 1, 'Conversas paralelas durante a exposição do conteúdo / Brincadeiras durante a exposição do conteúdo / Falta de respeito com os colegas / Comportamento agressivo e cria conflitos com os colegas', 'Sala de Aula', 'advertência', '', '1ª vez', '', '', NULL, 0),
(3881, 'antonio', '3943635 ', 4285, '1761909737', 1, 'Conversas paralelas durante a exposição do conteúdo / Brincadeiras durante a exposição do conteúdo / Falta de respeito com os colegas / Comportamento agressivo e cria conflitos com os colegas', 'Sala de Aula', 'advertência', '', '1ª vez', '', '', NULL, 0),
(3882, 'vinicius', '4247114 ', 4329, '1761911204', 1, 'Não fez nenhuma atividade proposta', 'Sala de Aula', 'advertência', '', '1ª vez', '', '', NULL, 0),
(3883, 'vinicius', '3486972 ', 4329, '1761911204', 1, 'Não fez nenhuma atividade proposta', 'Sala de Aula', 'advertência', '', '1ª vez', '', '', NULL, 0),
(3884, 'roberto', '3838142 ', 14, '1761913710', 1, 'O aluno estava dançando agarrado com outro estudante durante a aula. / Indisciplinado em sala de aula', 'Sala de Aula', 'advertência', '', '1ª vez', '', '', NULL, 0),
(3885, 'roberto', '2952817 ', 14, '1761913710', 1, 'O aluno estava dançando agarrado com outro estudante durante a aula. / Indisciplinado em sala de aula', 'Sala de Aula', 'advertência', '', '1ª vez', '', '', NULL, 0),
(3886, 'roberto', '3604539 ', 14, '1761917054', 1, 'Saiu para o banheiro e demorou a retornar à sala.', 'Sala de Aula', 'advertência', '', '1ª vez', '', '', NULL, 0),
(3887, 'roberto', '3485868 ', 14, '1761918568', 1, 'Não fez nenhuma atividade proposta', 'Sala de Aula', 'advertência', '', '1ª vez', '', '', NULL, 0),
(3888, 'roberto', '3204018 ', 14, '1761918569', 1, 'Não fez nenhuma atividade proposta', 'Sala de Aula', 'advertência', '', '1ª vez', '', '', NULL, 0),
(3889, 'karine ', '3218191 ', 4412, '1761933118', 1, 'Só queria dormir e não prestava atenção na explicação', 'Sala de Aula', 'advertência', '', '1ª vez', '', '', NULL, 0),
(3890, 'antonio', '4690461 ', 4327, '1762170090', 1, 'Conversas paralelas durante a exposição do conteúdo / Brincadeiras durante a exposição do conteúdo', 'Sala de Aula', 'advertência', '', '1ª vez', '', '', NULL, 0),
(3891, 'antonio', '4523839 ', 4327, '1762170090', 1, 'Conversas paralelas durante a exposição do conteúdo / Brincadeiras durante a exposição do conteúdo', 'Sala de Aula', 'advertência', '', '1ª vez', '', '', NULL, 0),
(3892, 'antonio', '3185220 ', 4327, '1762170233', 1, 'Conversas paralelas durante a exposição do conteúdo / Brincadeiras durante a exposição do conteúdo / Não fez nenhuma atividade proposta', 'Sala de Aula', 'advertência', '', '1ª vez', '', '', NULL, 0),
(3893, 'antonio', '4523956 ', 4327, '1762170278', 1, 'Conversas paralelas durante a exposição do conteúdo / Brincadeiras durante a exposição do conteúdo / Não fez nenhuma atividade proposta', 'Sala de Aula', 'advertência', '', '1ª vez', '', '', NULL, 0),
(3894, 'marcio', '3625904 ', 4445, '1762253011', 1, 'Falta de respeito com os colegas / Falta de respeito com os professores / Mau comportamento', 'Sala de Aula', 'advertência', '', '1ª vez', '', '', NULL, 0),
(3895, 'marcio', '3502444 ', 4445, '1762253012', 1, 'Falta de respeito com os colegas / Falta de respeito com os professores / Mau comportamento', 'Sala de Aula', 'advertência', '', '1ª vez', '', '', NULL, 0),
(3896, 'antonio', '3799540 ', 4299, '1762253864', 1, 'Palavrões durante a exposição da aula / Conversas paralelas durante a exposição do conteúdo / Brincadeiras durante a exposição do conteúdo', 'Sala de Aula', 'advertência', '', '1ª vez', '', '', NULL, 0),
(3897, 'antonio', '3853098 ', 4299, '1762253913', 1, 'Palavrões na aula / Conversas paralelas durante a exposição do conteúdo / Brincadeiras durante a exposição do conteúdo / Mau comportamento', 'Sala de Aula', 'advertência', '', '1ª vez', '', '', NULL, 0),
(3898, 'antonio', '3811056 ', 4299, '1762254026', 1, 'Conversas paralelas durante a exposição do conteúdo / Brincadeiras durante a exposição do conteúdo / Mau comportamento', 'Sala de Aula', 'advertência', '', '1ª vez', '', '', NULL, 0),
(3899, 'antonio', '3486828 ', 4299, '1762254090', 1, 'Palavrões na sala de aula / Brincadeiras durante a exposição do conteúdo / Não fez nenhuma atividade proposta / Não trouxe o material didático', 'Sala de Aula', 'advertência', '', '1ª vez', '', '', NULL, 0),
(3900, 'antonio', '3811056 ', 4299, '1762254090', 1, 'Palavrões na sala de aula / Brincadeiras durante a exposição do conteúdo / Não fez nenhuma atividade proposta / Não trouxe o material didático', 'Sala de Aula', 'advertência', '', '1ª vez', '', '', NULL, 0),
(3901, 'antonio', '3486828 ', 4299, '1762254095', 1, 'Palavrões na sala de aula / Brincadeiras durante a exposição do conteúdo / Não fez nenhuma atividade proposta / Não trouxe o material didático', 'Sala de Aula', 'advertência', '', '1ª vez', '', '', NULL, 0),
(3902, 'antonio', '3811056 ', 4299, '1762254095', 1, 'Palavrões na sala de aula / Brincadeiras durante a exposição do conteúdo / Não fez nenhuma atividade proposta / Não trouxe o material didático', 'Sala de Aula', 'advertência', '', '1ª vez', '', '', NULL, 0),
(3903, 'antonio', '3486828 ', 4299, '1762254095', 1, 'Palavrões na sala de aula / Brincadeiras durante a exposição do conteúdo / Não fez nenhuma atividade proposta / Não trouxe o material didático', 'Sala de Aula', 'advertência', '', '1ª vez', '', '', NULL, 0),
(3904, 'antonio', '3811056 ', 4299, '1762254095', 1, 'Palavrões na sala de aula / Brincadeiras durante a exposição do conteúdo / Não fez nenhuma atividade proposta / Não trouxe o material didático', 'Sala de Aula', 'advertência', '', '1ª vez', '', '', NULL, 0),
(3905, 'marcio', '3502242 ', 4445, '1762257041', 1, 'Conversas paralelas durante a exposição do conteúdo / Não fez nenhuma atividade proposta', 'Sala de Aula', 'advertência', '', '1ª vez', '', '', NULL, 0),
(3906, 'livia', '2921182 ', 4383, '1762261771', 1, 'Saiu de sala sem permissão', 'Sala de Aula', 'advertência', '', '1ª vez', '', '', NULL, 0),
(3907, 'vania', '3484468 ', 4269, '1762262515', 1, 'Não fez nenhuma atividade proposta', 'Sala de Aula', 'advertência', '', '1ª vez', '', '', NULL, 0),
(3908, 'marcio', '3502242 ', 4445, '1762286841', 1, 'Não fez nenhuma atividade proposta', 'Sala de Aula', 'advertência', '', '1ª vez', '', '', NULL, 0),
(3909, 'Marcilio', '3540810 ', 4312, '1762353550', 1, 'Saiu de sala sem permissão / Mau comportamento', 'Sala de Aula', 'advertência', '', '1ª vez', '', '', NULL, 0),
(3910, 'roberto', '4526555 ', 16, '1762367296', 1, 'Correndo e jogando chinelo na sala durante a aula.', 'Sala de Aula', 'advertência', '', '1ª vez', '', '', NULL, 0),
(3911, 'roberto', '2917415 ', 16, '1762367296', 1, 'Correndo e jogando chinelo na sala durante a aula.', 'Sala de Aula', 'advertência', '', '1ª vez', '', '', NULL, 0),
(3912, 'roberto', '2917415 ', 16, '1762367344', 1, 'Falou palavrão durante a aula.', 'Sala de Aula', 'advertência', '', '1ª vez', '', '', NULL, 0),
(3914, 'roberto', '3409172 ', 16, '1762371898', 1, 'Não fez nenhuma atividade proposta', 'Sala de Aula', 'advertência', '', '1ª vez', '', '', NULL, 0),
(3915, 'roberto', '4526555 ', 16, '1762371899', 1, 'Não fez nenhuma atividade proposta', 'Sala de Aula', 'advertência', '', '1ª vez', '', '', NULL, 0),
(3916, 'roberto', '3188818 ', 16, '1762371899', 1, 'Não fez nenhuma atividade proposta', 'Sala de Aula', 'advertência', '', '1ª vez', '', '', NULL, 0),
(3917, 'roberto', '2935171 ', 16, '1762371899', 1, 'Não fez nenhuma atividade proposta', 'Sala de Aula', 'advertência', '', '1ª vez', '', '', NULL, 0),
(3918, 'roberto', '3218191 ', 16, '1762371899', 1, 'Não fez nenhuma atividade proposta', 'Sala de Aula', 'advertência', '', '1ª vez', '', '', NULL, 0),
(3919, 'roberto', '3923802 ', 16, '1762371899', 1, 'Não fez nenhuma atividade proposta', 'Sala de Aula', 'advertência', '', '1ª vez', '', '', NULL, 0),
(3920, 'roberto', '3409172 ', 16, '1762371899', 1, 'Não fez nenhuma atividade proposta', 'Sala de Aula', 'advertência', '', '1ª vez', '', '', NULL, 0),
(3921, 'roberto', '4526555 ', 16, '1762371899', 1, 'Não fez nenhuma atividade proposta', 'Sala de Aula', 'advertência', '', '1ª vez', '', '', NULL, 0),
(3922, 'roberto', '3188818 ', 16, '1762371899', 1, 'Não fez nenhuma atividade proposta', 'Sala de Aula', 'advertência', '', '1ª vez', '', '', NULL, 0),
(3923, 'roberto', '2935171 ', 16, '1762371899', 1, 'Não fez nenhuma atividade proposta', 'Sala de Aula', 'advertência', '', '1ª vez', '', '', NULL, 0),
(3924, 'roberto', '3218191 ', 16, '1762371899', 1, 'Não fez nenhuma atividade proposta', 'Sala de Aula', 'advertência', '', '1ª vez', '', '', NULL, 0),
(3925, 'roberto', '3923802 ', 16, '1762371900', 1, 'Não fez nenhuma atividade proposta', 'Sala de Aula', 'advertência', '', '1ª vez', '', '', NULL, 0),
(3926, 'vinicius', '3967769 ', 9, '1762425692', 1, 'Não fez nenhuma atividade proposta', 'Sala de Aula', 'advertência', '', 'Reincidente (frequente)', '', '', NULL, 0),
(3927, 'vinicius', '3217177 ', 9, '1762425693', 1, 'Não fez nenhuma atividade proposta', 'Sala de Aula', 'advertência', '', 'Reincidente (frequente)', '', '', NULL, 0),
(3928, 'vinicius', '3523340 ', 9, '1762425693', 1, 'Não fez nenhuma atividade proposta', 'Sala de Aula', 'advertência', '', 'Reincidente (frequente)', '', '', NULL, 0),
(3929, 'vinicius', '2931843 ', 9, '1762425693', 1, 'Não fez nenhuma atividade proposta', 'Sala de Aula', 'advertência', '', 'Reincidente (frequente)', '', '', NULL, 0),
(3930, 'vinicius', '2579119 ', 9, '1762425693', 1, 'Não fez nenhuma atividade proposta', 'Sala de Aula', 'advertência', '', 'Reincidente (frequente)', '', '', NULL, 0),
(3931, 'vinicius', '4691626 ', 9, '1762425693', 1, 'Não fez nenhuma atividade proposta', 'Sala de Aula', 'advertência', '', 'Reincidente (frequente)', '', '', NULL, 0),
(3932, 'vinicius', '2953250 ', 9, '1762426640', 1, 'Não fez nenhuma atividade proposta', 'Sala de Aula', 'advertência', '', 'Reincidente (frequente)', '', '', NULL, 0),
(3933, 'eduarda', '3505638 ', 4358, '1762438008', 1, 'Falta de respeito com os colegas / Falta de respeito com os professores / Não fez nenhuma atividade proposta / Mau comportamento / Não trouxe o material didático / Indisciplinado em sala de aula / Comportamento agressivo e cria conflitos com os colegas', 'Sala de Aula', 'ordem de saída da sala de aula', '', '1ª vez', '', '', NULL, 0),
(3934, 'eduarda', '3509253 ', 4367, '1762438188', 1, 'Não fez nenhuma atividade proposta', 'Sala de Aula', 'advertência', '', '1ª vez', '', '', NULL, 0),
(3935, 'eduarda', '3474870 ', 4367, '1762438188', 1, 'Não fez nenhuma atividade proposta', 'Sala de Aula', 'advertência', '', '1ª vez', '', '', NULL, 0),
(3936, 'karine', '3517121 ', 4351, '1762512173', 1, 'Não trouxe o material didático', 'Sala de Aula', 'advertência', '', '1ª vez', '', '', NULL, 0),
(3937, 'antonio', '3734895 ', 4285, '1762514606', 1, 'Conversas paralelas durante a exposição do conteúdo / Brincadeiras durante a exposição do conteúdo / Falta de respeito com os colegas / Indisciplinado em sala de aula', 'Sala de Aula', 'advertência', '', '1ª vez', '', '', NULL, 0),
(3938, 'antonio', '3734934 ', 4285, '1762514607', 1, 'Conversas paralelas durante a exposição do conteúdo / Brincadeiras durante a exposição do conteúdo / Falta de respeito com os colegas / Indisciplinado em sala de aula', 'Sala de Aula', 'advertência', '', '1ª vez', '', '', NULL, 0),
(3939, 'david', '3486983 ', 4354, '1762521388', 1, 'Andando, pulando, jogando bolas de papel, atrapalhando a aula. / Conversas paralelas durante a exposição do conteúdo / Brincadeiras durante a exposição do conteúdo / Não fez nenhuma atividade proposta / Mau comportamento / Indisciplinado em sala de aula', 'Sala de Aula', 'advertência', '', '1ª vez', '', '', NULL, 0),
(3940, 'david', '3964632 ', 4354, '1762521389', 1, 'Andando, pulando, jogando bolas de papel, atrapalhando a aula. / Conversas paralelas durante a exposição do conteúdo / Brincadeiras durante a exposição do conteúdo / Não fez nenhuma atividade proposta / Mau comportamento / Indisciplinado em sala de aula', 'Sala de Aula', 'advertência', '', '1ª vez', '', '', NULL, 0),
(3941, 'david', '3502242 ', 4354, '1762522206', 1, 'Dormindo em sala de aula / Não fez nenhuma atividade proposta', 'Sala de Aula', 'advertência', '', '1ª vez', '', '', NULL, 0),
(3942, 'david', '3745161 ', 4354, '1762522207', 1, 'Dormindo em sala de aula / Não fez nenhuma atividade proposta', 'Sala de Aula', 'advertência', '', '1ª vez', '', '', NULL, 0),
(3943, 'roberto', '2923218 ', 14, '1762522846', 1, 'Jogando objeto em sala, durante a explicação, como se fosse jogando vôlei. / Conversas paralelas durante a exposição do conteúdo', 'Sala de Aula', 'advertência', '', '1ª vez', '', '', NULL, 0),
(3944, 'roberto', '3485868 ', 14, '1762522847', 1, 'Jogando objeto em sala, durante a explicação, como se fosse jogando vôlei. / Conversas paralelas durante a exposição do conteúdo', 'Sala de Aula', 'advertência', '', '1ª vez', '', '', NULL, 0),
(3945, 'roberto', '2952817 ', 14, '1762522847', 1, 'Jogando objeto em sala, durante a explicação, como se fosse jogando vôlei. / Conversas paralelas durante a exposição do conteúdo', 'Sala de Aula', 'advertência', '', '1ª vez', '', '', NULL, 0),
(3946, 'antonio', '3502242 ', 4355, '1762867187', 1, 'Jogando papel na sala na hora da aula / Conversas paralelas durante a exposição do conteúdo / Brincadeiras durante a exposição do conteúdo / Falta de respeito com os colegas / Mau comportamento', 'Sala de Aula', 'advertência', '', '1ª vez', '', '', NULL, 0),
(3947, 'antonio', '3964632 ', 4355, '1762867187', 1, 'Jogando papel na sala na hora da aula / Conversas paralelas durante a exposição do conteúdo / Brincadeiras durante a exposição do conteúdo / Falta de respeito com os colegas / Mau comportamento', 'Sala de Aula', 'advertência', '', '1ª vez', '', '', NULL, 0),
(3948, 'antonio', '3486955 ', 4355, '1762867187', 1, 'Jogando papel na sala na hora da aula / Conversas paralelas durante a exposição do conteúdo / Brincadeiras durante a exposição do conteúdo / Falta de respeito com os colegas / Mau comportamento', 'Sala de Aula', 'advertência', '', '1ª vez', '', '', NULL, 0),
(3949, 'antonio', '3565266 ', 4355, '1762867187', 1, 'Jogando papel na sala na hora da aula / Conversas paralelas durante a exposição do conteúdo / Brincadeiras durante a exposição do conteúdo / Falta de respeito com os colegas / Mau comportamento', 'Sala de Aula', 'advertência', '', '1ª vez', '', '', NULL, 0),
(3950, 'antonio', '3486983 ', 4355, '1762867735', 1, 'Conversas paralelas durante a exposição do conteúdo / Não fez nenhuma atividade proposta / Não trouxe o material didático', 'Sala de Aula', 'advertência', '', '1ª vez', '', '', NULL, 0),
(3951, 'vinicius ', '3967769 ', 9, '1762886357', 1, 'Não fez nenhuma atividade proposta', 'Sala de Aula', 'advertência', '', 'Reincidente (frequente)', '', '', NULL, 0),
(3952, 'vinicius ', '2935140 ', 9, '1762886357', 1, 'Não fez nenhuma atividade proposta', 'Sala de Aula', 'advertência', '', 'Reincidente (frequente)', '', '', NULL, 0),
(3953, 'roberto', '2953250 ', 15, '1762967594', 1, 'Saiu da sala e não retornou ou demorou a retornar mais de 5 minutos', 'Sala de Aula', 'advertência', '', '1ª vez', '', '', NULL, 0),
(3954, 'roberto', '2952867 ', 15, '1762968085', 1, 'Saiu da sala e não retornou ou demorou a retornar mais que 5 minutos', 'Sala de Aula', 'advertência', '', '1ª vez', '', '', NULL, 0),
(3955, 'Marcilio', '3581738 ', 4312, '1762975571', 1, 'Mau comportamento', 'Sala de Aula', 'advertência', '', '1ª vez', '', '', NULL, 0);

-- --------------------------------------------------------

--
-- Estrutura para tabela `oferta`
--

CREATE TABLE `oferta` (
  `id` int(11) NOT NULL,
  `oferta` varchar(10) NOT NULL,
  `id_disc` int(11) NOT NULL,
  `id_user_p` varchar(100) NOT NULL,
  `status` int(2) NOT NULL
) ENGINE=InnoDB DEFAULT CHARSET=utf8mb3 COLLATE=utf8mb3_general_ci;

--
-- Despejando dados para a tabela `oferta`
--

INSERT INTO `oferta` (`id`, `oferta`, `id_disc`, `id_user_p`, `status`) VALUES
(2, '9B', 5, 'admin', 1),
(3, '9C', 5, 'admin', 1),
(4, '9A', 2, 'marcos', 1),
(8, '9B', 2, 'erik', 1),
(9, '9C', 2, 'vinicius', 1),
(10, '9A', 3, 'gestor', 1),
(11, '9B', 3, 'gestor', 1),
(12, '9C', 3, 'gestor', 1),
(13, '9A', 6, 'roberto', 1),
(14, '9B', 6, 'roberto', 1),
(15, '9C', 6, 'roberto', 1),
(16, '9D', 6, 'roberto', 1),
(17, '9D', 5, 'admin', 1),
(18, '9D', 3, 'gestor', 1),
(21, '8C', 3, 'gestor', 1),
(22, '8D', 3, 'gestor', 1),
(4258, '7A', 7, 'elizane', 1),
(4259, '7A', 4, 'marcilio', 1),
(4260, '7A', 8, 'sara', 1),
(4261, '7A', 9, 'daniele', 1),
(4262, '7A', 10, 'reginaldo', 1),
(4263, '7A', 11, 'edson', 1),
(4264, '7A', 12, 'yuri', 1),
(4265, '7A', 13, 'daniele', 1),
(4266, '7A', 14, 'joao', 1),
(4267, '7A', 15, 'karine', 1),
(4268, '7A', 6, 'adeanderson', 1),
(4269, '7A', 1, 'vania', 1),
(4270, '7A', 2, 'vinicius', 1),
(4271, '7A', 16, 'antonio', 1),
(4272, '7B', 7, 'elizane', 1),
(4273, '7B', 4, 'marcilio', 1),
(4274, '7B', 8, 'sara', 1),
(4275, '7B', 9, 'daniele', 1),
(4276, '7B', 10, 'reginaldo', 1),
(4277, '7B', 11, 'edson', 1),
(4278, '7B', 12, 'yuri', 1),
(4279, '7B', 13, 'daniele', 1),
(4280, '7B', 14, 'joao', 1),
(4281, '7B', 15, 'karine', 1),
(4282, '7B', 6, 'adeanderson', 1),
(4283, '7B', 1, 'eduarda', 1),
(4284, '7B', 2, 'vinicius', 1),
(4285, '7B', 16, 'antonio', 1),
(4286, '7C', 7, 'elizane', 1),
(4287, '7C', 4, 'marcilio', 1),
(4288, '7C', 8, 'sara', 1),
(4289, '7C', 9, 'daniele', 1),
(4290, '7C', 10, 'reginaldo', 1),
(4291, '7C', 11, 'edson', 1),
(4292, '7C', 12, 'yuri', 1),
(4293, '7C', 13, 'daniele', 1),
(4294, '7C', 14, 'joao', 1),
(4295, '7C', 15, 'ana', 1),
(4296, '7C', 6, 'adeanderson', 1),
(4297, '7C', 1, 'eduarda', 1),
(4298, '7C', 2, 'marcilio', 1),
(4299, '7C', 16, 'antonio', 1),
(4300, '7D', 7, 'elizane', 1),
(4301, '7D', 4, 'robson', 1),
(4302, '7D', 8, 'sara', 1),
(4303, '7D', 9, 'daniele', 1),
(4304, '7D', 10, 'reginaldo', 1),
(4305, '7D', 11, 'edson', 1),
(4306, '7D', 12, 'yuri', 1),
(4307, '7D', 13, 'daniele', 1),
(4308, '7D', 14, 'joao', 1),
(4309, '7D', 15, 'ana', 1),
(4310, '7D', 6, 'adeanderson', 1),
(4311, '7D', 1, 'livia', 1),
(4312, '7D', 2, 'marcilio', 1),
(4313, '7D', 16, 'antonio', 1),
(4314, '8A', 7, 'elizane', 1),
(4315, '8A', 4, 'vinicius', 1),
(4316, '8A', 8, 'mariane', 1),
(4317, '8A', 9, 'yana', 1),
(4318, '8A', 10, 'reginaldo', 1),
(4319, '8A', 11, 'edson', 1),
(4320, '8A', 12, 'ana', 1),
(4321, '8A', 13, 'daniele', 1),
(4322, '8A', 14, 'joao', 1),
(4323, '8A', 15, 'karine', 1),
(4324, '8A', 6, 'adeanderson', 1),
(4325, '8A', 1, 'nonato', 1),
(4326, '8A', 2, 'elizamara', 1),
(4327, '8A', 16, 'antonio', 1),
(4328, '8B', 7, 'elizane', 1),
(4329, '8B', 4, 'vinicius', 1),
(4330, '8B', 8, 'cleane', 1),
(4331, '8B', 9, 'yana', 1),
(4332, '8B', 10, 'reginaldo', 1),
(4333, '8B', 11, 'edson', 1),
(4334, '8B', 12, 'ana', 1),
(4335, '8B', 13, 'daniele', 1),
(4336, '8B', 14, 'joao', 1),
(4337, '8B', 15, 'karine', 1),
(4338, '8B', 6, 'adeanderson', 1),
(4339, '8B', 1, 'nonato', 1),
(4340, '8B', 2, 'elizamara', 1),
(4341, '8B', 16, 'antonio', 1),
(4342, '8C', 7, 'elizane', 1),
(4343, '8C', 4, 'vinicius', 1),
(4344, '8C', 8, 'nonato', 1),
(4345, '8C', 9, 'yana', 1),
(4346, '8C', 10, 'reginaldo', 1),
(4347, '8C', 11, 'edson', 1),
(4348, '8C', 12, 'ana', 1),
(4349, '8C', 13, 'daniele', 1),
(4350, '8C', 14, 'joao', 1),
(4351, '8C', 15, 'karine', 1),
(4352, '8C', 6, 'adeanderson', 1),
(4353, '8C', 1, 'eduarda', 1),
(4354, '8C', 2, 'david', 1),
(4355, '8C', 16, 'antonio', 1),
(4356, '8D', 7, 'elizane', 1),
(4357, '8D', 4, 'robson', 1),
(4358, '8D', 8, 'eduarda', 1),
(4359, '8D', 9, 'yana', 1),
(4360, '8D', 10, 'reginaldo', 1),
(4361, '8D', 11, 'edson', 1),
(4362, '8D', 12, 'ana', 1),
(4363, '8D', 13, 'daniele', 1),
(4364, '8D', 14, 'joao', 1),
(4365, '8D', 15, 'karine', 1),
(4366, '8D', 6, 'adeanderson', 1),
(4367, '8D', 1, 'eduarda', 1),
(4368, '8D', 2, 'david', 1),
(4369, '8D', 16, 'antonio', 1),
(4370, '9A', 7, 'elizane', 1),
(4371, '9A', 4, 'david', 1),
(4372, '9A', 8, 'livia', 1),
(4373, '9A', 10, 'reginaldo', 1),
(4374, '9A', 11, 'edson', 1),
(4375, '9A', 12, 'ana', 1),
(4376, '9A', 13, 'daniele', 1),
(4377, '9A', 14, 'joao', 1),
(4378, '9A', 15, 'karine', 1),
(4379, '9A', 1, 'cleane', 1),
(4380, '9A', 16, 'antonio', 1),
(4381, '9B', 7, 'elizane', 1),
(4382, '9B', 4, 'vinicius', 1),
(4383, '9B', 8, 'livia', 1),
(4384, '9B', 10, 'reginaldo', 1),
(4385, '9B', 11, 'edson', 1),
(4386, '9B', 12, 'ana', 1),
(4387, '9B', 13, 'daniele', 1),
(4388, '9B', 14, 'joao', 1),
(4389, '9B', 15, 'karine', 1),
(4390, '9B', 1, 'mariane', 1),
(4391, '9B', 16, 'antonio', 1),
(4392, '9C', 7, 'elizane', 1),
(4393, '9C', 4, 'erik', 1),
(4394, '9C', 8, 'livia', 1),
(4395, '9C', 10, 'reginaldo', 1),
(4396, '9C', 11, 'edson', 1),
(4397, '9C', 12, 'ana', 1),
(4398, '9C', 13, 'daniele', 1),
(4399, '9C', 14, 'joao', 1),
(4400, '9C', 15, 'karine', 1),
(4401, '9C', 1, 'cleane', 1),
(4402, '9C', 16, 'antonio', 1),
(4403, '9C', 17, 'yana', 1),
(4404, '9D', 7, 'elizane', 1),
(4405, '9D', 4, 'erik', 1),
(4406, '9D', 8, 'livia', 1),
(4407, '9D', 10, 'reginaldo', 1),
(4408, '9D', 11, 'edson', 1),
(4409, '9D', 12, 'ana', 1),
(4410, '9D', 13, 'daniele', 1),
(4411, '9D', 14, 'joao', 1),
(4412, '9D', 15, 'karine', 1),
(4413, '9D', 1, 'mariane', 1),
(4414, '9D', 2, 'vinicius', 1),
(4415, '9D', 16, 'antonio', 1),
(4416, '9D', 17, 'yana', 1),
(4417, '7A', 3, 'gestor', 1),
(4418, '7B', 3, 'gestor', 1),
(4419, '7C', 3, 'gestor', 1),
(4420, '7D', 3, 'gestor', 1),
(4421, '8A', 3, 'gestor', 1),
(4422, '8B', 3, 'gestor', 1),
(4423, '7A', 5, 'admin', 1),
(4424, '7B', 5, 'admin', 1),
(4425, '7C', 5, 'admin', 1),
(4426, '7D', 5, 'admin', 1),
(4427, '8A', 5, 'admin', 1),
(4428, '8B', 5, 'admin', 1),
(4429, '8C', 5, 'admin', 1),
(4430, '8D', 5, 'admin', 1),
(4431, '9A', 5, 'admin', 1),
(4432, '8A', 18, 'daniely', 1),
(4433, '8B', 18, 'daniely', 1),
(4434, '8C', 18, 'daniely', 1),
(4435, '8D', 18, 'daniely', 1),
(4436, '9A', 19, 'daniely', 1),
(4437, '9B', 19, 'daniely', 1),
(4438, '9C', 19, 'daniely', 1),
(4439, '7A', 20, 'marcio', 1),
(4440, '7B', 20, 'marcio', 1),
(4441, '7C', 20, 'marcio', 1),
(4442, '7D', 20, 'marcio', 1),
(4443, '8A', 20, 'marcio', 1),
(4444, '8B', 20, 'marcio', 1),
(4445, '8C', 20, 'marcio', 1),
(4446, '8A', 21, 'yana', 1),
(4447, '8B', 21, 'yana', 1),
(4448, '8C', 21, 'yana', 1),
(4449, '7A', 22, 'yana', 1),
(4450, '7B', 22, 'yana', 1),
(4451, '7C', 22, 'yana', 1),
(4452, '7D', 22, 'yana', 1),
(4453, '9D', 23, 'yana', 1),
(4454, '9A', 17, 'robson', 1),
(4455, '9B', 17, 'robson', 1),
(4456, '9A', 20, 'robson', 1),
(4457, '9B', 20, 'robson', 1),
(4458, '9C', 20, 'robson', 1),
(4459, '9D', 20, 'robson', 1);

-- --------------------------------------------------------

--
-- Estrutura para tabela `professor`
--

CREATE TABLE `professor` (
  `id_user_p` varchar(100) NOT NULL,
  `nome_p` varchar(100) NOT NULL
) ENGINE=InnoDB DEFAULT CHARSET=utf8mb3 COLLATE=utf8mb3_general_ci;

--
-- Despejando dados para a tabela `professor`
--

INSERT INTO `professor` (`id_user_p`, `nome_p`) VALUES
('adeanderson', 'ANTONIO ADEANDERSON BATISTA DE SOUZA'),
('admin', 'DAVID DOS SANTOS DA COSTA'),
('alice', 'ALICE DE DA SILVA HERCULANO'),
('ana', 'ANA ALICE PEREIRA SOARES'),
('antonio', 'ANTONIO DOS SANTOS DA SILVA'),
('cleane', 'CLEANE DE AGUIAR DE SOUSA'),
('daniele', 'DANIELE QUEIROZ LIMA'),
('daniely', 'DANIELY CARDOSO DO NASCIMENTO'),
('david', 'DAVID DOS SANTOS DA COSTA'),
('edson', 'FRANCISCO EDSON GOMES DA SILVA FILHO'),
('eduarda', 'MARIA EDUARDA TAVORA DE ALBUQUERQUE'),
('elizamara', 'ELIZAMARA'),
('elizane', 'ELIZANE REGINA TEIXEIRA DE MENDONCA ROCHA'),
('erik', 'ERIK MARINO DE FREITAS LIMA'),
('esterfano', 'ANTONIO ESTERFANO PEREIRA ARAUJO'),
('gestor', 'GESTOR ESCOLAR'),
('joao', 'JOAO GOMES AGUIAR'),
('karine', 'KARLA KARINE ARAUJO FREITAS MONTEIRO'),
('livia', 'LIVIA DA SILVA BEZERRA'),
('marcilio', 'MARCILIO RODRIGUES FERREIRA'),
('marcio', 'MÁRCIO RODRIGUES FERREIRA'),
('marcos', 'ANTONIO MARCOS DE SOUZA'),
('mariane', 'MARIANE GOMES DA SILVA'),
('nonato', 'RAIMUNDO NONATO DE ALBUQUEERQUE'),
('reginaldo', 'REGINALDO SILVA COSTA'),
('roberto', 'ROBERTO SARAIVA ARAUJO'),
('robson', 'ROBSON VIANA BATISTA'),
('sara', 'SARA DA SILVA ALBUQUERQUE'),
('vania', 'VANIA CARDOSO DO NASCIMENTO'),
('vinicius', 'MARCUS VINICIUS VIANA ALBUQUERQUE'),
('yana', 'YANA DE SOUSA DUARTE'),
('yuri', 'YURI DE SOUSA PEREIRA');

-- --------------------------------------------------------

--
-- Estrutura para tabela `registros`
--

CREATE TABLE `registros` (
  `id` int(11) NOT NULL,
  `descr_r` varchar(100) NOT NULL
) ENGINE=InnoDB DEFAULT CHARSET=utf8mb3 COLLATE=utf8mb3_general_ci;

--
-- Despejando dados para a tabela `registros`
--

INSERT INTO `registros` (`id`, `descr_r`) VALUES
(1, 'Conversas paralelas durante a exposição do conteúdo'),
(2, 'Brincadeiras durante a exposição do conteúdo'),
(3, 'Falta de respeito com os colegas'),
(4, 'Falta de respeito com os professores'),
(5, 'Não fez nenhuma atividade proposta'),
(6, 'Saiu de sala sem permissão'),
(7, 'Mau comportamento'),
(8, 'Não trouxe o material didático'),
(9, 'Indisciplinado em sala de aula'),
(10, 'Quer sair várias vezes da sala(beber água, ir ao banheiro)'),
(11, 'Comportamento agressivo e cria conflitos com os colegas'),
(12, 'Bulling');

-- --------------------------------------------------------

--
-- Estrutura para tabela `regstatus`
--

CREATE TABLE `regstatus` (
  `id` int(5) NOT NULL,
  `descr_s` varchar(20) NOT NULL
) ENGINE=InnoDB DEFAULT CHARSET=utf8mb3 COLLATE=utf8mb3_general_ci;

--
-- Despejando dados para a tabela `regstatus`
--

INSERT INTO `regstatus` (`id`, `descr_s`) VALUES
(1, 'Ativa'),
(2, 'Arquivada');

-- --------------------------------------------------------

--
-- Estrutura para tabela `sessao`
--

CREATE TABLE `sessao` (
  `id` int(2) NOT NULL,
  `id_user` varchar(100) NOT NULL
) ENGINE=InnoDB DEFAULT CHARSET=utf8mb3 COLLATE=utf8mb3_general_ci;

-- --------------------------------------------------------

--
-- Estrutura para tabela `ssb_gabarito`
--

CREATE TABLE `ssb_gabarito` (
  `id_gab` int(11) NOT NULL,
  `matraln` int(11) NOT NULL,
  `idsim` int(11) NOT NULL,
  `gab` varchar(200) NOT NULL,
  `carimbo` varchar(20) NOT NULL
) ENGINE=MyISAM DEFAULT CHARSET=utf8mb3 COLLATE=utf8mb3_general_ci;

--
-- Despejando dados para a tabela `ssb_gabarito`
--

INSERT INTO `ssb_gabarito` (`id_gab`, `matraln`, `idsim`, `gab`, `carimbo`) VALUES
(2576, 2372423, 2, '1.d;2.b;3.b;4.d;5.b;6.d;7.a;8.a;9.b;10.b;11.e;12.a;13.e;14.e;15.b', '26/02/2025 13:04:48'),
(2577, 3643453, 2, '1.a;2.b;3.c;4.d;5.a;6.b;7.d;8.b;9.c;10.a;11.b;12.c;13.d;14.b;15.a', '26/02/2025 13:07:42'),
(2578, 5055493, 2, '1.c;2.a;3.b;4.c;5.a;6.a;7.d;8.d;9.c;10.d;11.b;12.d;13.a;14.d;15.b', '26/02/2025 13:09:41'),
(2579, 2615108, 2, '1.c;2.a;3.d;4.e;5.a;6.c;7.a;8.c;9.d;10.b;11.c;12.a;13.a;14.c;15.e', '26/02/2025 13:10:21'),
(2580, 2251885, 2, '1.d;2.a;3.a;4.d;5.c;6.c;7.c;8.b;9.c;10.d;11.e;12.a;13.e;14.a;15.b', '26/02/2025 13:12:05'),
(2581, 2262473, 2, '1.d;2.b;3.a;4.d;5.e;6.n;7.d;8.c;9.d;10.d;11.e;12.a;13.a;14.e;15.c', '26/02/2025 13:23:51'),
(2582, 2900925, 2, '1.d;2.b;3.b;4.d;5.e;6.a;7.b;8.c;9.d;10.b;11.e;12.a;13.e;14.e;15.b', '26/02/2025 13:24:40'),
(2583, 2615319, 2, '1.d;2.b;3.b;4.a;5.e;6.d;7.a;8.c;9.b;10.b;11.e;12.a;13.e;14.e;15.b', '26/02/2025 13:26:38'),
(2584, 2923138, 2, '1.d;2.b;3.b;4.a;5.e;6.d;7.a;8.c;9.b;10.b;11.e;12.a;13.e;14.e;15.b', '26/02/2025 13:27:28'),
(2585, 2251770, 2, '1.d;2.b;3.b;4.b;5.e;6.d;7.a;8.c;9.b;10.b;11.c;12.a;13.e;14.e;15.b', '26/02/2025 13:28:16'),
(2586, 2251419, 2, '1.b;2.d;3.b;4.a;5.e;6.d;7.a;8.c;9.b;10.d;11.e;12.a;13.e;14.e;15.b', '26/02/2025 13:28:55'),
(2587, 2251326, 2, '1.e;2.b;3.b;4.d;5.e;6.d;7.a;8.c;9.b;10.a;11.e;12.a;13.e;14.e;15.b', '26/02/2025 13:29:28'),
(2588, 3743476, 2, '1.a;2.b;3.a;4.b;5.e;6.d;7.a;8.d;9.a;10.d;11.e;12.a;13.e;14.e;15.b', '26/02/2025 13:30:03'),
(2589, 3205369, 2, '1.a;2.c;3.a;4.d;5.a;6.c;7.c;8.d;9.b;10.a;11.e;12.a;13.c;14.e;15.b', '26/02/2025 13:31:23'),
(2590, 3483991, 2, '1.c;2.c;3.a;4.c;5.e;6.d;7.b;8.c;9.c;10.c;11.e;12.a;13.e;14.e;15.b', '26/02/2025 13:32:34'),
(2591, 2427183, 2, '1.d;2.b;3.e;4.d;5.a;6.d;7.a;8.b;9.d;10.e;11.e;12.a;13.e;14.e;15.b', '26/02/2025 13:37:16'),
(2592, 2439593, 2, '1.b;2.a;3.a;4.c;5.c;6.d;7.b;8.a;9.a;10.a;11.c;12.a;13.e;14.c;15.b', '26/02/2025 13:37:51'),
(2593, 2242158, 2, '1.d;2.b;3.b;4.c;5.b;6.d;7.c;8.b;9.b;10.c;11.e;12.a;13.e;14.e;15.b', '26/02/2025 13:38:37'),
(2594, 2146087, 2, '1.a;2.d;3.b;4.a;5.d;6.b;7.b;8.c;9.c;10.e;11.e;12.a;13.e;14.e;15.b', '26/02/2025 13:39:39'),
(2595, 2372254, 2, '1.d;2.b;3.a;4.d;5.a;6.c;7.b;8.a;9.d;10.b;11.e;12.a;13.b;14.a;15.b', '26/02/2025 13:41:53'),
(2596, 3225416, 2, '1.a;2.c;3.b;4.c;5.e;6.d;7.a;8.b;9.d;10.a;11.e;12.a;13.e;14.e;15.b', '26/02/2025 13:43:22'),
(2597, 2615166, 2, '1.d;2.b;3.b;4.d;5.e;6.d;7.a;8.c;9.b;10.b;11.e;12.a;13.e;14.e;15.b', '26/02/2025 13:44:00'),
(2598, 1997960, 2, '1.d;2.b;3.a;4.d;5.e;6.d;7.c;8.c;9.a;10.a;11.e;12.a;13.e;14.e;15.d', '26/02/2025 13:44:36'),
(2599, 1827655, 2, '1.d;2.b;3.b;4.c;5.b;6.d;7.a;8.b;9.b;10.a;11.e;12.a;13.e;14.e;15.b', '26/02/2025 13:45:17'),
(2600, 2432250, 2, '1.d;2.b;3.b;4.a;5.e;6.d;7.a;8.b;9.b;10.a;11.e;12.a;13.e;14.e;15.b', '26/02/2025 13:45:54'),
(2601, 2146190, 2, '1.d;2.b;3.b;4.d;5.e;6.d;7.a;8.b;9.b;10.a;11.e;12.a;13.e;14.e;15.b', '26/02/2025 13:46:27'),
(2602, 2208277, 2, '1.d;2.b;3.b;4.d;5.e;6.c;7.a;8.c;9.b;10.a;11.e;12.a;13.c;14.e;15.b', '26/02/2025 13:47:04'),
(2603, 2433391, 2, '1.d;2.b;3.b;4.d;5.d;6.d;7.a;8.c;9.b;10.a;11.e;12.a;13.e;14.e;15.b', '26/02/2025 13:47:34'),
(2604, 5055374, 2, '1.d;2.b;3.b;4.d;5.e;6.d;7.a;8.c;9.b;10.a;11.e;12.a;13.e;14.e;15.b', '26/02/2025 13:48:07'),
(2605, 2925331, 2, '1.d;2.b;3.b;4.d;5.e;6.d;7.a;8.b;9.b;10.a;11.e;12.a;13.e;14.e;15.b', '26/02/2025 13:48:49'),
(2606, 2433453, 2, '1.d;2.b;3.b;4.d;5.e;6.d;7.a;8.c;9.b;10.a;11.e;12.a;13.e;14.e;15.b', '26/02/2025 13:49:25'),
(2607, 3224004, 2, '1.a;2.d;3.a;4.c;5.b;6.d;7.b;8.c;9.a;10.e;11.c;12.a;13.d;14.b;15.a', '26/02/2025 13:50:06'),
(2608, 2929905, 2, '1.d;2.b;3.b;4.c;5.e;6.d;7.a;8.c;9.b;10.b;11.e;12.a;13.e;14.e;15.b', '26/02/2025 13:51:07'),
(2609, 2251299, 2, '1.d;2.b;3.b;4.d;5.e;6.d;7.a;8.c;9.b;10.a;11.e;12.a;13.e;14.e;15.b', '26/02/2025 13:51:39'),
(2610, 2262576, 2, '1.d;2.b;3.b;4.e;5.c;6.e;7.a;8.c;9.b;10.a;11.e;12.a;13.e;14.a;15.b', '26/02/2025 13:52:18'),
(2611, 5083728, 2, '1.b;2.a;3.c;4.b;5.c;6.b;7.d;8.b;9.e;10.a;11.b;12.d;13.d;14.c;15.a', '26/02/2025 13:53:00'),
(2612, 3203365, 2, '1.d;2.a;3.a;4.c;5.b;6.c;7.c;8.b;9.b;10.a;11.e;12.a;13.e;14.e;15.b', '26/02/2025 13:53:30'),
(2613, 5092646, 2, '1.d;2.b;3.b;4.d;5.e;6.d;7.a;8.b;9.a;10.d;11.e;12.a;13.e;14.e;15.b', '26/02/2025 13:54:01'),
(2614, 2428134, 2, '1.d;2.b;3.b;4.d;5.e;6.d;7.a;8.d;9.b;10.b;11.e;12.a;13.e;14.e;15.b', '26/02/2025 13:54:38'),
(2615, 2121716, 2, '1.a;2.c;3.a;4.c;5.a;6.d;7.c;8.c;9.b;10.a;11.e;12.a;13.e;14.e;15.b', '26/02/2025 13:56:00'),
(2616, 2903371, 2, '1.d;2.c;3.d;4.b;5.c;6.c;7.b;8.c;9.c;10.b;11.e;12.a;13.e;14.e;15.b', '26/02/2025 13:56:34'),
(2617, 2378684, 2, '1.d;2.b;3.b;4.a;5.e;6.a;7.a;8.b;9.b;10.b;11.e;12.a;13.e;14.e;15.d', '26/02/2025 13:57:15'),
(2618, 2722757, 2, '1.d;2.c;3.b;4.c;5.a;6.a;7.b;8.c;9.d;10.a;11.e;12.a;13.e;14.e;15.d', '26/02/2025 13:57:50'),
(2619, 1818809, 2, '1.a;2.c;3.a;4.d;5.e;6.e;7.a;8.c;9.b;10.a;11.e;12.a;13.e;14.a;15.b', '26/02/2025 13:58:26'),
(2620, 4681782, 2, '1.d;2.b;3.b;4.c;5.b;6.d;7.a;8.b;9.b;10.a;11.e;12.a;13.e;14.e;15.b', '26/02/2025 13:59:05'),
(2621, 3742395, 2, '1.d;2.b;3.a;4.d;5.e;6.c;7.a;8.b;9.c;10.e;11.e;12.a;13.e;14.e;15.b', '26/02/2025 13:59:40'),
(2622, 2218275, 2, '1.a;2.b;3.b;4.d;5.e;6.d;7.a;8.b;9.b;10.a;11.e;12.a;13.e;14.e;15.b', '26/02/2025 14:00:17'),
(2623, 2372217, 2, '1.d;2.b;3.b;4.d;5.e;6.d;7.a;8.c;9.b;10.a;11.e;12.a;13.e;14.e;15.b', '26/02/2025 14:00:51'),
(2624, 2231191, 2, '1.d;2.b;3.b;4.a;5.e;6.d;7.a;8.b;9.b;10.a;11.e;12.a;13.e;14.e;15.b', '26/02/2025 14:01:24'),
(2625, 2252029, 2, '1.d;2.b;3.b;4.d;5.e;6.d;7.a;8.c;9.b;10.a;11.e;12.a;13.e;14.e;15.b', '26/02/2025 14:02:05'),
(2626, 2916956, 2, '1.d;2.b;3.b;4.c;5.e;6.d;7.a;8.b;9.a;10.a;11.e;12.a;13.e;14.e;15.b', '26/02/2025 14:05:14'),
(2627, 3764242, 2, '1.c;2.a;3.c;4.d;5.a;6.c;7.a;8.b;9.c;10.a;11.d;12.b;13.d;14.b;15.c', '27/02/2025 10:47:06'),
(2628, 2432052, 2, '1.a;2.b;3.a;4.d;5.d;6.d;7.c;8.b;9.c;10.d;11.e;12.a;13.a;14.e;15.b', '27/02/2025 10:47:42'),
(2629, 2187913, 2, '1.a;2.a;3.b;4.d;5.e;6.b;7.b;8.b;9.c;10.e;11.e;12.a;13.e;14.e;15.b', '27/02/2025 10:48:31'),
(2630, 2433036, 2, '1.d;2.d;3.b;4.a;5.b;6.d;7.a;8.c;9.c;10.a;11.e;12.a;13.e;14.a;15.d', '27/02/2025 10:49:11'),
(2631, 2901376, 2, '1.b;2.b;3.a;4.d;5.a;6.d;7.e;8.d;9.b;10.a;11.c;12.a;13.c;14.d;15.b', '27/02/2025 10:50:06'),
(2632, 2377567, 2, '1.a;2.c;3.a;4.e;5.e;6.b;7.a;8.b;9.c;10.a;11.e;12.a;13.a;14.e;15.b', '27/02/2025 10:50:43'),
(2633, 2615438, 2, '1.b;2.a;3.c;4.a;5.a;6.b;7.b;8.c;9.d;10.d;11.c;12.a;13.b;14.b;15.c', '27/02/2025 10:51:22'),
(2634, 2432116, 2, '1.c;2.b;3.a;4.b;5.e;6.d;7.c;8.b;9.a;10.a;11.e;12.a;13.e;14.e;15.b', '27/02/2025 10:53:17'),
(2635, 5057052, 2, '1.d;2.b;3.b;4.e;5.c;6.d;7.a;8.b;9.b;10.a;11.e;12.a;13.e;14.e;15.b', '27/02/2025 10:54:03'),
(2636, 3743476, 1, '1.e;2.b;3.b;4.e;5.c;6.c;7.d;8.a;9.e;10.d', '27/02/2025 14:15:54'),
(2637, 2439593, 1, '1.c;2.a;3.b;4.c;5.a;6.a;7.d;8.d;9.c;10.b', '27/02/2025 14:16:32'),
(2638, 2146087, 1, '1.c;2.b;3.a;4.c;5.a;6.a;7.d;8.d;9.c;10.d', '27/02/2025 14:17:02'),
(2639, 1791263, 1, '1.e;2.b;3.c;4.a;5.b;6.a;7.d;8.d;9.c;10.d', '27/02/2025 14:17:30'),
(2640, 2372423, 1, '1.c;2.d;3.b;4.e;5.c;6.a;7.d;8.d;9.c;10.d', '27/02/2025 14:17:52'),
(2641, 3861091, 1, '1.e;2.b;3.c;4.a;5.b;6.a;7.d;8.d;9.c;10.d', '20/03/2025 07:42:51'),
(2642, 3747413, 1, '1.e;2.b;3.c;4.b;5.b;6.c;7.d;8.d;9.c;10.d', '27/02/2025 14:18:52'),
(2643, 2923138, 1, '1.d;2.a;3.c;4.a;5.b;6.c;7.d;8.d;9.c;10.d', '27/02/2025 14:19:15'),
(2644, 3205369, 1, '1.e;2.d;3.c;4.a;5.a;6.c;7.d;8.d;9.c;10.d', '27/02/2025 14:19:37'),
(2645, 2900925, 1, '1.e;2.d;3.c;4.n;5.a;6.c;7.d;8.d;9.c;10.d', '27/02/2025 14:20:29'),
(2646, 2242158, 1, '1.d;2.d;3.c;4.a;5.a;6.b;7.d;8.d;9.c;10.e', '27/02/2025 14:20:54'),
(2647, 2262473, 1, '1.e;2.a;3.c;4.a;5.b;6.c;7.d;8.d;9.c;10.d', '27/02/2025 14:21:17'),
(2648, 2251419, 1, '1.e;2.d;3.c;4.a;5.b;6.c;7.d;8.d;9.c;10.d', '20/03/2025 07:44:19'),
(2649, 2251770, 1, '1.d;2.a;3.c;4.a;5.b;6.c;7.d;8.d;9.c;10.d', '27/02/2025 14:22:02'),
(2650, 5055493, 1, '1.e;2.d;3.e;4.a;5.c;6.e;7.d;8.d;9.a;10.c', '27/02/2025 14:22:32'),
(2651, 2251885, 1, '1.d;2.b;3.e;4.a;5.e;6.d;7.d;8.d;9.c;10.e', '27/02/2025 14:23:01'),
(2652, 2252084, 1, '1.b;2.a;3.c;4.a;5.b;6.c;7.d;8.d;9.c;10.d', '27/02/2025 14:23:23'),
(2653, 2251326, 1, '1.e;2.b;3.c;4.a;5.b;6.c;7.d;8.d;9.c;10.d', '27/02/2025 14:23:48'),
(2654, 2262568, 1, '1.e;2.b;3.c;4.a;5.e;6.c;7.d;8.d;9.c;10.d', '27/02/2025 14:24:09'),
(2655, 2573083, 1, '1.e;2.d;3.c;4.b;5.b;6.c;7.d;8.d;9.c;10.d', '27/02/2025 14:30:09'),
(2656, 3742246, 1, '1.b;2.b;3.a;4.a;5.b;6.c;7.d;8.d;9.c;10.d', '27/02/2025 14:30:30'),
(2657, 2925401, 1, '1.b;2.b;3.a;4.b;5.a;6.c;7.d;8.d;9.a;10.d', '27/02/2025 14:31:04'),
(2658, 3925911, 1, '1.b;2.b;3.a;4.b;5.a;6.c;7.d;8.d;9.a;10.d', '27/02/2025 14:31:26'),
(2659, 2433856, 1, '1.e;2.d;3.a;4.a;5.b;6.c;7.d;8.d;9.c;10.d', '27/02/2025 14:31:51'),
(2660, 2900694, 1, '1.e;2.b;3.c;4.b;5.e;6.c;7.d;8.d;9.c;10.d', '27/02/2025 14:32:30'),
(2661, 2251584, 1, '1.b;2.b;3.a;4.a;5.b;6.c;7.d;8.d;9.d;10.d', '27/02/2025 14:33:30'),
(2662, 2926442, 1, '1.c;2.d;3.c;4.e;5.c;6.e;7.d;8.d;9.c;10.d', '27/02/2025 14:33:52'),
(2663, 2424019, 1, '1.c;2.d;3.a;4.a;5.e;6.e;7.d;8.d;9.c;10.d', '27/02/2025 14:34:15'),
(2664, 2924634, 1, '1.e;2.b;3.b;4.e;5.b;6.b;7.d;8.d;9.a;10.b', '27/02/2025 14:34:39'),
(2665, 2351341, 1, '1.e;2.d;3.a;4.a;5.a;6.d;7.d;8.d;9.c;10.d', '27/02/2025 14:35:05'),
(2666, 3240819, 1, '1.e;2.b;3.b;4.b;5.b;6.e;7.d;8.d;9.a;10.d', '27/02/2025 14:35:34'),
(2667, 2238241, 1, '1.e;2.d;3.a;4.a;5.b;6.c;7.d;8.d;9.c;10.d', '27/02/2025 14:35:54'),
(2668, 2926476, 1, '1.e;2.b;3.c;4.a;5.b;6.a;7.d;8.d;9.c;10.d', '27/02/2025 14:36:19'),
(2669, 2251553, 1, '1.e;2.b;3.c;4.c;5.b;6.c;7.c;8.d;9.e;10.c', '27/02/2025 14:36:49'),
(2670, 2929291, 1, '1.a;2.b;3.b;4.b;5.b;6.e;7.d;8.d;9.a;10.c', '27/02/2025 14:37:13'),
(2671, 2377604, 1, '1.e;2.b;3.a;4.a;5.b;6.c;7.d;8.d;9.c;10.d', '27/02/2025 14:37:35'),
(2672, 2372603, 1, '1.b;2.b;3.a;4.a;5.b;6.c;7.d;8.d;9.e;10.d', '27/02/2025 14:38:00'),
(2673, 2146119, 1, '1.e;2.b;3.c;4.b;5.a;6.a;7.d;8.d;9.c;10.e', '21/03/2025 13:31:26'),
(2674, 2187913, 1, '1.e;2.b;3.c;4.a;5.b;6.c;7.d;8.d;9.c;10.d', '27/02/2025 14:40:27'),
(2675, 2929475, 1, '1.e;2.b;3.c;4.a;5.b;6.c;7.d;8.d;9.c;10.d', '27/02/2025 14:40:47'),
(2676, 5057052, 1, '1.e;2.b;3.c;4.a;5.b;6.b;7.d;8.d;9.c;10.d', '27/02/2025 14:41:16'),
(2677, 2924787, 1, '1.e;2.d;3.c;4.e;5.b;6.c;7.d;8.c;9.c;10.a', '27/02/2025 14:41:43'),
(2678, 2901376, 1, '1.e;2.d;3.c;4.e;5.b;6.c;7.d;8.c;9.c;10.a', '27/02/2025 14:42:18'),
(2679, 2930120, 1, '1.e;2.d;3.c;4.e;5.b;6.c;7.d;8.c;9.c;10.a', '27/02/2025 14:42:55'),
(2680, 2926282, 1, '1.e;2.b;3.d;4.a;5.b;6.c;7.d;8.c;9.c;10.a', '27/02/2025 14:43:30'),
(2681, 3187484, 1, '1.e;2.b;3.c;4.e;5.e;6.c;7.d;8.d;9.c;10.d', '27/02/2025 14:43:55'),
(2682, 2433604, 1, '1.e;2.b;3.c;4.e;5.e;6.c;7.d;8.d;9.c;10.d', '27/02/2025 14:44:23'),
(2683, 2923037, 1, '1.e;2.b;3.c;4.e;5.e;6.c;7.d;8.d;9.c;10.d', '27/02/2025 14:44:46'),
(2684, 4263194, 1, '1.e;2.b;3.c;4.a;5.a;6.d;7.d;8.d;9.a;10.d', '27/02/2025 14:45:55'),
(2685, 2377567, 1, '1.e;2.d;3.c;4.e;5.b;6.c;7.d;8.d;9.c;10.d', '27/02/2025 14:46:18'),
(2686, 2433036, 1, '1.e;2.b;3.c;4.a;5.b;6.c;7.d;8.d;9.c;10.d', '27/02/2025 14:46:42'),
(2687, 2231191, 1, '1.e;2.d;3.c;4.e;5.b;6.c;7.d;8.c;9.c;10.d', '27/02/2025 14:48:01'),
(2688, 1997960, 1, '1.e;2.b;3.c;4.a;5.b;6.c;7.d;8.d;9.c;10.d', '27/02/2025 14:48:25'),
(2689, 2252029, 1, '1.e;2.b;3.c;4.e;5.b;6.c;7.d;8.d;9.c;10.d', '27/02/2025 14:48:51'),
(2690, 2146113, 1, '1.e;2.b;3.c;4.a;5.b;6.c;7.d;8.d;9.c;10.d', '27/02/2025 14:49:15'),
(2691, 2262576, 1, '1.e;2.b;3.c;4.a;5.b;6.c;7.d;8.d;9.c;10.d', '27/02/2025 14:49:41'),
(2692, 2615166, 1, '1.e;2.b;3.c;4.a;5.b;6.c;7.d;8.d;9.c;10.d', '27/02/2025 14:50:12'),
(2693, 2372217, 1, '1.e;2.b;3.c;4.a;5.b;6.c;7.d;8.d;9.c;10.d', '27/02/2025 14:50:33'),
(2694, 2916956, 1, '1.e;2.b;3.c;4.a;5.b;6.c;7.d;8.d;9.c;10.d', '27/02/2025 14:50:55'),
(2695, 3225416, 1, '1.e;2.b;3.c;4.a;5.b;6.c;7.d;8.d;9.c;10.d', '27/02/2025 14:51:19'),
(2696, 5055374, 1, '1.e;2.b;3.c;4.a;5.b;6.c;7.d;8.d;9.c;10.d', '27/02/2025 14:51:39'),
(2697, 2372254, 1, '1.e;2.b;3.c;4.e;5.b;6.c;7.d;8.d;9.c;10.d', '27/02/2025 14:52:04'),
(2698, 2903371, 1, '1.e;2.b;3.c;4.e;5.b;6.c;7.d;8.d;9.c;10.d', '27/02/2025 14:52:25'),
(2699, 4681782, 1, '1.e;2.b;3.c;4.a;5.b;6.c;7.d;8.d;9.c;10.d', '27/02/2025 14:52:53'),
(2700, 3742395, 1, '1.e;2.b;3.c;4.a;5.b;6.c;7.d;8.d;9.c;10.d', '27/02/2025 14:53:19'),
(2701, 2121716, 1, '1.e;2.d;3.c;4.b;5.b;6.c;7.d;8.d;9.c;10.e', '27/02/2025 14:53:41'),
(2702, 3203365, 1, '1.e;2.b;3.a;4.b;5.a;6.c;7.d;8.d;9.c;10.d', '27/02/2025 14:54:07'),
(2703, 2433453, 1, '1.e;2.b;3.c;4.a;5.a;6.c;7.d;8.d;9.c;10.d', '27/02/2025 14:54:32'),
(2704, 2925331, 1, '1.e;2.b;3.c;4.a;5.b;6.c;7.d;8.d;9.a;10.d', '27/02/2025 14:54:56'),
(2705, 5083728, 1, '1.e;2.d;3.c;4.a;5.b;6.d;7.d;8.d;9.c;10.d', '27/02/2025 14:55:22'),
(2706, 2432250, 1, '1.e;2.b;3.c;4.a;5.b;6.c;7.d;8.d;9.c;10.d', '27/02/2025 14:55:44'),
(2707, 2208277, 1, '1.e;2.b;3.a;4.a;5.b;6.c;7.d;8.d;9.c;10.d', '27/02/2025 14:56:12'),
(2708, 2722757, 1, '1.e;2.b;3.c;4.a;5.b;6.d;7.d;8.d;9.a;10.d', '27/02/2025 14:56:39'),
(2709, 5092646, 1, '1.e;2.b;3.a;4.b;5.b;6.c;7.d;8.d;9.a;10.d', '27/02/2025 14:57:09'),
(2710, 2251299, 1, '1.e;2.b;3.c;4.a;5.b;6.c;7.d;8.d;9.c;10.d', '27/02/2025 14:57:32'),
(2711, 2929905, 1, '1.e;2.b;3.b;4.a;5.b;6.c;7.d;8.d;9.c;10.d', '27/02/2025 14:58:01'),
(2712, 2428134, 1, '1.e;2.b;3.b;4.a;5.b;6.c;7.d;8.d;9.c;10.d', '27/02/2025 14:58:20'),
(2713, 2218275, 1, '1.d;2.d;3.c;4.a;5.c;6.c;7.d;8.c;9.c;10.d', '27/02/2025 14:58:47'),
(2714, 1818809, 1, '1.e;2.b;3.c;4.a;5.b;6.c;7.d;8.d;9.c;10.d', '27/02/2025 14:59:07'),
(2715, 2378684, 1, '1.e;2.b;3.c;4.a;5.b;6.c;7.d;8.d;9.c;10.d', '27/02/2025 14:59:31'),
(2716, 2208464, 1, '1.b;2.b;3.a;4.a;5.b;6.c;7.d;8.d;9.d;10.d', '27/02/2025 15:21:41'),
(2717, 3189009, 1, '1.b;2.b;3.a;4.a;5.b;6.c;7.d;8.d;9.c;10.d', '27/02/2025 15:22:09'),
(2718, 2372364, 1, '1.c;2.b;3.e;4.a;5.c;6.d;7.d;8.d;9.a;10.e', '27/02/2025 15:23:38'),
(2719, 3485803, 1, '1.d;2.d;3.c;4.a;5.a;6.b;7.d;8.d;9.e;10.e', '27/02/2025 15:24:05'),
(2720, 2512845, 1, '1.e;2.b;3.c;4.e;5.c;6.e;7.d;8.d;9.c;10.d', '27/02/2025 15:24:36'),
(2721, 3187463, 1, '1.e;2.d;3.a;4.a;5.a;6.c;7.d;8.a;9.b;10.d', '27/02/2025 15:25:50'),
(2722, 2615036, 1, '1.e;2.b;3.c;4.e;5.a;6.e;7.d;8.d;9.c;10.e', '27/02/2025 15:27:26'),
(2723, 3759405, 1, '1.e;2.d;3.c;4.b;5.b;6.c;7.d;8.d;9.a;10.d', '27/02/2025 15:28:01'),
(2724, 3968539, 1, '1.e;2.b;3.c;4.e;5.b;6.a;7.d;8.d;9.e;10.d', '27/02/2025 15:28:46'),
(2725, 2929256, 1, '1.e;2.b;3.c;4.e;5.b;6.a;7.d;8.d;9.e;10.d', '27/02/2025 15:29:33'),
(2726, 2926242, 1, '1.e;2.b;3.b;4.e;5.b;6.e;7.d;8.d;9.c;10.d', '27/02/2025 15:30:01'),
(2727, 2208582, 1, '1.b;2.b;3.a;4.a;5.b;6.c;7.d;8.d;9.d;10.d', '27/02/2025 15:30:28'),
(2728, 2926242, 2, '1.c;2.b;3.e;4.c;5.e;6.d;7.a;8.c;9.b;10.d;11.e;12.a;13.e;14.e;15.b', '27/02/2025 15:33:02'),
(2729, 2929356, 2, '1.c;2.b;3.a;4.b;5.e;6.d;7.c;8.b;9.a;10.a;11.e;12.a;13.e;14.e;15.b', '27/02/2025 15:33:37'),
(2730, 2926501, 1, '1.b;2.b;3.a;4.a;5.b;6.c;7.d;8.d;9.d;10.d', '27/02/2025 15:56:41'),
(2731, 3759405, 2, '1.d;2.b;3.b;4.d;5.e;6.d;7.a;8.c;9.b;10.a;11.c;12.a;13.c;14.a;15.b', '27/02/2025 18:59:10'),
(2732, 2900694, 2, '1.d;2.b;3.b;4.d;5.e;6.d;7.d;8.c;9.b;10.a;11.e;12.a;13.e;14.e;15.b', '27/02/2025 18:59:49'),
(2733, 2925401, 2, '1.d;2.b;3.b;4.d;5.e;6.d;7.d;8.c;9.b;10.a;11.e;12.a;13.e;14.a;15.b', '27/02/2025 19:00:17'),
(2734, 2925028, 2, '1.d;2.b;3.b;4.d;5.e;6.d;7.d;8.c;9.b;10.a;11.e;12.a;13.e;14.a;15.b', '27/02/2025 19:00:45'),
(2735, 2424019, 2, '1.b;2.b;3.b;4.d;5.d;6.b;7.d;8.b;9.b;10.a;11.e;12.a;13.e;14.e;15.b', '27/02/2025 19:01:13'),
(2736, 2373217, 2, '1.a;2.b;3.c;4.d;5.e;6.d;7.c;8.b;9.a;10.a;11.a;12.b;13.c;14.b;15.d', '27/02/2025 19:01:43'),
(2737, 2573083, 2, '1.d;2.b;3.b;4.d;5.e;6.d;7.a;8.c;9.b;10.a;11.e;12.a;13.e;14.a;15.b', '27/02/2025 19:02:14'),
(2738, 3189009, 2, '1.d;2.b;3.b;4.d;5.e;6.d;7.a;8.c;9.b;10.a;11.e;12.a;13.e;14.a;15.b', '27/02/2025 19:03:02'),
(2739, 2372603, 2, '1.d;2.b;3.b;4.d;5.e;6.d;7.a;8.c;9.b;10.a;11.e;12.a;13.e;14.a;15.b', '27/02/2025 19:03:27'),
(2740, 2238241, 2, '1.d;2.b;3.b;4.d;5.e;6.d;7.d;8.c;9.b;10.a;11.e;12.a;13.e;14.a;15.b', '27/02/2025 19:03:55'),
(2741, 2351341, 2, '1.d;2.b;3.b;4.d;5.e;6.d;7.d;8.c;9.b;10.a;11.e;12.a;13.e;14.a;15.b', '27/02/2025 19:04:23'),
(2742, 2242185, 2, '1.d;2.b;3.a;4.d;5.e;6.d;7.a;8.c;9.b;10.a;11.e;12.a;13.e;14.a;15.b', '27/02/2025 19:05:04'),
(2743, 3742246, 2, '1.d;2.b;3.b;4.d;5.e;6.d;7.d;8.c;9.b;10.a;11.e;12.a;13.e;14.e;15.b', '27/02/2025 19:05:37'),
(2744, 2433856, 2, '1.d;2.b;3.b;4.d;5.e;6.d;7.d;8.c;9.b;10.a;11.e;12.a;13.e;14.e;15.b', '27/02/2025 19:06:05'),
(2745, 3925911, 2, '1.d;2.b;3.b;4.d;5.e;6.d;7.d;8.c;9.b;10.a;11.e;12.a;13.e;14.e;15.b', '27/02/2025 19:06:42'),
(2746, 3760637, 2, '1.c;2.a;3.d;4.d;5.b;6.d;7.b;8.b;9.c;10.e;11.e;12.a;13.b;14.e;15.b', '27/02/2025 19:07:31'),
(2747, 2377604, 2, '1.d;2.b;3.b;4.d;5.e;6.d;7.a;8.c;9.b;10.a;11.e;12.a;13.e;14.a;15.b', '27/02/2025 19:07:52'),
(2748, 2208464, 2, '1.d;2.b;3.b;4.d;5.e;6.d;7.a;8.c;9.b;10.a;11.e;12.a;13.e;14.a;15.b', '27/02/2025 19:08:33'),
(2749, 2146143, 2, '1.a;2.b;3.b;4.d;5.a;6.a;7.b;8.b;9.b;10.b;11.c;12.a;13.d;14.d;15.b', '27/02/2025 19:09:22'),
(2750, 2924634, 2, '1.d;2.b;3.b;4.d;5.e;6.d;7.b;8.b;9.c;10.b;11.e;12.e;13.e;14.e;15.b', '27/02/2025 19:09:59'),
(2751, 2926476, 2, '1.d;2.a;3.c;4.e;5.e;6.d;7.b;8.b;9.e;10.b;11.e;12.a;13.e;14.e;15.b', '27/02/2025 19:10:32'),
(2752, 2282210, 1, '1.a;2.d;3.c;4.c;5.c;6.c;7.b;8.d;9.c;10.e', '28/02/2025 07:16:09'),
(2753, 4385024, 1, '1.e;2.b;3.c;4.c;5.b;6.c;7.d;8.d;9.c;10.d', '28/02/2025 07:18:40'),
(2754, 2251370, 1, '1.e;2.b;3.c;4.c;5.d;6.c;7.d;8.d;9.c;10.d', '28/02/2025 07:19:24'),
(2755, 4218812, 1, '1.e;2.b;3.c;4.c;5.b;6.c;7.d;8.d;9.c;10.d', '28/02/2025 07:20:13'),
(2756, 3475206, 1, '1.c;2.d;3.c;4.a;5.b;6.d;7.d;8.c;9.a;10.d', '28/02/2025 07:22:19'),
(2757, 2455868, 1, '1.e;2.c;3.c;4.e;5.b;6.d;7.d;8.d;9.a;10.n', '28/02/2025 07:23:14'),
(2758, 2566768, 1, '1.e;2.d;3.c;4.e;5.b;6.c;7.d;8.d;9.a;10.d', '28/02/2025 07:24:24'),
(2759, 2566855, 1, '1.e;2.e;3.c;4.e;5.c;6.b;7.d;8.d;9.c;10.a', '28/02/2025 07:25:01'),
(2760, 4464201, 1, '1.c;2.e;3.c;4.c;5.b;6.a;7.d;8.d;9.c;10.e', '28/02/2025 07:34:43'),
(2761, 2350374, 2, '1.d;2.b;3.e;4.d;5.d;6.c;7.a;8.d;9.b;10.b;11.e;12.a;13.e;14.e;15.b', '07/03/2025 13:23:12'),
(2762, 2252084, 2, '1.a;2.c;3.a;4.a;5.b;6.b;7.d;8.b;9.c;10.a;11.d;12.a;13.b;14.e;15.b', '07/03/2025 13:23:47'),
(2763, 3861091, 2, '1.d;2.a;3.e;4.d;5.d;6.b;7.d;8.b;9.b;10.b;11.e;12.a;13.e;14.e;15.b', '07/03/2025 13:24:26'),
(2764, 1791263, 2, '1.d;2.a;3.a;4.d;5.n;6.d;7.b;8.b;9.a;10.a;11.e;12.a;13.e;14.e;15.b', '07/03/2025 13:25:02'),
(2765, 2566027, 2, '1.a;2.a;3.b;4.a;5.b;6.b;7.a;8.b;9.b;10.b;11.a;12.a;13.b;14.a;15.b', '07/03/2025 13:26:02'),
(2766, 2146119, 2, '1.c;2.c;3.a;4.c;5.a;6.c;7.a;8.b;9.a;10.a;11.e;12.a;13.e;14.e;15.b', '07/03/2025 13:26:46'),
(2767, 2251553, 2, '1.a;2.b;3.d;4.d;5.d;6.b;7.c;8.b;9.a;10.a;11.e;12.a;13.e;14.e;15.b', '07/03/2025 13:27:16'),
(2768, 3240819, 2, '1.d;2.c;3.a;4.a;5.c;6.d;7.d;8.d;9.c;10.e;11.e;12.a;13.e;14.e;15.b', '07/03/2025 13:27:51'),
(2769, 3187463, 2, '1.d;2.c;3.c;4.c;5.e;6.b;7.d;8.d;9.b;10.a;11.b;12.a;13.e;14.e;15.d', '07/03/2025 13:28:37'),
(2770, 2290945, 2, '1.a;2.c;3.b;4.c;5.b;6.c;7.b;8.e;9.b;10.b;11.a;12.b;13.b;14.a;15.d', '07/03/2025 13:29:28'),
(2771, 4263194, 2, '1.a;2.c;3.a;4.c;5.b;6.c;7.a;8.b;9.d;10.b;11.e;12.b;13.d;14.a;15.b', '07/03/2025 13:30:00'),
(2772, 2362158, 2, '1.d;2.b;3.b;4.d;5.e;6.d;7.d;8.c;9.b;10.a;11.e;12.a;13.e;14.b;15.c', '07/03/2025 13:30:45'),
(2773, 2615291, 2, '1.a;2.c;3.a;4.c;5.c;6.b;7.b;8.c;9.d;10.e;11.e;12.b;13.d;14.b;15.c', '07/03/2025 13:31:21'),
(2774, 2929160, 2, '1.a;2.d;3.a;4.a;5.e;6.d;7.d;8.a;9.d;10.a;11.e;12.c;13.e;14.e;15.a', '07/03/2025 13:31:59'),
(2775, 2926282, 2, '1.d;2.a;3.b;4.a;5.b;6.c;7.b;8.d;9.e;10.b;11.e;12.n;13.e;14.e;15.a', '07/03/2025 13:32:36'),
(2776, 2708368, 2, '1.d;2.b;3.b;4.d;5.e;6.d;7.a;8.c;9.b;10.b;11.e;12.a;13.e;14.e;15.a', '07/03/2025 13:33:12'),
(2777, 2208370, 2, '1.a;2.d;3.b;4.c;5.e;6.a;7.b;8.d;9.a;10.b;11.a;12.c;13.b;14.c;15.a', '07/03/2025 13:33:45'),
(2778, 3187484, 2, '1.a;2.d;3.a;4.b;5.a;6.b;7.a;8.d;9.a;10.a;11.d;12.c;13.e;14.a;15.a', '07/03/2025 13:34:23'),
(2779, 2923037, 2, '1.d;2.a;3.c;4.b;5.c;6.c;7.d;8.a;9.b;10.a;11.e;12.a;13.e;14.e;15.d', '07/03/2025 13:34:59'),
(2780, 2433604, 2, '1.d;2.a;3.d;4.c;5.d;6.c;7.b;8.a;9.a;10.a;11.e;12.c;13.e;14.e;15.b', '07/03/2025 13:35:53'),
(2781, 2146113, 2, '1.d;2.b;3.b;4.d;5.e;6.d;7.a;8.c;9.b;10.a;11.e;12.a;13.e;14.e;15.b', '07/03/2025 13:36:46'),
(2782, 2828000, 2, '1.d;2.b;3.b;4.e;5.e;6.d;7.a;8.b;9.b;10.a;11.e;12.a;13.e;14.e;15.b', '07/03/2025 13:37:17'),
(2783, 2251584, 2, '1.b;2.b;3.a;4.d;5.a;6.c;7.d;8.c;9.b;10.a;11.b;12.c;13.e;14.b;15.a', '07/03/2025 13:38:27'),
(2784, 2427183, 1, '1.e;2.b;3.b;4.b;5.b;6.c;7.d;8.d;9.c;10.d', '07/03/2025 14:19:26'),
(2785, 2350374, 1, '1.e;2.b;3.c;4.a;5.b;6.c;7.d;8.d;9.a;10.d', '07/03/2025 14:19:57'),
(2786, 2566027, 1, '1.a;2.b;3.b;4.c;5.b;6.d;7.d;8.d;9.b;10.d', '07/03/2025 14:20:22'),
(2787, 2434146, 1, '1.e;2.b;3.c;4.a;5.b;6.c;7.d;8.d;9.c;10.d', '07/03/2025 14:20:44'),
(2788, 3760637, 1, '1.b;2.b;3.a;4.e;5.a;6.c;7.b;8.d;9.a;10.a', '07/03/2025 14:21:23'),
(2789, 3764242, 1, '1.a;2.d;3.b;4.c;5.b;6.a;7.d;8.d;9.d;10.d', '07/03/2025 14:21:58'),
(2790, 2929160, 1, '1.c;2.d;3.c;4.a;5.b;6.e;7.d;8.d;9.d;10.d', '07/03/2025 14:22:31'),
(2791, 2208370, 1, '1.a;2.b;3.b;4.a;5.e;6.d;7.d;8.d;9.e;10.a', '07/03/2025 14:22:52'),
(2792, 2432116, 1, '1.a;2.b;3.b;4.a;5.e;6.d;7.d;8.d;9.a;10.c', '07/03/2025 14:23:15'),
(2793, 2828000, 1, '1.e;2.b;3.c;4.e;5.b;6.c;7.d;8.d;9.c;10.d', '07/03/2025 14:23:56'),
(2794, 2146190, 1, '1.e;2.b;3.c;4.a;5.a;6.c;7.d;8.d;9.c;10.d', '07/03/2025 14:24:21'),
(2795, 2432052, 1, '1.e;2.d;3.c;4.a;5.b;6.c;7.d;8.d;9.c;10.d', '07/03/2025 14:25:01'),
(2796, 1827655, 1, '1.e;2.b;3.c;4.b;5.e;6.c;7.d;8.d;9.c;10.d', '07/03/2025 14:27:45'),
(2797, 2708368, 1, '1.e;2.b;3.c;4.b;5.b;6.c;7.d;8.d;9.c;10.d', '07/03/2025 14:28:47'),
(2798, 2290945, 1, '1.e;2.d;3.c;4.a;5.b;6.a;7.d;8.d;9.a;10.b', '07/03/2025 14:34:21'),
(2799, 2615291, 1, '1.c;2.a;3.d;4.b;5.e;6.d;7.a;8.b;9.e;10.c', '07/03/2025 14:35:02'),
(2800, 2615438, 1, '1.e;2.d;3.c;4.a;5.b;6.a;7.d;8.d;9.a;10.b', '07/03/2025 14:35:25'),
(2801, 2362158, 1, '1.e;2.d;3.d;4.a;5.b;6.d;7.a;8.b;9.d;10.c', '07/03/2025 14:35:54'),
(2802, 3490090, 1, '1.a;2.a;3.b;4.c;5.e;6.d;7.d;8.b;9.d;10.e', '07/03/2025 16:27:43'),
(2803, 2930120, 2, '1.d;2.c;3.b;4.d;5.e;6.d;7.a;8.c;9.d;10.a;11.e;12.a;13.e;14.e;15.b', '11/03/2025 07:32:08'),
(2804, 2929475, 2, '1.a;2.a;3.a;4.d;5.d;6.c;7.b;8.e;9.b;10.a;11.e;12.a;13.e;14.e;15.b', '11/03/2025 07:33:02'),
(2805, 2373004, 2, '1.c;2.c;3.c;4.b;5.d;6.a;7.d;8.b;9.b;10.e;11.c;12.a;13.b;14.e;15.d', '11/03/2025 13:03:54'),
(2806, 2238228, 2, '1.c;2.b;3.a;4.c;5.e;6.b;7.b;8.d;9.c;10.b;11.a;12.a;13.c;14.b;15.d', '11/03/2025 13:04:38'),
(2807, 2926442, 2, '1.a;2.a;3.a;4.d;5.b;6.c;7.d;8.d;9.d;10.a;11.e;12.a;13.a;14.e;15.b', '11/03/2025 13:05:27'),
(2808, 3747413, 3, '1.d;2.d;3.b;4.d;5.d;6.b;7.c;8.d;9.d;10.d', '13/03/2025 08:48:41'),
(2809, 3475206, 3, '1.d;2.a;3.a;4.a;5.b;6.c;7.d;8.d;9.d;10.d', '13/03/2025 08:49:29'),
(2810, 2615375, 3, '1.d;2.b;3.a;4.a;5.b;6.c;7.a;8.a;9.d;10.c', '13/03/2025 08:50:01'),
(2811, 2115992, 3, '1.d;2.a;3.c;4.a;5.a;6.a;7.a;8.a;9.a;10.b', '13/03/2025 08:50:32'),
(2812, 2566855, 3, '1.d;2.a;3.n;4.a;5.d;6.a;7.d;8.d;9.d;10.d', '13/03/2025 08:51:03'),
(2813, 4947787, 3, '1.c;2.d;3.c;4.b;5.d;6.d;7.d;8.d;9.d;10.c', '13/03/2025 08:51:56'),
(2814, 2722887, 3, '1.d;2.a;3.a;4.a;5.b;6.c;7.a;8.d;9.d;10.d', '13/03/2025 08:52:34'),
(2815, 2455868, 3, '1.d;2.a;3.a;4.a;5.b;6.c;7.d;8.d;9.d;10.d', '13/03/2025 08:53:00'),
(2816, 3742212, 3, '1.b;2.a;3.a;4.a;5.b;6.c;7.d;8.d;9.d;10.d', '13/03/2025 08:53:41'),
(2817, 2208313, 3, '1.d;2.a;3.a;4.a;5.b;6.c;7.d;8.d;9.d;10.d', '13/03/2025 08:54:09'),
(2818, 4385024, 3, '1.c;2.a;3.c;4.a;5.d;6.c;7.d;8.d;9.c;10.d', '14/03/2025 07:44:30'),
(2819, 4464201, 3, '1.d;2.a;3.a;4.b;5.d;6.b;7.c;8.d;9.d;10.a', '13/03/2025 09:01:24'),
(2820, 2566768, 3, '1.c;2.d;3.c;4.b;5.d;6.d;7.d;8.d;9.d;10.c', '14/03/2025 07:41:26'),
(2821, 2007210, 3, '1.c;2.b;3.b;4.c;5.b;6.d;7.c;8.a;9.a;10.b', '14/03/2025 07:41:58'),
(2822, 4862063, 3, '1.a;2.b;3.d;4.b;5.a;6.c;7.b;8.d;9.a;10.a', '14/03/2025 07:42:33'),
(2823, 2282210, 3, '1.c;2.c;3.d;4.b;5.d;6.c;7.d;8.c;9.d;10.a', '14/03/2025 07:43:07'),
(2824, 5056977, 3, '1.d;2.a;3.b;4.b;5.b;6.d;7.b;8.b;9.b;10.b', '14/03/2025 07:43:56'),
(2825, 2249968, 3, '1.a;2.b;3.c;4.b;5.b;6.d;7.e;8.c;9.d;10.c', '14/03/2025 07:45:18'),
(2826, 2512845, 2, '1.a;2.c;3.a;4.c;5.d;6.d;7.d;8.a;9.d;10.e;11.d;12.a;13.a;14.a;15.d', '18/03/2025 07:44:23'),
(2827, 2434146, 2, '1.d;2.b;3.b;4.a;5.e;6.d;7.a;8.b;9.b;10.b;11.e;12.a;13.e;14.e;15.b', '18/03/2025 07:45:01'),
(2828, 3485803, 2, '1.d;2.b;3.a;4.c;5.a;6.d;7.b;8.a;9.b;10.a;11.e;12.a;13.e;14.e;15.b', '18/03/2025 07:45:43'),
(2829, 2372364, 2, '1.d;2.b;3.b;4.c;5.e;6.c;7.a;8.b;9.b;10.a;11.e;12.a;13.e;14.e;15.d', '18/03/2025 07:46:24'),
(2830, 3490090, 2, '1.d;2.b;3.d;4.c;5.c;6.b;7.b;8.d;9.c;10.d;11.e;12.a;13.e;14.e;15.b', '18/03/2025 07:47:03'),
(2831, 4412000, 2, '1.d;2.c;3.b;4.d;5.e;6.d;7.a;8.d;9.b;10.a;11.e;12.a;13.e;14.e;15.b', '18/03/2025 07:47:39'),
(2832, 2372311, 2, '1.d;2.b;3.a;4.d;5.c;6.d;7.b;8.b;9.b;10.a;11.e;12.a;13.e;14.e;15.b', '18/03/2025 07:49:03'),
(2833, 2208582, 2, '1.a;2.d;3.a;4.b;5.b;6.c;7.d;8.b;9.a;10.a;11.e;12.a;13.e;14.e;15.b', '18/03/2025 07:50:19'),
(2834, 2141099, 2, '1.d;2.a;3.a;4.c;5.d;6.c;7.d;8.a;9.a;10.a;11.e;12.a;13.e;14.e;15.b', '18/03/2025 07:51:34'),
(2835, 5056977, 1, '1.e;2.b;3.c;4.a;5.b;6.c;7.d;8.d;9.c;10.d', '18/03/2025 20:16:12'),
(2836, 2615375, 1, '1.e;2.d;3.c;4.a;5.b;6.a;7.d;8.d;9.c;10.d', '18/03/2025 20:16:56'),
(2837, 841566, 1, '1.e;2.d;3.c;4.a;5.b;6.c;7.d;8.c;9.a;10.d', '18/03/2025 20:17:59'),
(2838, 3742212, 1, '1.e;2.d;3.c;4.b;5.b;6.a;7.d;8.d;9.c;10.d', '18/03/2025 20:18:44'),
(2839, 4862063, 1, '1.d;2.b;3.a;4.a;5.a;6.c;7.d;8.d;9.e;10.d', '18/03/2025 20:25:17'),
(2840, 2722887, 1, '1.e;2.b;3.b;4.a;5.b;6.c;7.d;8.c;9.c;10.d', '18/03/2025 20:25:49'),
(2841, 4412000, 1, '1.e;2.b;3.c;4.d;5.b;6.c;7.d;8.d;9.c;10.c', '20/03/2025 07:43:49'),
(2842, 2372311, 1, '1.e;2.d;3.c;4.d;5.b;6.c;7.d;8.d;9.c;10.c', '20/03/2025 07:43:23'),
(2843, 3483991, 1, '1.e;2.b;3.c;4.b;5.b;6.c;7.d;8.d;9.c;10.c', '20/03/2025 07:43:06'),
(2844, 841566, 3, '1.b;2.c;3.b;4.a;5.d;6.d;7.a;8.c;9.d;10.c', '20/03/2025 08:58:12'),
(2845, 2249968, 1, '1.c;2.b;3.d;4.a;5.a;6.e;7.d;8.b;9.c;10.e', '21/03/2025 07:11:27'),
(2846, 2188230, 1, '1.c;2.b;3.c;4.e;5.a;6.c;7.d;8.d;9.c;10.d', '21/03/2025 07:14:31'),
(2847, 2007210, 1, '1.e;2.d;3.c;4.e;5.c;6.e;7.d;8.d;9.c;10.d', '21/03/2025 07:15:18'),
(2848, 2115992, 1, '1.c;2.d;3.c;4.c;5.a;6.c;7.d;8.d;9.b;10.d', '21/03/2025 07:15:58'),
(2849, 2929356, 1, '1.e;2.d;3.c;4.e;5.b;6.c;7.d;8.c;9.c;10.d', '21/03/2025 10:21:01'),
(2850, 4184379, 1, '1.e;2.d;3.c;4.e;5.b;6.a;7.d;8.d;9.e;10.d', '21/03/2025 10:23:27'),
(2851, 2925028, 1, '1.e;2.b;3.c;4.a;5.b;6.c;7.c;8.c;9.c;10.d', '21/03/2025 13:28:38'),
(2852, 2146143, 1, '1.e;2.b;3.c;4.a;5.b;6.c;7.c;8.c;9.c;10.d', '21/03/2025 13:29:13'),
(2853, 4692982, 1, '1.e;2.b;3.c;4.a;5.b;6.c;7.c;8.c;9.c;10.d', '21/03/2025 14:02:13'),
(2854, 2251370, 3, '1.b;2.c;3.a;4.b;5.c;6.a;7.a;8.c;9.a;10.b', '21/03/2025 14:09:22'),
(2855, 2188230, 3, '1.a;2.c;3.b;4.a;5.c;6.a;7.b;8.b;9.b;10.b', '21/03/2025 14:09:56'),
(2856, 2187913, 5, '1.c;2.c;3.c;4.e;5.c;6.d;7.b;8.a;9.d;10.e;11.d;12.b;13.c;14.e;15.c;16.b;17.e;18.c;19.a;20.c', '04/04/2025 08:10:49'),
(2857, 2923037, 5, '1.c;2.e;3.c;4.e;5.c;6.d;7.e;8.c;9.c;10.d;11.d;12.b;13.e;14.e;15.d;16.e;17.e;18.c;19.c;20.c', '04/04/2025 08:11:42'),
(2858, 2432116, 5, '1.c;2.a;3.e;4.d;5.b;6.c;7.e;8.a;9.b;10.d;11.e;12.b;13.e;14.a;15.d;16.d;17.b;18.e;19.c;20.b', '04/04/2025 08:13:04'),
(2859, 2929356, 5, '1.c;2.c;3.c;4.a;5.b;6.d;7.e;8.d;9.c;10.b;11.d;12.a;13.d;14.c;15.b;16.d;17.b;18.c;19.d;20.a', '04/04/2025 08:13:55'),
(2860, 2901376, 5, '1.a;2.e;3.a;4.a;5.b;6.c;7.e;8.e;9.a;10.d;11.a;12.c;13.a;14.b;15.c;16.d;17.b;18.n;19.b;20.c', '04/04/2025 08:15:56'),
(2861, 2929475, 5, '1.d;2.b;3.b;4.e;5.c;6.d;7.e;8.e;9.a;10.a;11.d;12.a;13.a;14.b;15.e;16.b;17.d;18.c;19.c;20.c', '04/04/2025 08:17:50'),
(2862, 2929256, 5, '1.c;2.e;3.c;4.e;5.c;6.d;7.e;8.c;9.c;10.a;11.e;12.b;13.b;14.e;15.e;16.b;17.e;18.c;19.c;20.c', '04/04/2025 08:19:11'),
(2863, 2929160, 5, '1.a;2.e;3.a;4.e;5.c;6.b;7.e;8.c;9.c;10.e;11.d;12.b;13.c;14.c;15.d;16.b;17.e;18.c;19.a;20.c', '04/04/2025 08:20:17'),
(2864, 5057052, 5, '1.c;2.c;3.d;4.e;5.c;6.b;7.b;8.e;9.a;10.d;11.d;12.b;13.c;14.e;15.c;16.d;17.e;18.c;19.a;20.c', '04/04/2025 08:21:17'),
(2865, 2432918, 5, '1.c;2.e;3.a;4.c;5.c;6.d;7.c;8.b;9.b;10.d;11.d;12.b;13.c;14.c;15.d;16.d;17.e;18.c;19.a;20.c', '04/04/2025 08:22:15'),
(2866, 3764242, 5, '1.b;2.c;3.c;4.e;5.b;6.a;7.e;8.b;9.c;10.d;11.d;12.b;13.c;14.c;15.a;16.a;17.c;18.b;19.d;20.c', '04/04/2025 08:23:18'),
(2867, 2926282, 5, '1.c;2.a;3.c;4.a;5.b;6.d;7.a;8.c;9.a;10.b;11.a;12.a;13.c;14.c;15.a;16.b;17.c;18.a;19.d;20.a', '04/04/2025 08:24:49'),
(2868, 2926242, 5, '1.b;2.b;3.d;4.c;5.c;6.e;7.b;8.c;9.e;10.d;11.e;12.b;13.c;14.c;15.c;16.d;17.e;18.c;19.a;20.c', '04/04/2025 08:25:41'),
(2869, 2432052, 5, '1.d;2.b;3.d;4.c;5.b;6.e;7.e;8.d;9.a;10.b;11.d;12.b;13.c;14.e;15.c;16.b;17.e;18.c;19.d;20.c', '04/04/2025 08:26:33'),
(2870, 2615438, 5, '1.c;2.c;3.d;4.e;5.c;6.b;7.b;8.e;9.a;10.d;11.d;12.b;13.c;14.e;15.c;16.d;17.e;18.c;19.a;20.c', '04/04/2025 08:27:37'),
(2871, 2615291, 5, '1.c;2.c;3.d;4.e;5.c;6.b;7.b;8.b;9.a;10.d;11.a;12.b;13.c;14.e;15.c;16.d;17.a;18.d;19.a;20.c', '04/04/2025 08:28:53'),
(2872, 2924787, 5, '1.b;2.a;3.d;4.a;5.c;6.b;7.a;8.e;9.b;10.b;11.d;12.a;13.c;14.b;15.a;16.b;17.d;18.a;19.c;20.b', '04/04/2025 08:30:13'),
(2873, 3187484, 5, '1.c;2.e;3.c;4.e;5.c;6.d;7.e;8.a;9.a;10.b;11.d;12.a;13.e;14.c;15.a;16.d;17.e;18.c;19.c;20.c', '04/04/2025 08:31:28'),
(2874, 4263194, 5, '1.b;2.e;3.b;4.c;5.e;6.a;7.e;8.c;9.a;10.e;11.b;12.c;13.d;14.b;15.c;16.b;17.e;18.c;19.a;20.c', '04/04/2025 08:32:25'),
(2875, 3925911, 5, '1.b;2.c;3.d;4.e;5.a;6.e;7.e;8.d;9.a;10.a;11.d;12.e;13.b;14.e;15.d;16.d;17.e;18.c;19.a;20.c', '04/04/2025 08:35:48'),
(2876, 2238241, 5, '1.b;2.b;3.a;4.e;5.b;6.e;7.e;8.d;9.a;10.e;11.d;12.b;13.c;14.c;15.e;16.d;17.n;18.c;19.c;20.c', '04/04/2025 08:45:30'),
(2877, 2372603, 5, '1.d;2.b;3.a;4.e;5.b;6.e;7.e;8.d;9.a;10.e;11.d;12.b;13.c;14.c;15.e;16.d;17.e;18.b;19.c;20.c', '04/04/2025 08:47:09'),
(2878, 3187463, 5, '1.b;2.e;3.d;4.e;5.d;6.d;7.e;8.b;9.d;10.e;11.d;12.b;13.c;14.e;15.e;16.d;17.e;18.c;19.a;20.c', '04/04/2025 08:48:50'),
(2879, 2573083, 5, '1.b;2.b;3.c;4.c;5.b;6.e;7.d;8.c;9.b;10.b;11.d;12.b;13.c;14.e;15.c;16.d;17.e;18.c;19.a;20.c', '04/04/2025 08:50:48'),
(2880, 2146119, 5, '1.b;2.e;3.b;4.c;5.a;6.e;7.e;8.d;9.b;10.a;11.a;12.b;13.e;14.b;15.c;16.b;17.d;18.c;19.d;20.b', '04/04/2025 08:52:29'),
(2881, 3240819, 5, '1.b;2.e;3.a;4.e;5.c;6.e;7.e;8.e;9.b;10.e;11.d;12.e;13.b;14.c;15.d;16.d;17.e;18.c;19.b;20.c', '04/04/2025 08:55:46'),
(2882, 2251584, 5, '1.b;2.b;3.a;4.e;5.b;6.b;7.c;8.c;9.a;10.e;11.d;12.c;13.b;14.c;15.e;16.d;17.b;18.c;19.c;20.b', '04/04/2025 08:57:51'),
(2883, 2146143, 5, '1.b;2.e;3.b;4.c;5.b;6.e;7.e;8.d;9.c;10.a;11.d;12.b;13.c;14.e;15.c;16.d;17.e;18.c;19.b;20.c', '04/04/2025 09:00:30'),
(2884, 2926442, 5, '1.b;2.c;3.c;4.b;5.e;6.e;7.e;8.d;9.a;10.b;11.e;12.d;13.d;14.c;15.b;16.b;17.e;18.c;19.b;20.c', '04/04/2025 09:02:53'),
(2885, 2208464, 5, '1.a;2.b;3.a;4.d;5.c;6.e;7.e;8.d;9.a;10.c;11.d;12.a;13.b;14.a;15.e;16.a;17.d;18.b;19.c;20.b', '04/04/2025 09:05:28'),
(2886, 2427183, 5, '1.b;2.d;3.c;4.c;5.d;6.d;7.e;8.b;9.d;10.e;11.d;12.b;13.c;14.b;15.e;16.d;17.e;18.c;19.a;20.c', '04/04/2025 09:09:40'),
(2887, 2373004, 5, '1.d;2.b;3.b;4.a;5.a;6.b;7.e;8.d;9.b;10.a;11.b;12.c;13.b;14.e;15.d;16.d;17.e;18.c;19.b;20.c', '04/04/2025 09:12:08'),
(2888, 2900925, 5, '1.b;2.e;3.e;4.d;5.a;6.c;7.e;8.b;9.e;10.d;11.d;12.e;13.b;14.c;15.d;16.d;17.e;18.c;19.c;20.c', '04/04/2025 09:14:33'),
(2889, 3485803, 5, '1.d;2.e;3.d;4.c;5.b;6.d;7.d;8.e;9.a;10.b;11.d;12.b;13.c;14.e;15.a;16.d;17.e;18.c;19.a;20.c', '04/04/2025 09:18:09'),
(2890, 3743476, 5, '1.b;2.b;3.c;4.e;5.b;6.b;7.d;8.d;9.d;10.c;11.d;12.b;13.c;14.c;15.d;16.d;17.e;18.c;19.c;20.c', '04/04/2025 09:21:08'),
(2891, 2146087, 5, '1.b;2.c;3.d;4.c;5.c;6.d;7.b;8.c;9.b;10.c;11.d;12.a;13.a;14.c;15.c;16.b;17.e;18.c;19.e;20.c', '04/04/2025 09:23:46'),
(2892, 2512845, 5, '1.d;2.e;3.d;4.e;5.b;6.b;7.e;8.b;9.a;10.b;11.b;12.b;13.c;14.e;15.e;16.d;17.e;18.c;19.c;20.c', '04/04/2025 09:25:23'),
(2893, 2372311, 5, '1.b;2.d;3.e;4.c;5.c;6.d;7.b;8.d;9.a;10.e;11.d;12.a;13.a;14.e;15.e;16.b;17.c;18.c;19.c;20.c', '04/04/2025 09:28:02'),
(2894, 2439593, 5, '1.b;2.b;3.a;4.c;5.e;6.c;7.e;8.d;9.a;10.b;11.b;12.c;13.d;14.c;15.e;16.e;17.e;18.c;19.c;20.c', '04/04/2025 09:41:26'),
(2895, 3483991, 5, '1.a;2.d;3.a;4.e;5.a;6.e;7.e;8.e;9.a;10.e;11.d;12.e;13.b;14.e;15.c;16.b;17.e;18.c;19.a;20.d', '04/04/2025 09:46:10'),
(2896, 2566027, 5, '1.b;2.b;3.b;4.c;5.c;6.d;7.b;8.c;9.a;10.a;11.d;12.b;13.a;14.e;15.e;16.a;17.e;18.c;19.b;20.c', '04/04/2025 09:48:46'),
(2897, 2251326, 5, '1.c;2.d;3.c;4.c;5.c;6.d;7.a;8.b;9.d;10.d;11.d;12.b;13.c;14.e;15.d;16.a;17.e;18.c;19.a;20.c', '04/04/2025 09:51:50'),
(2898, 2251770, 5, '1.a;2.c;3.b;4.e;5.d;6.c;7.e;8.d;9.a;10.b;11.d;12.d;13.b;14.e;15.a;16.b;17.c;18.c;19.a;20.c', '04/04/2025 09:53:59'),
(2899, 2251419, 5, '1.c;2.d;3.c;4.c;5.c;6.d;7.a;8.b;9.d;10.d;11.d;12.b;13.c;14.c;15.d;16.a;17.e;18.c;19.a;20.c', '04/04/2025 09:56:26'),
(2900, 2252084, 5, '1.b;2.e;3.b;4.c;5.b;6.c;7.d;8.d;9.b;10.b;11.d;12.b;13.a;14.c;15.e;16.c;17.b;18.a;19.b;20.d', '04/04/2025 09:59:13'),
(2901, 2615319, 5, '1.b;2.d;3.b;4.e;5.b;6.d;7.e;8.d;9.a;10.b;11.d;12.b;13.c;14.c;15.a;16.d;17.e;18.c;19.b;20.c', '04/04/2025 10:04:23'),
(2902, 2251885, 5, '1.e;2.c;3.e;4.c;5.b;6.b;7.e;8.c;9.a;10.e;11.d;12.b;13.c;14.b;15.d;16.d;17.d;18.c;19.c;20.c', '04/04/2025 10:06:40'),
(2903, 5055493, 5, '1.b;2.c;3.e;4.e;5.b;6.e;7.e;8.d;9.b;10.c;11.d;12.b;13.c;14.c;15.d;16.b;17.e;18.c;19.a;20.c', '04/04/2025 10:08:53'),
(2904, 1791263, 5, '1.b;2.b;3.c;4.e;5.d;6.d;7.c;8.d;9.a;10.d;11.d;12.b;13.c;14.c;15.d;16.d;17.e;18.c;19.a;20.c', '04/04/2025 10:11:05'),
(2905, 2923138, 5, '1.b;2.d;3.a;4.c;5.d;6.e;7.c;8.e;9.d;10.c;11.d;12.b;13.c;14.e;15.e;16.c;17.e;18.c;19.a;20.c', '04/04/2025 10:13:23'),
(2906, 4412000, 5, '1.e;2.c;3.d;4.c;5.b;6.a;7.e;8.n;9.d;10.e;11.d;12.b;13.c;14.c;15.c;16.d;17.e;18.c;19.c;20.c', '04/04/2025 10:16:25'),
(2907, 2242158, 5, '1.b;2.e;3.d;4.e;5.c;6.e;7.e;8.d;9.c;10.a;11.d;12.b;13.a;14.e;15.d;16.b;17.e;18.c;19.b;20.c', '04/04/2025 10:18:23'),
(2908, 2372423, 5, '1.b;2.d;3.c;4.c;5.b;6.d;7.b;8.b;9.b;10.d;11.d;12.c;13.e;14.e;15.e;16.a;17.e;18.c;19.a;20.c', '04/04/2025 10:20:38'),
(2909, 2434146, 5, '1.n;2.n;3.n;4.n;5.n;6.n;7.n;8.n;9.n;10.n;11.n;12.n;13.n;14.n;15.n;16.n;17.n;18.n;19.n;20.n', '04/04/2025 10:33:40'),
(2910, 2432250, 5, '1.c;2.d;3.c;4.e;5.c;6.d;7.b;8.a;9.a;10.b;11.d;12.b;13.c;14.e;15.c;16.d;17.e;18.c;19.a;20.c', '04/04/2025 10:35:40'),
(2911, 3203365, 5, '1.c;2.d;3.e;4.c;5.c;6.e;7.e;8.a;9.a;10.e;11.d;12.d;13.d;14.e;15.d;16.d;17.e;18.c;19.a;20.c', '04/04/2025 10:37:18'),
(2912, 5092646, 5, '1.c;2.d;3.d;4.e;5.c;6.e;7.c;8.d;9.d;10.d;11.d;12.b;13.c;14.c;15.d;16.d;17.e;18.c;19.a;20.c', '04/04/2025 13:09:52'),
(2913, 1818809, 5, '1.b;2.e;3.e;4.e;5.a;6.b;7.e;8.d;9.a;10.d;11.d;12.d;13.d;14.e;15.e;16.d;17.e;18.c;19.a;20.c', '04/04/2025 10:41:32'),
(2914, 1997960, 5, '1.c;2.e;3.a;4.c;5.c;6.b;7.b;8.d;9.a;10.b;11.d;12.a;13.c;14.e;15.e;16.b;17.e;18.c;19.a;20.c', '04/04/2025 13:11:21'),
(2915, 2929905, 5, '1.c;2.b;3.b;4.a;5.c;6.d;7.e;8.c;9.d;10.c;11.d;12.b;13.c;14.e;15.e;16.b;17.c;18.c;19.a;20.c', '04/04/2025 13:13:04'),
(2916, 2262576, 5, '1.c;2.d;3.a;4.c;5.c;6.d;7.b;8.b;9.d;10.d;11.d;12.b;13.c;14.e;15.c;16.d;17.e;18.c;19.a;20.c', '04/04/2025 13:14:01'),
(2917, 2378684, 5, '1.c;2.d;3.c;4.c;5.c;6.d;7.b;8.b;9.b;10.d;11.d;12.b;13.c;14.e;15.d;16.d;17.e;18.c;19.a;20.c', '04/04/2025 13:14:54'),
(2918, 2208277, 5, '1.b;2.c;3.d;4.e;5.c;6.d;7.e;8.a;9.a;10.b;11.d;12.b;13.c;14.e;15.d;16.d;17.e;18.c;19.a;20.c', '04/04/2025 13:15:46'),
(2919, 4681782, 5, '1.c;2.d;3.c;4.c;5.c;6.d;7.b;8.c;9.d;10.d;11.d;12.e;13.b;14.e;15.c;16.d;17.e;18.c;19.a;20.c', '04/04/2025 13:16:34'),
(2920, 2828000, 5, '1.b;2.b;3.c;4.c;5.c;6.d;7.e;8.b;9.d;10.d;11.d;12.b;13.c;14.e;15.c;16.d;17.e;18.c;19.e;20.c', '04/04/2025 13:17:20'),
(2921, 2372217, 5, '1.c;2.d;3.c;4.c;5.c;6.d;7.b;8.b;9.a;10.e;11.d;12.b;13.c;14.e;15.d;16.d;17.e;18.c;19.a;20.c', '04/04/2025 13:18:10'),
(2922, 2252029, 5, '1.c;2.d;3.c;4.c;5.c;6.d;7.e;8.e;9.a;10.e;11.d;12.b;13.c;14.e;15.c;16.d;17.e;18.c;19.a;20.c', '04/04/2025 13:18:50'),
(2923, 2218275, 5, '1.c;2.d;3.c;4.c;5.c;6.d;7.b;8.e;9.d;10.d;11.d;12.b;13.c;14.e;15.d;16.d;17.e;18.c;19.a;20.c', '04/04/2025 13:19:38'),
(2924, 2903371, 5, '1.e;2.d;3.c;4.e;5.d;6.d;7.c;8.b;9.b;10.d;11.a;12.c;13.a;14.e;15.c;16.d;17.e;18.c;19.a;20.c', '04/04/2025 13:20:55'),
(2925, 3224004, 5, '1.a;2.c;3.d;4.e;5.b;6.b;7.a;8.c;9.d;10.e;11.d;12.c;13.b;14.e;15.a;16.a;17.d;18.c;19.e;20.b', '04/04/2025 13:21:50'),
(2926, 2372254, 5, '1.b;2.b;3.e;4.b;5.c;6.d;7.d;8.d;9.a;10.c;11.a;12.b;13.c;14.e;15.d;16.b;17.c;18.c;19.a;20.b', '04/04/2025 13:22:34'),
(2927, 1827655, 5, '1.c;2.d;3.c;4.c;5.d;6.b;7.d;8.c;9.b;10.d;11.d;12.e;13.d;14.e;15.c;16.d;17.e;18.c;19.a;20.c', '04/04/2025 13:23:25'),
(2928, 2121716, 5, '1.c;2.d;3.c;4.c;5.c;6.d;7.e;8.c;9.b;10.b;11.c;12.b;13.a;14.c;15.e;16.a;17.e;18.c;19.c;20.d', '04/04/2025 13:24:11'),
(2929, 2251299, 5, '1.b;2.b;3.c;4.c;5.c;6.d;7.b;8.b;9.d;10.d;11.d;12.b;13.c;14.e;15.c;16.d;17.e;18.c;19.a;20.c', '04/04/2025 13:25:02'),
(2930, 2925331, 5, '1.c;2.d;3.c;4.c;5.c;6.d;7.b;8.b;9.d;10.d;11.d;12.b;13.c;14.e;15.c;16.a;17.e;18.c;19.a;20.c', '04/04/2025 13:25:43'),
(2931, 2231191, 5, '1.c;2.d;3.d;4.e;5.c;6.d;7.b;8.a;9.a;10.b;11.d;12.b;13.c;14.c;15.c;16.d;17.e;18.c;19.c;20.c', '04/04/2025 13:26:30'),
(2932, 2615166, 5, '1.c;2.d;3.c;4.c;5.c;6.d;7.b;8.a;9.d;10.b;11.d;12.b;13.c;14.e;15.d;16.d;17.e;18.c;19.a;20.c', '04/04/2025 13:27:15'),
(2933, 3225416, 5, '1.c;2.d;3.c;4.d;5.c;6.e;7.e;8.c;9.b;10.a;11.d;12.b;13.c;14.b;15.c;16.c;17.e;18.c;19.a;20.c', '04/04/2025 13:28:04'),
(2934, 5055374, 5, '1.c;2.d;3.c;4.c;5.c;6.d;7.b;8.b;9.d;10.d;11.d;12.b;13.c;14.e;15.c;16.a;17.e;18.c;19.a;20.c', '04/04/2025 13:28:57'),
(2935, 2372217, 4, '1.a;2.b;3.d;4.b;5.c;6.a;7.c;8.a;9.c;10.a', '08/04/2025 07:07:15'),
(2936, 1827655, 4, '1.a;2.b;3.d;4.b;5.c;6.a;7.c;8.a;9.c;10.a', '08/04/2025 07:07:48'),
(2937, 2916956, 4, '1.c;2.a;3.d;4.b;5.c;6.a;7.d;8.a;9.c;10.a', '08/04/2025 07:08:26'),
(2938, 2372254, 4, '1.c;2.a;3.d;4.b;5.c;6.a;7.d;8.a;9.e;10.a', '08/04/2025 07:08:55'),
(2939, 2218275, 4, '1.a;2.d;3.c;4.b;5.a;6.a;7.e;8.a;9.c;10.a', '08/04/2025 07:09:25'),
(2940, 2231191, 4, '1.a;2.d;3.d;4.b;5.c;6.a;7.d;8.a;9.c;10.a', '08/04/2025 07:09:52'),
(2941, 1997960, 4, '1.a;2.d;3.d;4.b;5.a;6.a;7.d;8.a;9.c;10.a', '08/04/2025 07:10:20'),
(2942, 2432250, 4, '1.a;2.d;3.d;4.b;5.c;6.a;7.d;8.a;9.c;10.a', '08/04/2025 07:10:44'),
(2943, 2121716, 4, '1.a;2.d;3.d;4.b;5.a;6.a;7.b;8.a;9.c;10.a', '08/04/2025 07:11:14'),
(2944, 4681782, 4, '1.a;2.d;3.d;4.b;5.a;6.a;7.b;8.a;9.c;10.a', '08/04/2025 07:11:48'),
(2945, 5083728, 4, '1.a;2.d;3.d;4.a;5.c;6.a;7.d;8.a;9.c;10.a', '08/04/2025 07:12:21'),
(2946, 5092646, 4, '1.a;2.b;3.d;4.b;5.a;6.e;7.d;8.a;9.d;10.a', '08/04/2025 07:12:46'),
(2947, 2262576, 4, '1.a;2.d;3.d;4.b;5.a;6.a;7.c;8.a;9.c;10.a', '08/04/2025 07:13:10'),
(2948, 2146190, 4, '1.a;2.d;3.d;4.b;5.a;6.b;7.b;8.a;9.c;10.a', '24/04/2025 10:43:56'),
(2949, 3225416, 4, '1.a;2.d;3.d;4.b;5.a;6.a;7.b;8.a;9.c;10.a', '24/04/2025 10:42:55'),
(2950, 2146113, 4, '1.a;2.b;3.d;4.b;5.a;6.a;7.b;8.a;9.c;10.a', '24/04/2025 10:45:09'),
(2951, 2925331, 4, '1.a;2.d;3.d;4.b;5.c;6.a;7.d;8.a;9.c;10.a', '08/04/2025 07:15:29'),
(2952, 3203365, 4, '1.a;2.d;3.d;4.b;5.a;6.a;7.b;8.a;9.c;10.a', '08/04/2025 07:15:59'),
(2953, 5055374, 4, '1.a;2.d;3.d;4.b;5.a;6.a;7.d;8.a;9.c;10.a', '08/04/2025 07:16:29'),
(2954, 2378684, 4, '1.b;2.d;3.d;4.b;5.c;6.a;7.d;8.a;9.c;10.c', '08/04/2025 07:16:55'),
(2955, 1818809, 4, '1.a;2.d;3.d;4.b;5.a;6.a;7.b;8.a;9.c;10.a', '08/04/2025 07:17:20'),
(2956, 2828000, 4, '1.a;2.d;3.d;4.b;5.a;6.a;7.b;8.a;9.c;10.a', '08/04/2025 07:17:59'),
(2957, 2251299, 4, '1.a;2.c;3.d;4.b;5.c;6.a;7.d;8.a;9.a;10.a', '24/04/2025 10:43:26'),
(2958, 2903371, 4, '1.c;2.a;3.d;4.b;5.c;6.a;7.d;8.a;9.b;10.a', '08/04/2025 07:18:52'),
(2959, 2434146, 4, '1.a;2.b;3.a;4.b;5.c;6.a;7.b;8.a;9.c;10.a', '08/04/2025 14:45:41'),
(2960, 3490090, 4, '1.d;2.b;3.b;4.c;5.a;6.a;7.b;8.c;9.e;10.d', '08/04/2025 14:47:11'),
(2961, 2242158, 4, '1.a;2.c;3.d;4.b;5.b;6.a;7.a;8.c;9.b;10.a', '08/04/2025 14:48:04'),
(2962, 3743476, 4, '1.a;2.b;3.d;4.c;5.d;6.a;7.d;8.b;9.c;10.a', '08/04/2025 14:48:30'),
(2963, 2238228, 4, '1.a;2.b;3.b;4.b;5.a;6.d;7.a;8.c;9.a;10.a', '08/04/2025 14:49:05'),
(2964, 2251326, 4, '1.a;2.d;3.d;4.b;5.c;6.a;7.c;8.a;9.c;10.a', '08/04/2025 14:49:46'),
(2965, 2372423, 4, '1.a;2.d;3.d;4.b;5.a;6.a;7.a;8.a;9.c;10.a', '08/04/2025 14:50:20'),
(2966, 2566027, 4, '1.a;2.a;3.b;4.b;5.c;6.e;7.a;8.a;9.c;10.a', '08/04/2025 14:50:55'),
(2967, 2439593, 4, '1.a;2.d;3.d;4.b;5.a;6.a;7.b;8.a;9.c;10.a', '08/04/2025 14:51:19'),
(2968, 1791263, 4, '1.a;2.d;3.d;4.b;5.c;6.a;7.b;8.a;9.c;10.a', '08/04/2025 14:51:42'),
(2969, 3861091, 4, '1.a;2.d;3.d;4.b;5.a;6.a;7.d;8.a;9.c;10.a', '08/04/2025 14:52:12'),
(2970, 2900925, 4, '1.a;2.a;3.a;4.a;5.c;6.a;7.a;8.a;9.a;10.b', '08/04/2025 14:53:21'),
(2971, 2252084, 4, '1.c;2.b;3.d;4.a;5.b;6.a;7.c;8.a;9.b;10.a', '08/04/2025 14:53:49'),
(2972, 2251885, 4, '1.b;2.b;3.a;4.d;5.c;6.a;7.d;8.c;9.b;10.b', '08/04/2025 14:54:32'),
(2973, 2262568, 4, '1.a;2.b;3.d;4.b;5.d;6.a;7.b;8.d;9.c;10.c', '08/04/2025 14:54:56'),
(2974, 3205369, 4, '1.a;2.d;3.d;4.b;5.a;6.a;7.a;8.a;9.c;10.a', '08/04/2025 14:55:21'),
(2975, 2251419, 4, '1.a;2.b;3.d;4.b;5.a;6.a;7.c;8.a;9.c;10.a', '08/04/2025 14:55:47'),
(2976, 2251770, 4, '1.a;2.d;3.d;4.b;5.a;6.a;7.a;8.a;9.e;10.a', '08/04/2025 14:58:27'),
(2977, 2373004, 4, '1.a;2.d;3.d;4.b;5.a;6.a;7.a;8.b;9.c;10.b', '08/04/2025 14:59:42'),
(2978, 3485803, 4, '1.a;2.d;3.d;4.b;5.a;6.a;7.b;8.a;9.c;10.a', '08/04/2025 15:00:24'),
(2979, 2146087, 4, '1.a;2.b;3.c;4.e;5.c;6.a;7.b;8.a;9.c;10.a', '08/04/2025 15:01:29'),
(2980, 2900694, 4, '1.a;2.d;3.c;4.c;5.a;6.a;7.a;8.a;9.b;10.a', '09/04/2025 07:25:44'),
(2981, 2242185, 4, '1.e;2.a;3.b;4.d;5.e;6.e;7.c;8.c;9.c;10.a', '09/04/2025 07:26:59'),
(2982, 2351341, 4, '1.a;2.d;3.c;4.b;5.d;6.a;7.a;8.a;9.b;10.a', '09/04/2025 07:27:33'),
(2983, 2146143, 4, '1.a;2.b;3.c;4.b;5.c;6.a;7.c;8.a;9.d;10.a', '09/04/2025 07:28:06'),
(2984, 2372603, 4, '1.a;2.d;3.c;4.b;5.d;6.e;7.d;8.a;9.b;10.c', '09/04/2025 07:28:32'),
(2985, 2146119, 4, '1.a;2.b;3.c;4.d;5.a;6.b;7.c;8.b;9.b;10.a', '09/04/2025 07:29:10'),
(2986, 3759405, 4, '1.a;2.d;3.d;4.b;5.a;6.a;7.b;8.a;9.c;10.a', '09/04/2025 07:29:40'),
(2987, 2208582, 4, '1.a;2.d;3.d;4.b;5.c;6.a;7.b;8.c;9.c;10.a', '09/04/2025 07:30:09'),
(2988, 2238241, 4, '1.a;2.d;3.d;4.b;5.c;6.a;7.b;8.a;9.c;10.a', '09/04/2025 07:30:40'),
(2989, 2925401, 4, '1.a;2.d;3.d;4.b;5.c;6.a;7.b;8.a;9.c;10.a', '09/04/2025 07:31:12'),
(2990, 2433856, 4, '1.a;2.d;3.d;4.b;5.a;6.a;7.b;8.d;9.c;10.c', '09/04/2025 07:31:35'),
(2991, 2926501, 4, '1.a;2.c;3.c;4.d;5.e;6.b;7.b;8.c;9.d;10.a', '09/04/2025 07:32:24'),
(2992, 2573083, 4, '1.a;2.d;3.d;4.b;5.a;6.a;7.b;8.a;9.c;10.a', '09/04/2025 07:32:50'),
(2993, 3240819, 4, '1.a;2.d;3.d;4.b;5.a;6.a;7.b;8.c;9.c;10.a', '09/04/2025 07:33:21'),
(2994, 2377604, 4, '1.b;2.d;3.a;4.a;5.c;6.d;7.b;8.b;9.a;10.c', '09/04/2025 07:33:54'),
(2995, 3742246, 4, '1.a;2.d;3.e;4.b;5.b;6.a;7.a;8.d;9.c;10.c', '09/04/2025 07:34:25'),
(2996, 3925911, 4, '1.a;2.d;3.d;4.b;5.c;6.a;7.b;8.c;9.c;10.a', '09/04/2025 07:34:53'),
(2997, 2251584, 4, '1.a;2.d;3.c;4.d;5.d;6.a;7.d;8.e;9.c;10.a', '09/04/2025 07:35:19'),
(2998, 2373217, 4, '1.a;2.b;3.d;4.b;5.e;6.a;7.b;8.a;9.c;10.c', '09/04/2025 07:35:45'),
(2999, 3187463, 4, '1.a;2.d;3.e;4.b;5.b;6.a;7.a;8.d;9.c;10.c', '09/04/2025 07:36:15'),
(3000, 2929291, 4, '1.c;2.b;3.b;4.b;5.c;6.a;7.a;8.a;9.e;10.c', '09/04/2025 07:36:48'),
(3001, 2926442, 4, '1.c;2.b;3.b;4.b;5.c;6.a;7.a;8.a;9.e;10.c', '09/04/2025 07:37:10'),
(3002, 2924634, 4, '1.a;2.d;3.b;4.d;5.c;6.a;7.b;8.a;9.d;10.d', '09/04/2025 07:37:35'),
(3003, 2926476, 4, '1.a;2.d;3.d;4.d;5.a;6.a;7.a;8.c;9.b;10.a', '09/04/2025 07:38:03'),
(3004, 2925028, 4, '1.a;2.d;3.d;4.b;5.c;6.a;7.d;8.a;9.b;10.a', '09/04/2025 07:38:30'),
(3005, 2251553, 4, '1.a;2.d;3.c;4.d;5.c;6.a;7.a;8.d;9.c;10.c', '09/04/2025 07:39:01'),
(3006, 2424019, 4, '1.e;2.b;3.c;4.d;5.a;6.e;7.e;8.c;9.c;10.a', '09/04/2025 07:39:32'),
(3007, 3189009, 4, '1.a;2.c;3.c;4.b;5.a;6.b;7.b;8.c;9.d;10.b', '09/04/2025 07:40:37'),
(3008, 2432918, 4, '1.c;2.b;3.d;4.b;5.b;6.a;7.b;8.b;9.c;10.a', '09/04/2025 10:43:09'),
(3009, 2187913, 4, '1.a;2.d;3.d;4.b;5.a;6.d;7.d;8.a;9.c;10.a', '09/04/2025 10:43:38'),
(3010, 2926282, 4, '1.a;2.d;3.d;4.a;5.a;6.c;7.a;8.a;9.c;10.b', '09/04/2025 10:44:10'),
(3011, 2218218, 4, '1.a;2.a;3.e;4.e;5.c;6.a;7.a;8.a;9.c;10.a', '09/04/2025 10:44:39'),
(3012, 2208370, 4, '1.c;2.d;3.d;4.c;5.a;6.c;7.b;8.c;9.d;10.a', '09/04/2025 10:45:31'),
(3013, 2432116, 4, '1.c;2.d;3.d;4.c;5.a;6.c;7.b;8.c;9.d;10.a', '09/04/2025 10:45:57'),
(3014, 3968539, 4, '1.c;2.d;3.d;4.e;5.c;6.b;7.b;8.b;9.a;10.a', '09/04/2025 10:46:21'),
(3015, 2377567, 4, '1.c;2.a;3.c;4.b;5.c;6.a;7.a;8.d;9.d;10.c', '09/04/2025 10:47:11'),
(3016, 2923037, 4, '1.c;2.b;3.c;4.b;5.b;6.a;7.c;8.c;9.c;10.a', '09/04/2025 10:47:39'),
(3017, 2433604, 4, '1.c;2.b;3.c;4.b;5.b;6.a;7.c;8.c;9.c;10.a', '09/04/2025 10:48:02'),
(3018, 2708368, 4, '1.c;2.b;3.d;4.b;5.b;6.b;7.b;8.b;9.c;10.a', '09/04/2025 10:48:29'),
(3019, 4184379, 4, '1.c;2.d;3.d;4.b;5.c;6.b;7.b;8.b;9.a;10.a', '09/04/2025 10:48:55'),
(3020, 2929256, 4, '1.c;2.d;3.d;4.b;5.c;6.b;7.b;8.b;9.a;10.a', '09/04/2025 10:49:18'),
(3021, 3187484, 4, '1.a;2.b;3.e;4.d;5.b;6.b;7.c;8.a;9.c;10.a', '09/04/2025 10:49:47'),
(3022, 2929475, 4, '1.c;2.a;3.c;4.b;5.c;6.a;7.a;8.e;9.c;10.d', '09/04/2025 10:50:12'),
(3023, 3764242, 4, '1.c;2.a;3.c;4.b;5.c;6.a;7.b;8.d;9.d;10.c', '09/04/2025 10:50:38'),
(3024, 2930120, 4, '1.c;2.d;3.d;4.b;5.c;6.a;7.b;8.c;9.d;10.d', '09/04/2025 10:51:08'),
(3025, 2929160, 4, '1.c;2.b;3.d;4.b;5.b;6.b;7.a;8.a;9.b;10.a', '09/04/2025 10:51:31'),
(3026, 2433036, 4, '1.c;2.a;3.c;4.b;5.c;6.a;7.b;8.d;9.d;10.b', '09/04/2025 10:52:07'),
(3027, 5057052, 4, '1.b;2.d;3.d;4.b;5.c;6.a;7.b;8.d;9.d;10.c', '09/04/2025 10:52:32'),
(3028, 2924787, 4, '1.c;2.a;3.d;4.d;5.d;6.a;7.c;8.a;9.d;10.d', '09/04/2025 10:53:01'),
(3029, 4263194, 4, '1.a;2.b;3.d;4.b;5.c;6.a;7.c;8.c;9.b;10.c', '09/04/2025 10:53:22'),
(3030, 2362158, 4, '1.c;2.b;3.d;4.c;5.a;6.a;7.b;8.c;9.a;10.c', '09/04/2025 10:53:56'),
(3031, 2901376, 4, '1.a;2.b;3.a;4.d;5.c;6.b;7.a;8.b;9.a;10.a', '09/04/2025 10:54:37'),
(3032, 2432052, 4, '1.a;2.a;3.c;4.b;5.c;6.a;7.b;8.a;9.c;10.a', '09/04/2025 10:55:00'),
(3033, 5061626, 4, '1.a;2.e;3.b;4.e;5.c;6.a;7.d;8.d;9.c;10.a', '09/04/2025 11:04:05'),
(3034, 2262473, 5, '1.e;2.e;3.a;4.e;5.c;6.c;7.e;8.d;9.b;10.c;11.d;12.d;13.a;14.c;15.c;16.d;17.e;18.c;19.a;20.c', '22/04/2025 13:04:01'),
(3035, 2433856, 5, '1.c;2.d;3.a;4.c;5.c;6.d;7.b;8.c;9.d;10.a;11.d;12.b;13.c;14.e;15.d;16.b;17.e;18.c;19.a;20.c', '22/04/2025 19:38:24'),
(3036, 2925401, 5, '1.c;2.d;3.b;4.c;5.c;6.d;7.b;8.c;9.d;10.b;11.d;12.b;13.c;14.e;15.e;16.d;17.e;18.c;19.a;20.c', '22/04/2025 19:39:12'),
(3037, 3742246, 5, '1.c;2.d;3.c;4.c;5.c;6.d;7.b;8.e;9.d;10.d;11.d;12.b;13.c;14.e;15.d;16.d;17.e;18.c;19.a;20.c', '22/04/2025 19:39:55'),
(3038, 2900694, 5, '1.c;2.d;3.e;4.c;5.c;6.d;7.e;8.c;9.a;10.b;11.d;12.e;13.b;14.e;15.d;16.d;17.e;18.c;19.a;20.c', '22/04/2025 19:40:32'),
(3039, 2351341, 5, '1.c;2.d;3.d;4.e;5.c;6.d;7.b;8.c;9.d;10.e;11.d;12.b;13.c;14.c;15.d;16.d;17.e;18.c;19.a;20.c', '22/04/2025 19:41:15'),
(3040, 2924634, 5, '1.b;2.e;3.c;4.a;5.b;6.b;7.e;8.e;9.e;10.c;11.d;12.b;13.c;14.c;15.b;16.b;17.e;18.c;19.b;20.b', '22/04/2025 19:42:00'),
(3041, 2926476, 5, '1.d;2.d;3.a;4.e;5.e;6.d;7.e;8.e;9.a;10.e;11.c;12.d;13.a;14.c;15.d;16.n;17.n;18.n;19.n;20.n', '22/04/2025 19:43:05'),
(3042, 2424019, 5, '1.c;2.a;3.e;4.e;5.a;6.e;7.e;8.e;9.a;10.b;11.b;12.a;13.a;14.a;15.b;16.b;17.d;18.c;19.b;20.c', '22/04/2025 19:43:30'),
(3043, 3760637, 5, '1.d;2.a;3.b;4.e;5.b;6.e;7.b;8.c;9.a;10.d;11.c;12.b;13.a;14.d;15.c;16.b;17.b;18.a;19.d;20.a', '22/04/2025 19:44:08'),
(3044, 2377604, 5, '1.c;2.b;3.a;4.c;5.b;6.a;7.b;8.c;9.d;10.a;11.d;12.b;13.c;14.a;15.b;16.b;17.a;18.c;19.b;20.d', '22/04/2025 19:44:38'),
(3045, 3189009, 5, '1.c;2.d;3.a;4.c;5.b;6.a;7.b;8.c;9.d;10.a;11.d;12.b;13.c;14.a;15.b;16.b;17.a;18.c;19.b;20.d', '22/04/2025 19:45:54'),
(3046, 2251553, 5, '1.b;2.c;3.d;4.c;5.c;6.b;7.e;8.e;9.d;10.d;11.b;12.a;13.b;14.c;15.e;16.b;17.e;18.c;19.b;20.c', '22/04/2025 19:46:30'),
(3047, 2916956, 5, '1.a;2.d;3.c;4.d;5.b;6.b;7.e;8.a;9.a;10.b;11.d;12.b;13.c;14.d;15.c;16.d;17.e;18.c;19.a;20.c', '22/04/2025 19:47:21'),
(3048, 3742395, 5, '1.b;2.b;3.a;4.e;5.c;6.d;7.d;8.c;9.d;10.a;11.d;12.b;13.a;14.e;15.d;16.b;17.e;18.c;19.b;20.c', '22/04/2025 19:48:47'),
(3049, 5083728, 5, '1.b;2.c;3.a;4.c;5.b;6.e;7.e;8.a;9.b;10.d;11.d;12.c;13.c;14.c;15.d;16.b;17.e;18.c;19.b;20.c', '22/04/2025 19:51:48'),
(3050, 2433453, 5, '1.a;2.d;3.c;4.d;5.c;6.d;7.e;8.b;9.d;10.e;11.d;12.b;13.c;14.e;15.d;16.a;17.d;18.c;19.c;20.c', '22/04/2025 19:52:19'),
(3051, 2146190, 5, '1.a;2.d;3.a;4.c;5.b;6.d;7.b;8.a;9.d;10.a;11.d;12.b;13.c;14.e;15.d;16.a;17.e;18.c;19.a;20.c', '22/04/2025 19:52:54'),
(3052, 2146113, 5, '1.c;2.b;3.c;4.c;5.c;6.d;7.b;8.d;9.d;10.e;11.d;12.b;13.c;14.e;15.d;16.d;17.e;18.c;19.a;20.c', '22/04/2025 19:53:27'),
(3053, 2428134, 5, '1.d;2.c;3.e;4.e;5.c;6.d;7.c;8.c;9.d;10.d;11.d;12.b;13.c;14.e;15.d;16.d;17.e;18.c;19.a;20.c', '22/04/2025 19:54:13'),
(3054, 2722757, 5, '1.b;2.e;3.d;4.c;5.e;6.d;7.e;8.e;9.a;10.a;11.d;12.e;13.c;14.c;15.c;16.d;17.e;18.c;19.a;20.c', '22/04/2025 19:55:02'),
(3055, 2433036, 5, '1.c;2.d;3.c;4.d;5.c;6.d;7.b;8.b;9.b;10.b;11.d;12.b;13.c;14.b;15.d;16.d;17.e;18.c;19.a;20.c', '22/04/2025 19:55:54'),
(3056, 2141099, 5, '1.b;2.d;3.c;4.c;5.c;6.e;7.e;8.d;9.a;10.e;11.d;12.b;13.c;14.c;15.b;16.d;17.e;18.c;19.a;20.c', '22/04/2025 19:56:49'),
(3057, 5061626, 5, '1.b;2.e;3.c;4.e;5.b;6.b;7.e;8.e;9.a;10.c;11.d;12.b;13.c;14.e;15.c;16.b;17.e;18.c;19.a;20.c', '22/04/2025 19:57:27'),
(3058, 2925028, 5, '1.c;2.d;3.b;4.c;5.c;6.d;7.b;8.c;9.d;10.a;11.d;12.b;13.c;14.e;15.e;16.d;17.e;18.c;19.a;20.c', '22/04/2025 19:58:29'),
(3059, 2290945, 5, '1.b;2.e;3.d;4.c;5.c;6.e;7.b;8.a;9.b;10.c;11.d;12.c;13.c;14.c;15.c;16.a;17.a;18.b;19.d;20.c', '22/04/2025 20:00:28'),
(3060, 2208370, 5, '1.a;2.c;3.a;4.d;5.b;6.c;7.e;8.d;9.d;10.a;11.d;12.a;13.b;14.b;15.c;16.a;17.a;18.c;19.d;20.d', '22/04/2025 20:01:18'),
(3061, 2362158, 5, '1.b;2.c;3.d;4.e;5.c;6.d;7.b;8.c;9.a;10.b;11.d;12.b;13.c;14.c;15.d;16.b;17.d;18.c;19.c;20.a', '22/04/2025 20:02:02'),
(3062, 2615108, 4, '1.a;2.c;3.d;4.e;5.b;6.b;7.b;8.a;9.c;10.a', '23/04/2025 09:50:00'),
(3063, 3643453, 4, '1.b;2.c;3.a;4.a;5.e;6.a;7.a;8.a;9.a;10.a', '23/04/2025 09:50:36'),
(3064, 2262473, 4, '1.a;2.b;3.d;4.d;5.c;6.a;7.b;8.b;9.c;10.a', '23/04/2025 09:51:10');
INSERT INTO `ssb_gabarito` (`id_gab`, `matraln`, `idsim`, `gab`, `carimbo`) VALUES
(3065, 2372311, 4, '1.a;2.b;3.d;4.b;5.c;6.a;7.d;8.a;9.d;10.a', '23/04/2025 09:51:41'),
(3066, 5055493, 4, '1.a;2.d;3.e;4.b;5.a;6.b;7.d;8.a;9.a;10.a', '23/04/2025 09:52:30'),
(3067, 3483991, 4, '1.a;2.d;3.e;4.b;5.a;6.b;7.d;8.a;9.a;10.a', '23/04/2025 09:53:01'),
(3068, 2923138, 4, '1.a;2.d;3.d;4.b;5.a;6.a;7.b;8.a;9.c;10.a', '23/04/2025 09:53:59'),
(3069, 2512845, 4, '1.a;2.c;3.b;4.b;5.c;6.a;7.b;8.a;9.c;10.a', '23/04/2025 09:54:31'),
(3070, 2427183, 4, '1.a;2.b;3.d;4.b;5.c;6.a;7.b;8.a;9.c;10.a', '23/04/2025 09:54:56'),
(3071, 4412000, 4, '1.a;2.d;3.e;4.b;5.c;6.a;7.b;8.a;9.c;10.a', '23/04/2025 09:55:25'),
(3072, 3759405, 5, '1.c;2.d;3.d;4.c;5.c;6.d;7.b;8.b;9.d;10.d;11.d;12.b;13.e;14.c;15.b;16.c;17.d;18.e;19.c;20.a', '23/04/2025 14:09:08'),
(3073, 2722757, 4, '1.c;2.d;3.d;4.b;5.c;6.a;7.b;8.c;9.c;10.a', '24/04/2025 08:48:52'),
(3074, 2428134, 4, '1.a;2.d;3.d;4.b;5.a;6.a;7.b;8.e;9.c;10.a', '24/04/2025 10:48:42'),
(3075, 2433453, 4, '1.a;2.d;3.d;4.b;5.c;6.a;7.b;8.a;9.c;10.a', '24/04/2025 10:49:21'),
(3076, 2252029, 4, '1.a;2.d;3.d;4.b;5.e;6.a;7.b;8.a;9.c;10.a', '24/04/2025 10:50:35'),
(3077, 2208277, 4, '1.a;2.d;3.d;4.b;5.b;6.a;7.b;8.a;9.c;10.a', '24/04/2025 10:51:12'),
(3078, 2433391, 4, '1.a;2.d;3.d;4.b;5.a;6.a;7.b;8.a;9.c;10.a', '24/04/2025 10:51:44'),
(3079, 2615166, 4, '1.a;2.d;3.d;4.b;5.c;6.a;7.b;8.a;9.c;10.a', '24/04/2025 10:52:13'),
(3080, 2141099, 7, '1.b;2.e;3.c;4.e;5.e;6.e;7.e;8.c;9.d;10.a;11.a;12.c;13.c;14.e;15.a;16.d;17.b;18.d;19.a;20.a', '05/06/2025 09:47:16'),
(3081, 2432052, 7, '1.b;2.e;3.c;4.c;5.e;6.b;7.e;8.c;9.d;10.a;11.a;12.b;13.c;14.c;15.a;16.d;17.c;18.d;19.c;20.b', '05/06/2025 09:49:34'),
(3082, 2432918, 7, '1.b;2.e;3.c;4.e;5.e;6.c;7.e;8.b;9.d;10.a;11.a;12.a;13.c;14.e;15.a;16.d;17.c;18.d;19.c;20.a', '05/06/2025 09:51:24'),
(3083, 2432116, 7, '1.a;2.b;3.c;4.e;5.a;6.c;7.d;8.b;9.a;10.a;11.d;12.c;13.b;14.e;15.a;16.b;17.e;18.d;19.a;20.d', '05/06/2025 09:52:29'),
(3084, 2929256, 7, '1.a;2.d;3.e;4.a;5.b;6.e;7.d;8.c;9.e;10.b;11.d;12.c;13.c;14.b;15.c;16.b;17.a;18.b;19.e;20.c', '05/06/2025 09:53:49'),
(3085, 2929356, 7, '1.b;2.e;3.c;4.a;5.e;6.d;7.d;8.c;9.d;10.a;11.b;12.d;13.b;14.e;15.d;16.c;17.b;18.d;19.a;20.b', '05/06/2025 09:54:39'),
(3086, 2930120, 7, '1.a;2.d;3.e;4.b;5.e;6.a;7.e;8.e;9.d;10.c;11.e;12.d;13.d;14.e;15.b;16.b;17.c;18.c;19.e;20.b', '05/06/2025 09:55:34'),
(3087, 3187484, 7, '1.a;2.e;3.c;4.b;5.e;6.d;7.e;8.d;9.a;10.d;11.a;12.a;13.b;14.c;15.e;16.b;17.d;18.a;19.a;20.d', '05/06/2025 09:56:41'),
(3088, 2433036, 7, '1.a;2.b;3.c;4.c;5.e;6.a;7.e;8.b;9.d;10.a;11.a;12.c;13.c;14.e;15.a;16.c;17.a;18.d;19.b;20.c', '05/06/2025 10:18:45'),
(3089, 2929475, 7, '1.b;2.a;3.c;4.c;5.e;6.b;7.e;8.e;9.b;10.a;11.d;12.d;13.c;14.c;15.e;16.d;17.d;18.d;19.a;20.a', '05/06/2025 10:19:31'),
(3090, 2433604, 7, '1.b;2.d;3.c;4.e;5.c;6.c;7.e;8.e;9.e;10.a;11.a;12.d;13.c;14.e;15.d;16.d;17.b;18.d;19.a;20.d', '05/06/2025 10:20:17'),
(3091, 4263194, 7, '1.d;2.a;3.c;4.c;5.b;6.e;7.e;8.d;9.a;10.b;11.a;12.b;13.b;14.d;15.e;16.d;17.b;18.d;19.c;20.d', '05/06/2025 10:20:59'),
(3092, 2362158, 7, '1.a;2.c;3.a;4.b;5.d;6.e;7.a;8.b;9.c;10.e;11.d;12.b;13.e;14.e;15.a;16.b;17.c;18.d;19.a;20.b', '05/06/2025 10:21:47'),
(3093, 2290945, 7, '1.e;2.a;3.c;4.c;5.e;6.d;7.e;8.b;9.a;10.c;11.b;12.d;13.b;14.a;15.b;16.c;17.b;18.d;19.a;20.d', '05/06/2025 10:22:42'),
(3094, 2923037, 7, '1.a;2.e;3.c;4.e;5.c;6.b;7.e;8.d;9.e;10.a;11.a;12.b;13.e;14.e;15.d;16.a;17.b;18.d;19.e;20.a', '05/06/2025 10:23:35'),
(3095, 2218218, 7, '1.b;2.e;3.c;4.d;5.e;6.b;7.e;8.a;9.d;10.a;11.a;12.a;13.c;14.c;15.b;16.d;17.a;18.c;19.c;20.c', '05/06/2025 10:24:25'),
(3096, 2708368, 7, '1.c;2.b;3.c;4.d;5.d;6.c;7.d;8.c;9.d;10.a;11.a;12.e;13.c;14.c;15.a;16.d;17.a;18.d;19.c;20.c', '05/06/2025 10:25:42'),
(3097, 2926282, 7, '1.a;2.c;3.a;4.b;5.c;6.a;7.b;8.e;9.c;10.a;11.e;12.e;13.c;14.b;15.a;16.c;17.d;18.a;19.c;20.c', '05/06/2025 10:27:12'),
(3098, 2377567, 7, '1.b;2.c;3.c;4.b;5.c;6.a;7.e;8.e;9.b;10.a;11.e;12.b;13.c;14.b;15.a;16.a;17.b;18.d;19.a;20.b', '05/06/2025 10:27:59'),
(3099, 3764242, 7, '1.c;2.d;3.c;4.e;5.a;6.c;7.b;8.d;9.b;10.a;11.c;12.a;13.d;14.b;15.d;16.a;17.c;18.d;19.d;20.b', '05/06/2025 10:29:32'),
(3100, 2924787, 7, '1.b;2.b;3.c;4.a;5.b;6.c;7.b;8.e;9.a;10.d;11.a;12.b;13.a;14.d;15.a;16.e;17.e;18.a;19.c;20.a', '05/06/2025 10:30:24'),
(3101, 5057052, 7, '1.c;2.b;3.c;4.e;5.d;6.a;7.c;8.e;9.b;10.a;11.a;12.c;13.d;14.b;15.e;16.c;17.a;18.d;19.c;20.c', '05/06/2025 10:31:14'),
(3102, 5057052, 6, '1.c;2.c;3.d;4.a;5.e;6.b;7.b;8.c;9.b;10.a;11.d;12.e;13.e;14.d;15.a;16.a;17.d;18.d;19.c;20.c', '05/06/2025 10:33:56'),
(3103, 2924787, 6, '1.a;2.c;3.a;4.d;5.b;6.a;7.b;8.a;9.a;10.d;11.a;12.c;13.b;14.e;15.a;16.c;17.a;18.d;19.e;20.a', '05/06/2025 10:34:48'),
(3104, 3764242, 6, '1.c;2.d;3.d;4.b;5.c;6.a;7.d;8.b;9.c;10.a;11.c;12.b;13.b;14.d;15.a;16.d;17.b;18.a;19.c;20.b', '05/06/2025 10:35:38'),
(3105, 2377567, 6, '1.c;2.e;3.b;4.a;5.e;6.c;7.a;8.a;9.b;10.a;11.b;12.e;13.b;14.a;15.d;16.b;17.d;18.d;19.b;20.b', '05/06/2025 10:36:29'),
(3106, 2926282, 6, '1.c;2.b;3.a;4.c;5.c;6.b;7.c;8.d;9.b;10.c;11.a;12.c;13.b;14.a;15.e;16.c;17.n;18.b;19.a;20.b', '05/06/2025 10:37:32'),
(3107, 2708368, 6, '1.c;2.e;3.d;4.d;5.b;6.b;7.b;8.c;9.c;10.a;11.d;12.e;13.e;14.d;15.a;16.a;17.e;18.d;19.b;20.a', '05/06/2025 10:38:33'),
(3108, 2218218, 6, '1.c;2.e;3.c;4.c;5.d;6.b;7.b;8.c;9.d;10.a;11.b;12.a;13.a;14.c;15.b;16.d;17.d;18.a;19.b;20.a', '05/06/2025 10:40:35'),
(3109, 2923037, 6, '1.c;2.d;3.d;4.a;5.b;6.d;7.a;8.a;9.c;10.a;11.d;12.b;13.c;14.c;15.d;16.e;17.e;18.e;19.c;20.e', '05/06/2025 10:41:22'),
(3110, 2290945, 6, '1.c;2.e;3.d;4.a;5.e;6.d;7.b;8.c;9.b;10.a;11.d;12.e;13.c;14.e;15.a;16.d;17.b;18.d;19.a;20.d', '05/06/2025 10:42:18'),
(3111, 2362158, 6, '1.c;2.e;3.a;4.a;5.b;6.b;7.b;8.c;9.c;10.a;11.b;12.e;13.d;14.e;15.a;16.c;17.e;18.d;19.a;20.c', '05/06/2025 10:43:03'),
(3112, 4263194, 6, '1.c;2.c;3.d;4.a;5.e;6.b;7.b;8.c;9.b;10.a;11.d;12.e;13.e;14.d;15.b;16.d;17.c;18.e;19.a;20.b', '05/06/2025 10:43:46'),
(3113, 2433604, 6, '1.c;2.e;3.e;4.a;5.e;6.b;7.b;8.c;9.c;10.a;11.d;12.e;13.d;14.c;15.e;16.c;17.b;18.d;19.b;20.a', '05/06/2025 10:44:42'),
(3114, 2929475, 6, '1.c;2.a;3.d;4.a;5.e;6.b;7.a;8.c;9.a;10.a;11.d;12.b;13.c;14.b;15.d;16.a;17.c;18.a;19.a;20.b', '05/06/2025 10:45:54'),
(3115, 2433036, 6, '1.c;2.e;3.d;4.d;5.b;6.b;7.b;8.a;9.d;10.a;11.d;12.b;13.e;14.e;15.e;16.e;17.e;18.d;19.b;20.b', '05/06/2025 10:50:29'),
(3116, 3187484, 6, '1.e;2.d;3.a;4.e;5.b;6.e;7.a;8.b;9.b;10.a;11.d;12.b;13.b;14.d;15.b;16.a;17.e;18.c;19.a;20.e', '05/06/2025 10:51:26'),
(3117, 2930120, 6, '1.c;2.e;3.d;4.d;5.e;6.b;7.b;8.c;9.c;10.a;11.d;12.e;13.b;14.e;15.a;16.e;17.e;18.d;19.b;20.e', '05/06/2025 10:52:35'),
(3118, 2929356, 6, '1.c;2.e;3.d;4.d;5.e;6.b;7.b;8.c;9.c;10.a;11.d;12.e;13.b;14.e;15.a;16.e;17.e;18.d;19.b;20.e', '05/06/2025 10:53:22'),
(3119, 2929256, 6, '1.c;2.e;3.d;4.d;5.e;6.b;7.b;8.c;9.c;10.b;11.b;12.e;13.b;14.a;15.a;16.e;17.e;18.d;19.b;20.a', '05/06/2025 10:54:02'),
(3120, 2432116, 6, '1.e;2.b;3.e;4.c;5.a;6.d;7.a;8.c;9.b;10.d;11.b;12.c;13.e;14.c;15.d;16.d;17.e;18.e;19.c;20.b', '05/06/2025 10:55:26'),
(3121, 2432918, 6, '1.c;2.e;3.b;4.d;5.b;6.b;7.b;8.c;9.c;10.a;11.d;12.e;13.e;14.d;15.a;16.e;17.e;18.a;19.b;20.e', '05/06/2025 10:56:20'),
(3122, 2432052, 6, '1.c;2.a;3.d;4.b;5.e;6.d;7.b;8.c;9.c;10.a;11.d;12.b;13.e;14.a;15.b;16.a;17.e;18.a;19.b;20.c', '05/06/2025 10:57:14'),
(3123, 2141099, 6, '1.e;2.e;3.d;4.a;5.e;6.d;7.a;8.a;9.c;10.a;11.d;12.b;13.d;14.a;15.e;16.e;17.e;18.a;19.c;20.b', '05/06/2025 10:58:01'),
(3124, 2925028, 7, '1.b;2.e;3.b;4.e;5.d;6.a;7.e;8.c;9.d;10.a;11.a;12.b;13.c;14.d;15.c;16.d;17.d;18.d;19.d;20.c', '05/06/2025 11:03:45'),
(3125, 2925028, 6, '1.c;2.a;3.e;4.a;5.d;6.e;7.b;8.c;9.b;10.a;11.d;12.b;13.c;14.b;15.c;16.c;17.e;18.d;19.b;20.b', '05/06/2025 11:04:48'),
(3126, 3187463, 7, '1.c;2.c;3.b;4.e;5.a;6.b;7.a;8.b;9.a;10.b;11.c;12.b;13.c;14.b;15.a;16.a;17.c;18.b;19.a;20.c', '05/06/2025 13:07:57'),
(3127, 2424019, 7, '1.b;2.e;3.c;4.c;5.b;6.a;7.e;8.b;9.d;10.e;11.e;12.d;13.c;14.c;15.c;16.e;17.a;18.e;19.b;20.c', '05/06/2025 13:09:04'),
(3128, 2925401, 7, '1.a;2.e;3.c;4.e;5.c;6.b;7.e;8.c;9.a;10.b;11.d;12.a;13.c;14.c;15.a;16.d;17.a;18.d;19.e;20.c', '05/06/2025 13:09:56'),
(3129, 2900694, 7, '1.b;2.e;3.c;4.c;5.d;6.d;7.e;8.b;9.b;10.a;11.b;12.d;13.c;14.d;15.c;16.c;17.a;18.c;19.b;20.c', '05/06/2025 13:10:42'),
(3130, 2372603, 7, '1.c;2.b;3.c;4.a;5.b;6.d;7.e;8.a;9.c;10.b;11.d;12.a;13.b;14.c;15.d;16.a;17.e;18.b;19.d;20.a', '05/06/2025 13:11:30'),
(3131, 3189009, 7, '1.b;2.a;3.a;4.b;5.b;6.a;7.b;8.c;9.a;10.b;11.b;12.c;13.b;14.a;15.b;16.a;17.d;18.b;19.b;20.a', '05/06/2025 13:12:09'),
(3132, 2433856, 7, '1.b;2.a;3.c;4.c;5.b;6.c;7.d;8.a;9.d;10.a;11.a;12.b;13.c;14.c;15.e;16.c;17.b;18.d;19.a;20.c', '05/06/2025 13:12:56'),
(3133, 3742246, 7, '1.b;2.d;3.e;4.c;5.c;6.c;7.e;8.c;9.d;10.a;11.a;12.a;13.c;14.c;15.a;16.d;17.b;18.d;19.c;20.c', '05/06/2025 13:13:35'),
(3134, 2242185, 7, '1.b;2.e;3.d;4.a;5.c;6.e;7.b;8.a;9.b;10.c;11.a;12.d;13.b;14.c;15.c;16.b;17.d;18.d;19.a;20.a', '05/06/2025 13:14:15'),
(3135, 2238241, 7, '1.b;2.e;3.d;4.a;5.d;6.b;7.d;8.b;9.c;10.a;11.a;12.a;13.b;14.c;15.d;16.c;17.e;18.d;19.a;20.a', '05/06/2025 13:14:58'),
(3136, 3760637, 7, '1.b;2.d;3.c;4.e;5.c;6.b;7.d;8.c;9.d;10.a;11.a;12.a;13.c;14.c;15.a;16.c;17.d;18.d;19.a;20.c', '05/06/2025 13:16:03'),
(3137, 3240819, 7, '1.a;2.a;3.c;4.c;5.b;6.a;7.e;8.e;9.d;10.a;11.a;12.e;13.e;14.e;15.a;16.d;17.d;18.d;19.d;20.d', '05/06/2025 13:16:44'),
(3138, 2929291, 7, '1.c;2.b;3.e;4.c;5.a;6.d;7.c;8.a;9.c;10.a;11.b;12.a;13.a;14.c;15.b;16.c;17.d;18.d;19.c;20.c', '05/06/2025 13:17:28'),
(3139, 2208464, 7, '1.b;2.a;3.c;4.c;5.a;6.b;7.e;8.c;9.d;10.d;11.a;12.c;13.c;14.a;15.b;16.e;17.b;18.d;19.e;20.b', '05/06/2025 13:18:26'),
(3140, 2377604, 7, '1.b;2.e;3.b;4.c;5.a;6.b;7.e;8.d;9.c;10.b;11.a;12.d;13.b;14.c;15.a;16.a;17.c;18.a;19.d;20.b', '05/06/2025 13:19:31'),
(3141, 2573083, 7, '1.b;2.e;3.c;4.e;5.e;6.b;7.d;8.c;9.d;10.a;11.a;12.d;13.c;14.c;15.a;16.d;17.b;18.d;19.c;20.b', '05/06/2025 13:20:21'),
(3142, 3925911, 7, '1.b;2.a;3.c;4.c;5.c;6.d;7.e;8.b;9.c;10.a;11.a;12.a;13.e;14.c;15.d;16.a;17.a;18.d;19.b;20.a', '05/06/2025 13:21:34'),
(3143, 2251553, 7, '1.b;2.d;3.c;4.e;5.e;6.b;7.e;8.c;9.d;10.a;11.b;12.e;13.c;14.e;15.a;16.c;17.b;18.b;19.b;20.c', '05/06/2025 13:22:17'),
(3144, 2251584, 7, '1.b;2.a;3.c;4.e;5.d;6.b;7.d;8.c;9.e;10.b;11.a;12.e;13.c;14.b;15.d;16.a;17.d;18.d;19.b;20.c', '05/06/2025 13:23:11'),
(3145, 2926442, 7, '1.a;2.e;3.c;4.e;5.d;6.e;7.e;8.c;9.d;10.b;11.a;12.b;13.c;14.c;15.a;16.a;17.b;18.d;19.c;20.c', '05/06/2025 13:23:59'),
(3146, 2351341, 7, '1.b;2.a;3.c;4.d;5.e;6.c;7.e;8.c;9.d;10.a;11.a;12.b;13.b;14.c;15.a;16.a;17.a;18.d;19.c;20.d', '05/06/2025 13:24:49'),
(3147, 2351341, 6, '1.c;2.e;3.e;4.a;5.d;6.b;7.b;8.b;9.c;10.a;11.d;12.d;13.e;14.d;15.b;16.e;17.e;18.b;19.b;20.b', '05/06/2025 13:27:20'),
(3148, 2926442, 6, '1.c;2.b;3.a;4.a;5.e;6.e;7.b;8.b;9.b;10.a;11.d;12.e;13.d;14.b;15.d;16.a;17.d;18.d;19.c;20.d', '05/06/2025 13:29:29'),
(3149, 2251584, 6, '1.a;2.d;3.a;4.c;5.a;6.e;7.b;8.a;9.c;10.a;11.d;12.d;13.c;14.a;15.b;16.c;17.d;18.a;19.a;20.c', '05/06/2025 13:30:22'),
(3150, 2251553, 6, '1.b;2.d;3.c;4.e;5.e;6.b;7.e;8.b;9.c;10.a;11.b;12.e;13.c;14.e;15.a;16.c;17.b;18.b;19.b;20.c', '05/06/2025 13:31:22'),
(3151, 3925911, 6, '1.b;2.a;3.c;4.a;5.b;6.d;7.a;8.a;9.b;10.a;11.b;12.d;13.a;14.e;15.d;16.a;17.b;18.b;19.a;20.b', '05/06/2025 13:33:02'),
(3152, 2573083, 6, '1.c;2.e;3.e;4.a;5.d;6.e;7.b;8.c;9.c;10.a;11.d;12.e;13.e;14.d;15.a;16.a;17.d;18.a;19.b;20.b', '05/06/2025 13:43:57'),
(3153, 2377604, 6, '1.d;2.d;3.d;4.e;5.d;6.b;7.a;8.d;9.b;10.c;11.d;12.b;13.a;14.c;15.c;16.a;17.e;18.b;19.b;20.a', '05/06/2025 13:45:01'),
(3154, 2208464, 6, '1.c;2.e;3.d;4.a;5.c;6.d;7.b;8.e;9.c;10.c;11.d;12.c;13.a;14.b;15.a;16.c;17.e;18.d;19.a;20.b', '05/06/2025 13:45:51'),
(3155, 2929291, 6, '1.a;2.a;3.c;4.c;5.b;6.c;7.b;8.d;9.d;10.d;11.e;12.c;13.e;14.a;15.a;16.b;17.d;18.c;19.e;20.a', '05/06/2025 13:46:40'),
(3156, 3240819, 6, '1.c;2.e;3.d;4.a;5.e;6.b;7.b;8.b;9.a;10.a;11.d;12.d;13.c;14.e;15.a;16.c;17.c;18.a;19.b;20.b', '05/06/2025 13:47:40'),
(3157, 3760637, 6, '1.c;2.a;3.b;4.a;5.e;6.e;7.b;8.c;9.c;10.a;11.d;12.d;13.a;14.d;15.a;16.c;17.e;18.d;19.b;20.b', '05/06/2025 13:48:22'),
(3158, 2238241, 6, '1.c;2.e;3.c;4.c;5.c;6.b;7.e;8.a;9.c;10.a;11.d;12.b;13.a;14.b;15.e;16.c;17.b;18.e;19.a;20.b', '05/06/2025 13:49:10'),
(3159, 2242185, 6, '1.a;2.b;3.a;4.c;5.d;6.e;7.a;8.a;9.c;10.a;11.b;12.d;13.b;14.c;15.c;16.b;17.d;18.d;19.a;20.a', '05/06/2025 13:49:55'),
(3160, 3742246, 6, '1.c;2.e;3.d;4.a;5.b;6.b;7.b;8.c;9.b;10.a;11.d;12.b;13.e;14.d;15.d;16.c;17.d;18.d;19.b;20.b', '05/06/2025 13:50:40'),
(3161, 2433856, 6, '1.c;2.e;3.d;4.d;5.a;6.b;7.b;8.c;9.c;10.a;11.d;12.b;13.c;14.d;15.d;16.c;17.d;18.d;19.b;20.c', '05/06/2025 13:51:30'),
(3162, 3189009, 6, '1.e;2.b;3.c;4.b;5.e;6.b;7.e;8.c;9.e;10.a;11.b;12.b;13.c;14.e;15.b;16.a;17.a;18.b;19.b;20.a', '05/06/2025 13:52:18'),
(3163, 2372603, 6, '1.c;2.b;3.d;4.a;5.e;6.c;7.b;8.c;9.b;10.b;11.d;12.e;13.a;14.b;15.e;16.d;17.c;18.c;19.c;20.d', '05/06/2025 13:54:15'),
(3164, 2900694, 6, '1.c;2.d;3.c;4.a;5.e;6.a;7.b;8.c;9.c;10.a;11.d;12.d;13.e;14.e;15.a;16.b;17.e;18.d;19.b;20.a', '05/06/2025 13:55:10'),
(3165, 2925401, 6, '1.c;2.e;3.c;4.d;5.e;6.a;7.b;8.b;9.c;10.a;11.d;12.b;13.b;14.d;15.d;16.b;17.e;18.e;19.c;20.b', '05/06/2025 13:56:44'),
(3166, 2424019, 6, '1.a;2.b;3.d;4.a;5.c;6.d;7.a;8.a;9.c;10.a;11.b;12.d;13.b;14.d;15.d;16.d;17.n;18.d;19.c;20.b', '05/06/2025 13:58:03'),
(3167, 3187463, 6, '1.c;2.e;3.d;4.a;5.e;6.e;7.e;8.b;9.c;10.a;11.e;12.e;13.e;14.e;15.c;16.a;17.b;18.d;19.a;20.c', '05/06/2025 13:59:11'),
(3168, 2262568, 6, '1.c;2.b;3.b;4.a;5.e;6.c;7.b;8.c;9.b;10.a;11.d;12.b;13.b;14.b;15.e;16.a;17.b;18.d;19.b;20.b', '05/06/2025 14:02:05'),
(3169, 2262568, 7, '1.b;2.c;3.c;4.e;5.c;6.e;7.e;8.b;9.c;10.a;11.a;12.b;13.c;14.c;15.a;16.b;17.d;18.d;19.a;20.b', '05/06/2025 14:03:16'),
(3170, 2566645, 6, '1.e;2.d;3.a;4.a;5.c;6.e;7.a;8.a;9.a;10.b;11.b;12.a;13.c;14.b;15.b;16.d;17.c;18.e;19.e;20.c', '05/06/2025 15:06:09'),
(3171, 2566645, 5, '1.b;2.c;3.d;4.c;5.e;6.e;7.c;8.a;9.a;10.a;11.b;12.b;13.c;14.e;15.b;16.e;17.a;18.a;19.c;20.a', '06/06/2025 12:03:44'),
(3172, 2566645, 7, '1.b;2.c;3.d;4.c;5.e;6.e;7.c;8.a;9.a;10.a;11.b;12.b;13.c;14.e;15.b;16.e;17.a;18.a;19.c;20.a', '06/06/2025 12:07:26'),
(3173, 2722757, 7, '1.b;2.a;3.c;4.d;5.e;6.b;7.e;8.c;9.e;10.a;11.a;12.e;13.c;14.c;15.a;16.d;17.a;18.d;19.c;20.b', '06/06/2025 12:23:53'),
(3174, 2722757, 6, '1.c;2.b;3.d;4.a;5.e;6.e;7.b;8.b;9.c;10.a;11.d;12.d;13.e;14.a;15.c;16.c;17.b;18.d;19.b;20.b', '06/06/2025 12:24:28'),
(3175, 2231191, 7, '1.b;2.e;3.c;4.c;5.e;6.e;7.e;8.c;9.a;10.a;11.a;12.b;13.c;14.c;15.b;16.c;17.e;18.d;19.c;20.d', '06/06/2025 12:25:46'),
(3176, 2231191, 6, '1.c;2.d;3.b;4.d;5.b;6.b;7.d;8.a;9.b;10.a;11.d;12.b;13.b;14.e;15.a;16.c;17.c;18.e;19.c;20.b', '06/06/2025 12:26:28'),
(3177, 3203365, 7, '1.b;2.d;3.c;4.e;5.a;6.b;7.e;8.c;9.d;10.a;11.a;12.b;13.c;14.c;15.a;16.c;17.d;18.d;19.a;20.a', '06/06/2025 12:28:27'),
(3178, 3203365, 6, '1.c;2.e;3.d;4.a;5.b;6.e;7.b;8.b;9.c;10.a;11.d;12.b;13.c;14.e;15.d;16.b;17.e;18.d;19.b;20.c', '06/06/2025 12:29:50'),
(3179, 2372254, 7, '1.b;2.e;3.c;4.a;5.e;6.b;7.e;8.c;9.d;10.c;11.e;12.b;13.c;14.c;15.a;16.d;17.d;18.c;19.a;20.d', '06/06/2025 12:31:16'),
(3180, 2372254, 6, '1.c;2.a;3.c;4.a;5.e;6.e;7.b;8.a;9.c;10.a;11.d;12.b;13.a;14.e;15.a;16.c;17.e;18.a;19.b;20.b', '06/06/2025 12:32:19'),
(3181, 2433391, 7, '1.c;2.e;3.e;4.c;5.e;6.c;7.d;8.c;9.d;10.a;11.a;12.b;13.c;14.c;15.b;16.d;17.b;18.d;19.c;20.b', '06/06/2025 12:33:17'),
(3182, 2433391, 6, '1.c;2.e;3.e;4.d;5.e;6.a;7.b;8.c;9.c;10.a;11.d;12.d;13.e;14.e;15.a;16.e;17.e;18.d;19.b;20.b', '06/06/2025 12:33:54'),
(3183, 2187913, 7, '1.b;2.e;3.c;4.c;5.e;6.e;7.e;8.c;9.d;10.a;11.a;12.b;13.c;14.d;15.c;16.d;17.c;18.d;19.c;20.d', '06/06/2025 12:35:08'),
(3184, 2187913, 6, '1.c;2.e;3.d;4.a;5.b;6.a;7.b;8.c;9.c;10.a;11.d;12.b;13.e;14.e;15.a;16.e;17.e;18.d;19.b;20.b', '06/06/2025 12:35:46'),
(3185, 1827655, 7, '1.c;2.e;3.c;4.a;5.b;6.b;7.e;8.c;9.d;10.a;11.a;12.e;13.c;14.c;15.b;16.d;17.b;18.c;19.a;20.c', '06/06/2025 12:36:45'),
(3186, 1827655, 6, '1.e;2.e;3.e;4.a;5.d;6.c;7.b;8.c;9.c;10.a;11.d;12.b;13.d;14.e;15.d;16.a;17.d;18.d;19.c;20.b', '06/06/2025 12:37:35'),
(3187, 2252029, 7, '1.b;2.e;3.c;4.a;5.b;6.e;7.c;8.d;9.d;10.a;11.a;12.b;13.c;14.c;15.a;16.a;17.a;18.d;19.c;20.c', '06/06/2025 12:38:19'),
(3188, 2252029, 6, '1.c;2.e;3.d;4.d;5.b;6.b;7.b;8.c;9.b;10.a;11.a;12.b;13.e;14.d;15.a;16.c;17.d;18.a;19.a;20.e', '06/06/2025 12:38:56'),
(3189, 2372217, 7, '1.b;2.e;3.c;4.c;5.e;6.a;7.d;8.c;9.d;10.a;11.a;12.a;13.e;14.c;15.a;16.d;17.a;18.d;19.c;20.c', '06/06/2025 12:39:45'),
(3190, 2372217, 6, '1.c;2.e;3.d;4.a;5.b;6.b;7.b;8.c;9.c;10.a;11.d;12.b;13.e;14.d;15.a;16.b;17.e;18.d;19.b;20.b', '06/06/2025 12:40:29'),
(3191, 4681782, 7, '1.b;2.e;3.c;4.a;5.d;6.c;7.e;8.c;9.d;10.a;11.a;12.b;13.c;14.e;15.a;16.d;17.a;18.d;19.c;20.c', '06/06/2025 12:41:16'),
(3192, 4681782, 6, '1.c;2.e;3.d;4.c;5.b;6.b;7.b;8.c;9.c;10.a;11.d;12.d;13.e;14.e;15.a;16.c;17.e;18.a;19.b;20.a', '06/06/2025 12:41:48'),
(3193, 2432250, 7, '1.b;2.e;3.c;4.e;5.c;6.c;7.e;8.c;9.c;10.a;11.a;12.b;13.c;14.c;15.b;16.a;17.a;18.d;19.c;20.c', '06/06/2025 12:42:42'),
(3194, 2378684, 7, '1.b;2.e;3.c;4.b;5.e;6.c;7.e;8.c;9.d;10.a;11.a;12.b;13.c;14.c;15.a;16.d;17.a;18.d;19.c;20.c', '06/06/2025 12:44:06'),
(3195, 2378684, 6, '1.c;2.e;3.d;4.a;5.b;6.b;7.b;8.c;9.b;10.a;11.d;12.d;13.e;14.c;15.a;16.e;17.e;18.d;19.b;20.b', '06/06/2025 12:44:51'),
(3196, 1997960, 7, '1.b;2.d;3.c;4.b;5.c;6.b;7.e;8.c;9.d;10.a;11.a;12.b;13.c;14.e;15.a;16.e;17.a;18.d;19.c;20.c', '06/06/2025 12:45:40'),
(3197, 1997960, 6, '1.c;2.e;3.c;4.d;5.a;6.b;7.b;8.c;9.c;10.a;11.d;12.b;13.e;14.e;15.c;16.b;17.e;18.d;19.b;20.b', '06/06/2025 12:46:55'),
(3198, 2903371, 7, '1.b;2.e;3.c;4.d;5.e;6.d;7.e;8.a;9.d;10.a;11.a;12.b;13.c;14.c;15.b;16.a;17.a;18.d;19.c;20.d', '06/06/2025 12:47:49'),
(3199, 2903371, 6, '1.c;2.b;3.c;4.a;5.b;6.b;7.b;8.c;9.c;10.a;11.d;12.b;13.c;14.e;15.d;16.c;17.b;18.e;19.a;20.b', '06/06/2025 12:48:28'),
(3200, 5083728, 7, '1.b;2.e;3.c;4.e;5.e;6.d;7.d;8.a;9.d;10.a;11.a;12.b;13.c;14.c;15.a;16.d;17.d;18.a;19.c;20.b', '06/06/2025 12:49:55'),
(3201, 5083728, 6, '1.c;2.b;3.d;4.a;5.c;6.b;7.b;8.c;9.b;10.a;11.d;12.e;13.c;14.e;15.d;16.d;17.e;18.d;19.b;20.b', '06/06/2025 12:50:25'),
(3202, 3225416, 7, '1.b;2.e;3.c;4.d;5.d;6.e;7.e;8.c;9.d;10.a;11.a;12.b;13.c;14.d;15.a;16.d;17.e;18.d;19.c;20.d', '06/06/2025 12:51:02'),
(3203, 3225416, 6, '1.c;2.e;3.d;4.d;5.e;6.b;7.a;8.b;9.b;10.a;11.d;12.d;13.e;14.e;15.e;16.b;17.e;18.a;19.b;20.a', '06/06/2025 12:51:28'),
(3204, 2925331, 7, '1.b;2.e;3.c;4.c;5.e;6.a;7.e;8.c;9.d;10.a;11.a;12.b;13.c;14.c;15.a;16.a;17.a;18.d;19.c;20.c', '06/06/2025 12:52:12'),
(3205, 2925331, 6, '1.c;2.e;3.b;4.d;5.b;6.b;7.b;8.c;9.c;10.a;11.d;12.c;13.e;14.c;15.a;16.c;17.e;18.d;19.b;20.e', '06/06/2025 12:53:52'),
(3206, 5092646, 7, '1.b;2.e;3.e;4.d;5.e;6.b;7.e;8.c;9.d;10.a;11.a;12.b;13.c;14.c;15.a;16.b;17.b;18.d;19.c;20.b', '06/06/2025 12:54:34'),
(3207, 5092646, 6, '1.b;2.e;3.d;4.a;5.e;6.b;7.c;8.c;9.c;10.a;11.d;12.b;13.c;14.a;15.c;16.c;17.b;18.d;19.b;20.b', '06/06/2025 12:56:26'),
(3208, 2916956, 7, '1.b;2.e;3.c;4.c;5.e;6.d;7.e;8.c;9.d;10.a;11.a;12.b;13.c;14.c;15.a;16.d;17.a;18.d;19.c;20.c', '06/06/2025 12:57:30'),
(3209, 2916956, 6, '1.c;2.d;3.b;4.a;5.c;6.e;7.b;8.c;9.a;10.a;11.d;12.b;13.e;14.e;15.d;16.d;17.e;18.e;19.c;20.b', '06/06/2025 12:58:09'),
(3210, 2262576, 7, '1.b;2.e;3.e;4.c;5.c;6.e;7.e;8.c;9.d;10.a;11.a;12.d;13.c;14.c;15.a;16.d;17.a;18.d;19.c;20.c', '06/06/2025 12:59:14'),
(3211, 2262576, 6, '1.c;2.e;3.d;4.d;5.d;6.b;7.b;8.c;9.c;10.a;11.d;12.b;13.e;14.e;15.a;16.e;17.e;18.d;19.b;20.b', '06/06/2025 12:59:50'),
(3212, 2218275, 7, '1.a;2.e;3.c;4.b;5.c;6.a;7.e;8.c;9.d;10.a;11.a;12.a;13.c;14.e;15.a;16.c;17.a;18.d;19.c;20.c', '06/06/2025 13:00:33'),
(3213, 2218275, 6, '1.c;2.e;3.d;4.d;5.b;6.b;7.b;8.c;9.c;10.a;11.d;12.e;13.e;14.d;15.a;16.b;17.e;18.a;19.b;20.a', '06/06/2025 13:00:59'),
(3214, 2121716, 7, '1.b;2.e;3.b;4.c;5.b;6.b;7.e;8.c;9.d;10.a;11.a;12.b;13.c;14.e;15.c;16.d;17.c;18.d;19.c;20.c', '06/06/2025 13:01:47'),
(3215, 2121716, 6, '1.e;2.b;3.c;4.a;5.e;6.c;7.b;8.a;9.c;10.a;11.d;12.b;13.c;14.c;15.d;16.a;17.b;18.d;19.c;20.b', '06/06/2025 13:02:21'),
(3216, 3742395, 7, '1.b;2.e;3.c;4.e;5.e;6.d;7.c;8.d;9.a;10.a;11.a;12.c;13.c;14.c;15.a;16.d;17.a;18.d;19.c;20.c', '06/06/2025 13:03:11'),
(3217, 3742395, 6, '1.c;2.e;3.d;4.a;5.e;6.b;7.b;8.a;9.c;10.a;11.d;12.d;13.b;14.a;15.a;16.a;17.e;18.a;19.a;20.b', '06/06/2025 13:03:46'),
(3218, 2251299, 7, '1.b;2.e;3.c;4.e;5.e;6.d;7.e;8.c;9.d;10.a;11.a;12.b;13.c;14.e;15.a;16.d;17.a;18.d;19.c;20.d', '06/06/2025 13:04:40'),
(3219, 2251299, 6, '1.c;2.e;3.d;4.d;5.b;6.b;7.b;8.b;9.c;10.a;11.d;12.b;13.e;14.d;15.a;16.b;17.e;18.d;19.b;20.e', '06/06/2025 13:05:45'),
(3220, 2828000, 7, '1.b;2.e;3.c;4.n;5.d;6.b;7.e;8.c;9.d;10.a;11.a;12.d;13.c;14.c;15.a;16.d;17.c;18.d;19.c;20.b', '06/06/2025 13:06:36'),
(3221, 2828000, 6, '1.c;2.c;3.b;4.a;5.b;6.b;7.d;8.b;9.c;10.a;11.d;12.b;13.c;14.e;15.d;16.c;17.d;18.d;19.b;20.b', '06/06/2025 13:07:33'),
(3222, 2146190, 7, '1.b;2.e;3.c;4.e;5.c;6.b;7.e;8.c;9.d;10.a;11.a;12.b;13.c;14.c;15.b;16.b;17.d;18.d;19.a;20.d', '06/06/2025 13:08:17'),
(3223, 2146190, 6, '1.c;2.e;3.d;4.a;5.e;6.b;7.b;8.c;9.c;10.a;11.d;12.d;13.e;14.c;15.a;16.a;17.e;18.d;19.b;20.b', '06/06/2025 13:08:50'),
(3224, 3224004, 7, '1.a;2.c;3.b;4.e;5.a;6.d;7.c;8.e;9.b;10.e;11.b;12.c;13.e;14.d;15.a;16.b;17.c;18.a;19.d;20.b', '06/06/2025 13:10:48'),
(3225, 3224004, 6, '1.c;2.e;3.b;4.a;5.d;6.c;7.a;8.e;9.b;10.d;11.a;12.c;13.b;14.d;15.e;16.a;17.c;18.b;19.c;20.a', '06/06/2025 13:11:31'),
(3226, 2615166, 7, '1.a;2.e;3.c;4.b;5.c;6.b;7.e;8.c;9.d;10.a;11.a;12.b;13.c;14.c;15.a;16.d;17.a;18.d;19.c;20.b', '06/06/2025 13:12:18'),
(3227, 2615166, 6, '1.c;2.e;3.d;4.d;5.b;6.b;7.b;8.c;9.c;10.a;11.d;12.d;13.e;14.d;15.a;16.c;17.a;18.e;19.b;20.b', '06/06/2025 13:13:09'),
(3228, 2208277, 7, '1.b;2.a;3.a;4.c;5.c;6.b;7.e;8.a;9.d;10.a;11.a;12.d;13.c;14.c;15.c;16.d;17.d;18.d;19.c;20.c', '06/06/2025 13:14:00'),
(3229, 2208277, 6, '1.c;2.a;3.d;4.a;5.e;6.b;7.b;8.c;9.c;10.a;11.d;12.b;13.c;14.e;15.a;16.d;17.d;18.d;19.b;20.e', '06/06/2025 13:14:56'),
(3230, 2433453, 7, '1.b;2.b;3.c;4.b;5.c;6.b;7.e;8.d;9.a;10.a;11.b;12.c;13.c;14.e;15.a;16.b;17.c;18.d;19.e;20.a', '06/06/2025 13:15:43'),
(3231, 2433453, 6, '1.c;2.e;3.d;4.a;5.e;6.b;7.b;8.c;9.c;10.a;11.d;12.d;13.a;14.e;15.b;16.b;17.e;18.d;19.a;20.b', '06/06/2025 13:16:11'),
(3232, 2146113, 7, '1.b;2.e;3.c;4.b;5.c;6.c;7.e;8.c;9.d;10.a;11.a;12.a;13.c;14.c;15.a;16.d;17.a;18.d;19.c;20.c', '06/06/2025 13:16:51'),
(3233, 2146113, 6, '1.c;2.e;3.d;4.d;5.b;6.b;7.b;8.c;9.c;10.a;11.d;12.b;13.e;14.d;15.a;16.b;17.e;18.d;19.b;20.b', '06/06/2025 13:17:20'),
(3234, 1818809, 7, '1.b;2.a;3.c;4.c;5.c;6.b;7.e;8.c;9.d;10.a;11.a;12.b;13.c;14.c;15.a;16.a;17.a;18.d;19.c;20.c', '06/06/2025 13:17:57'),
(3235, 1818809, 6, '1.c;2.e;3.c;4.a;5.a;6.c;7.a;8.c;9.c;10.a;11.d;12.b;13.c;14.e;15.d;16.a;17.c;18.a;19.b;20.b', '06/06/2025 13:18:55'),
(3236, 5055374, 7, '1.b;2.e;3.c;4.c;5.c;6.d;7.e;8.a;9.d;10.a;11.a;12.a;13.c;14.d;15.a;16.d;17.d;18.d;19.c;20.c', '06/06/2025 13:19:35'),
(3237, 5055374, 6, '1.c;2.e;3.d;4.d;5.b;6.b;7.b;8.c;9.c;10.a;11.d;12.b;13.e;14.d;15.a;16.b;17.e;18.d;19.b;20.b', '06/06/2025 13:20:07'),
(3238, 2208370, 7, '1.a;2.d;3.c;4.d;5.a;6.e;7.d;8.b;9.d;10.e;11.c;12.e;13.c;14.e;15.b;16.c;17.a;18.d;19.c;20.d', '10/06/2025 13:35:29'),
(3239, 2901376, 7, '1.a;2.a;3.c;4.b;5.a;6.a;7.a;8.a;9.a;10.b;11.a;12.a;13.b;14.d;15.d;16.b;17.a;18.a;19.b;20.b', '10/06/2025 13:37:04'),
(3240, 2929160, 7, '1.a;2.d;3.c;4.e;5.e;6.c;7.e;8.c;9.d;10.a;11.a;12.a;13.c;14.e;15.c;16.d;17.b;18.a;19.c;20.a', '10/06/2025 13:37:52'),
(3241, 2615438, 7, '1.a;2.c;3.e;4.b;5.d;6.e;7.e;8.c;9.a;10.b;11.d;12.c;13.b;14.b;15.a;16.d;17.e;18.a;19.a;20.c', '10/06/2025 13:38:44'),
(3242, 2615438, 6, '1.d;2.c;3.c;4.a;5.b;6.d;7.e;8.e;9.a;10.c;11.b;12.b;13.a;14.c;15.e;16.d;17.a;18.c;19.c;20.d', '10/06/2025 13:41:28'),
(3243, 2929160, 6, '1.a;2.e;3.a;4.b;5.b;6.b;7.b;8.a;9.c;10.a;11.d;12.b;13.e;14.e;15.b;16.a;17.d;18.d;19.b;20.b', '10/06/2025 13:43:49'),
(3244, 2901376, 6, '1.a;2.a;3.d;4.c;5.c;6.d;7.d;8.c;9.b;10.a;11.a;12.b;13.c;14.d;15.e;16.a;17.c;18.e;19.a;20.b', '10/06/2025 13:44:41'),
(3245, 2208370, 6, '1.c;2.d;3.b;4.c;5.d;6.c;7.a;8.c;9.a;10.d;11.b;12.c;13.e;14.d;15.c;16.a;17.d;18.a;19.b;20.b', '10/06/2025 13:47:35'),
(3246, 2428134, 7, '1.b;2.e;3.c;4.e;5.e;6.c;7.e;8.c;9.d;10.a;11.a;12.a;13.c;14.e;15.c;16.d;17.a;18.d;19.c;20.c', '10/06/2025 13:50:52'),
(3247, 2929905, 7, '1.b;2.c;3.c;4.d;5.e;6.c;7.e;8.c;9.b;10.a;11.b;12.a;13.c;14.e;15.c;16.d;17.b;18.a;19.c;20.a', '10/06/2025 13:51:39'),
(3248, 2428134, 6, '1.c;2.e;3.b;4.d;5.e;6.b;7.b;8.c;9.c;10.a;11.d;12.d;13.c;14.e;15.b;16.e;17.e;18.e;19.b;20.e', '10/06/2025 13:52:57'),
(3249, 2929905, 6, '1.a;2.e;3.d;4.d;5.e;6.b;7.b;8.c;9.c;10.a;11.d;12.d;13.b;14.d;15.c;16.d;17.e;18.e;19.b;20.b', '10/06/2025 13:53:45'),
(3250, 3861091, 7, '1.b;2.e;3.c;4.c;5.b;6.e;7.e;8.c;9.d;10.a;11.a;12.b;13.c;14.e;15.a;16.c;17.d;18.d;19.c;20.d', '10/06/2025 13:55:10'),
(3251, 2427183, 7, '1.b;2.e;3.b;4.e;5.e;6.a;7.e;8.a;9.d;10.a;11.a;12.a;13.c;14.d;15.a;16.c;17.c;18.d;19.c;20.c', '10/06/2025 13:56:07'),
(3252, 3205369, 7, '1.b;2.c;3.c;4.a;5.d;6.b;7.e;8.c;9.d;10.a;11.a;12.e;13.c;14.c;15.b;16.b;17.b;18.d;19.c;20.a', '10/06/2025 13:57:11'),
(3253, 2372423, 7, '1.c;2.e;3.c;4.c;5.d;6.a;7.e;8.c;9.e;10.b;11.b;12.a;13.c;14.e;15.b;16.d;17.d;18.d;19.c;20.a', '10/06/2025 13:59:11'),
(3254, 2372364, 7, '1.c;2.a;3.c;4.e;5.d;6.b;7.e;8.a;9.c;10.b;11.d;12.d;13.c;14.d;15.c;16.e;17.b;18.d;19.c;20.d', '10/06/2025 14:00:15'),
(3255, 2251885, 7, '1.b;2.e;3.c;4.c;5.b;6.b;7.e;8.a;9.b;10.b;11.a;12.d;13.c;14.d;15.a;16.b;17.a;18.d;19.a;20.d', '10/06/2025 14:02:46'),
(3256, 2900925, 7, '1.b;2.c;3.c;4.e;5.e;6.d;7.c;8.b;9.b;10.c;11.a;12.b;13.b;14.c;15.a;16.c;17.d;18.a;19.c;20.b', '10/06/2025 14:03:52'),
(3257, 2238228, 7, '1.b;2.b;3.c;4.e;5.b;6.c;7.e;8.c;9.d;10.a;11.a;12.c;13.c;14.e;15.e;16.d;17.a;18.d;19.n;20.n', '10/06/2025 14:05:06'),
(3258, 2262473, 7, '1.a;2.d;3.c;4.c;5.e;6.c;7.e;8.c;9.d;10.a;11.b;12.a;13.c;14.e;15.a;16.d;17.d;18.d;19.b;20.d', '10/06/2025 14:06:20'),
(3259, 2146087, 7, '1.b;2.a;3.c;4.c;5.c;6.b;7.d;8.e;9.d;10.a;11.a;12.c;13.b;14.c;15.d;16.c;17.d;18.c;19.b;20.b', '10/06/2025 14:07:25'),
(3260, 3485803, 7, '1.a;2.a;3.b;4.a;5.d;6.e;7.e;8.e;9.b;10.a;11.a;12.b;13.c;14.c;15.a;16.e;17.b;18.a;19.c;20.d', '10/06/2025 14:08:12'),
(3261, 3490090, 7, '1.b;2.c;3.e;4.e;5.e;6.c;7.a;8.a;9.a;10.a;11.d;12.b;13.c;14.b;15.d;16.c;17.b;18.b;19.d;20.a', '10/06/2025 14:09:00'),
(3262, 5055493, 7, '1.b;2.c;3.c;4.c;5.d;6.a;7.e;8.c;9.e;10.a;11.a;12.d;13.c;14.c;15.b;16.e;17.b;18.d;19.a;20.c', '10/06/2025 14:09:54'),
(3263, 2512845, 7, '1.b;2.b;3.c;4.e;5.d;6.b;7.e;8.e;9.e;10.a;11.a;12.a;13.c;14.e;15.c;16.d;17.a;18.d;19.e;20.a', '10/06/2025 14:10:50'),
(3264, 3483991, 7, '1.b;2.d;3.c;4.e;5.a;6.b;7.c;8.b;9.d;10.a;11.a;12.a;13.c;14.a;15.a;16.c;17.a;18.d;19.c;20.c', '10/06/2025 14:13:45'),
(3265, 4412000, 7, '1.b;2.a;3.c;4.c;5.e;6.d;7.e;8.c;9.d;10.b;11.a;12.b;13.c;14.c;15.a;16.d;17.b;18.d;19.a;20.c', '10/06/2025 14:17:09'),
(3266, 2146143, 7, '1.b;2.e;3.c;4.c;5.e;6.b;7.e;8.c;9.d;10.a;11.a;12.b;13.c;14.c;15.a;16.d;17.a;18.d;19.c;20.c', '10/06/2025 14:18:18'),
(3267, 2439593, 7, '1.b;2.d;3.c;4.e;5.c;6.b;7.e;8.e;9.d;10.a;11.a;12.d;13.c;14.c;15.b;16.c;17.d;18.d;19.b;20.a', '10/06/2025 14:19:09'),
(3268, 2350374, 7, '1.b;2.b;3.c;4.e;5.b;6.c;7.e;8.c;9.d;10.a;11.a;12.b;13.c;14.e;15.e;16.d;17.a;18.d;19.b;20.a', '10/06/2025 14:20:02'),
(3269, 3743476, 7, '1.a;2.e;3.c;4.e;5.d;6.b;7.e;8.c;9.d;10.c;11.e;12.a;13.c;14.a;15.c;16.c;17.d;18.d;19.a;20.d', '10/06/2025 14:20:51'),
(3270, 2434146, 7, '1.b;2.d;3.e;4.c;5.c;6.e;7.d;8.c;9.d;10.a;11.a;12.a;13.c;14.e;15.a;16.d;17.c;18.d;19.c;20.c', '10/06/2025 14:21:51'),
(3271, 1791263, 7, '1.b;2.d;3.c;4.b;5.d;6.c;7.e;8.c;9.d;10.a;11.a;12.b;13.c;14.c;15.a;16.d;17.d;18.d;19.c;20.c', '10/06/2025 14:22:49'),
(3272, 2242158, 7, '1.a;2.e;3.c;4.e;5.d;6.b;7.e;8.c;9.d;10.c;11.e;12.a;13.c;14.a;15.c;16.e;17.d;18.b;19.a;20.b', '10/06/2025 14:23:50'),
(3273, 2242158, 6, '1.c;2.e;3.d;4.d;5.e;6.b;7.b;8.a;9.c;10.a;11.d;12.b;13.b;14.e;15.a;16.b;17.e;18.d;19.b;20.b', '10/06/2025 14:24:55'),
(3274, 1791263, 6, '1.e;2.e;3.b;4.a;5.e;6.b;7.a;8.e;9.b;10.a;11.d;12.b;13.d;14.c;15.a;16.b;17.d;18.d;19.c;20.b', '10/06/2025 14:26:42'),
(3275, 2434146, 6, '1.c;2.e;3.d;4.d;5.b;6.b;7.b;8.a;9.c;10.a;11.d;12.b;13.e;14.d;15.a;16.c;17.e;18.e;19.c;20.b', '10/06/2025 14:27:44'),
(3276, 3743476, 6, '1.a;2.c;3.e;4.a;5.e;6.e;7.d;8.a;9.c;10.a;11.d;12.d;13.c;14.e;15.d;16.d;17.e;18.d;19.c;20.c', '10/06/2025 14:28:54'),
(3277, 2350374, 6, '1.c;2.a;3.e;4.a;5.e;6.b;7.b;8.c;9.b;10.a;11.d;12.b;13.d;14.a;15.a;16.d;17.d;18.d;19.a;20.b', '10/06/2025 14:31:38'),
(3278, 2439593, 6, '1.e;2.d;3.a;4.a;5.e;6.c;7.b;8.a;9.b;10.a;11.d;12.d;13.a;14.a;15.e;16.a;17.e;18.a;19.c;20.e', '10/06/2025 14:34:16'),
(3279, 2146143, 6, '1.c;2.e;3.b;4.a;5.d;6.e;7.b;8.e;9.b;10.a;11.e;12.b;13.b;14.e;15.d;16.a;17.d;18.d;19.b;20.b', '10/06/2025 14:36:05'),
(3280, 4412000, 6, '1.c;2.e;3.d;4.d;5.e;6.b;7.d;8.b;9.c;10.a;11.d;12.b;13.b;14.e;15.a;16.e;17.e;18.d;19.b;20.b', '10/06/2025 14:37:22'),
(3281, 3483991, 6, '1.a;2.e;3.e;4.a;5.d;6.c;7.b;8.a;9.b;10.a;11.d;12.e;13.a;14.b;15.a;16.a;17.e;18.a;19.b;20.e', '10/06/2025 14:40:04'),
(3282, 2512845, 6, '1.e;2.d;3.c;4.a;5.e;6.d;7.a;8.a;9.a;10.a;11.d;12.e;13.c;14.b;15.a;16.a;17.b;18.d;19.b;20.a', '10/06/2025 14:41:02'),
(3283, 5055493, 6, '1.c;2.b;3.d;4.a;5.e;6.e;7.b;8.a;9.a;10.a;11.d;12.c;13.c;14.d;15.d;16.c;17.a;18.c;19.e;20.b', '10/06/2025 14:43:03'),
(3284, 3490090, 6, '1.a;2.a;3.e;4.a;5.b;6.e;7.a;8.a;9.a;10.a;11.d;12.b;13.c;14.b;15.d;16.c;17.d;18.c;19.a;20.b', '10/06/2025 14:44:18'),
(3285, 3485803, 6, '1.c;2.b;3.a;4.a;5.d;6.e;7.e;8.c;9.d;10.a;11.d;12.e;13.d;14.e;15.b;16.a;17.b;18.d;19.c;20.a', '10/06/2025 14:45:24'),
(3286, 2146087, 6, '1.c;2.a;3.d;4.a;5.e;6.d;7.b;8.b;9.c;10.a;11.d;12.b;13.c;14.e;15.a;16.a;17.d;18.d;19.b;20.b', '10/06/2025 14:46:53'),
(3287, 2262473, 6, '1.b;2.e;3.c;4.a;5.e;6.e;7.d;8.a;9.c;10.a;11.d;12.b;13.c;14.b;15.e;16.a;17.b;18.a;19.c;20.a', '10/06/2025 14:48:18'),
(3288, 2238228, 6, '1.c;2.a;3.e;4.a;5.b;6.a;7.b;8.c;9.b;10.a;11.d;12.b;13.d;14.a;15.a;16.d;17.d;18.d;19.d;20.e', '10/06/2025 14:49:43'),
(3289, 2900925, 6, '1.a;2.b;3.e;4.a;5.d;6.e;7.b;8.c;9.c;10.d;11.e;12.a;13.d;14.c;15.d;16.e;17.b;18.c;19.d;20.a', '10/06/2025 14:51:41'),
(3290, 2251885, 6, '1.c;2.d;3.d;4.b;5.e;6.c;7.a;8.a;9.b;10.a;11.a;12.d;13.e;14.c;15.c;16.d;17.b;18.a;19.c;20.b', '10/06/2025 14:53:54'),
(3291, 2372364, 6, '1.c;2.b;3.d;4.a;5.e;6.e;7.b;8.a;9.a;10.a;11.d;12.c;13.c;14.d;15.a;16.d;17.d;18.d;19.c;20.a', '10/06/2025 14:55:31'),
(3292, 2372423, 6, '1.c;2.e;3.d;4.a;5.e;6.b;7.b;8.a;9.c;10.a;11.d;12.b;13.c;14.e;15.a;16.b;17.b;18.d;19.c;20.a', '10/06/2025 14:57:11'),
(3293, 3205369, 6, '1.c;2.d;3.b;4.a;5.e;6.d;7.b;8.c;9.b;10.a;11.b;12.d;13.b;14.e;15.b;16.a;17.d;18.d;19.b;20.a', '10/06/2025 14:58:17'),
(3294, 2427183, 6, '1.c;2.e;3.d;4.e;5.c;6.c;7.a;8.b;9.c;10.a;11.d;12.b;13.a;14.e;15.e;16.a;17.e;18.d;19.b;20.b', '10/06/2025 14:59:03'),
(3295, 3861091, 6, '1.a;2.c;3.d;4.a;5.c;6.d;7.d;8.a;9.b;10.a;11.d;12.e;13.b;14.c;15.e;16.a;17.d;18.e;19.b;20.b', '10/06/2025 15:01:39'),
(3296, 3968539, 6, '1.c;2.d;3.c;4.d;5.e;6.d;7.b;8.a;9.b;10.a;11.a;12.e;13.c;14.a;15.a;16.a;17.d;18.d;19.c;20.a', '30/06/2025 13:14:23'),
(3297, 4184379, 6, '1.c;2.a;3.e;4.a;5.c;6.b;7.b;8.b;9.c;10.a;11.d;12.d;13.a;14.c;15.d;16.c;17.d;18.c;19.b;20.b', '30/06/2025 13:15:21'),
(3298, 2615291, 6, '1.c;2.b;3.a;4.a;5.e;6.b;7.c;8.e;9.b;10.a;11.d;12.c;13.a;14.e;15.c;16.d;17.b;18.a;19.c;20.c', '30/06/2025 13:16:11'),
(3299, 5061626, 6, '1.c;2.e;3.d;4.d;5.b;6.b;7.b;8.b;9.b;10.d;11.d;12.b;13.c;14.e;15.a;16.a;17.e;18.d;19.c;20.a', '30/06/2025 13:16:54'),
(3300, 2615036, 6, '1.a;2.a;3.d;4.a;5.d;6.c;7.b;8.c;9.c;10.a;11.d;12.e;13.e;14.e;15.a;16.a;17.d;18.d;19.a;20.b', '30/06/2025 13:18:24'),
(3301, 5056977, 6, '1.c;2.e;3.a;4.a;5.e;6.e;7.a;8.a;9.a;10.a;11.b;12.b;13.b;14.c;15.c;16.a;17.e;18.n;19.d;20.b', '30/06/2025 13:22:29'),
(3302, 2146119, 6, '1.c;2.c;3.b;4.e;5.e;6.a;7.b;8.a;9.d;10.a;11.b;12.e;13.c;14.b;15.e;16.d;17.d;18.a;19.c;20.b', '30/06/2025 13:23:29'),
(3303, 2615242, 6, '1.c;2.a;3.b;4.a;5.b;6.d;7.b;8.b;9.b;10.a;11.d;12.b;13.b;14.b;15.e;16.a;17.e;18.d;19.b;20.e', '30/06/2025 13:25:07'),
(3304, 2208582, 6, '1.d;2.a;3.a;4.c;5.d;6.a;7.a;8.a;9.b;10.a;11.d;12.b;13.c;14.a;15.d;16.a;17.b;18.a;19.a;20.a', '30/06/2025 13:26:02'),
(3305, 2924634, 6, '1.e;2.a;3.b;4.a;5.e;6.a;7.b;8.b;9.c;10.a;11.d;12.e;13.e;14.e;15.b;16.b;17.d;18.e;19.b;20.a', '30/06/2025 13:27:02'),
(3306, 2251326, 6, '1.c;2.a;3.d;4.a;5.b;6.b;7.b;8.c;9.c;10.a;11.d;12.b;13.e;14.c;15.e;16.a;17.c;18.d;19.b;20.b', '30/06/2025 13:28:04'),
(3307, 2252084, 6, '1.e;2.a;3.c;4.a;5.e;6.e;7.b;8.b;9.b;10.a;11.a;12.d;13.e;14.a;15.e;16.e;17.b;18.d;19.e;20.e', '30/06/2025 13:30:33'),
(3308, 2251419, 6, '1.c;2.a;3.b;4.b;5.e;6.b;7.b;8.c;9.c;10.a;11.d;12.d;13.e;14.b;15.a;16.d;17.e;18.d;19.b;20.b', '30/06/2025 13:33:12'),
(3309, 2373004, 6, '1.c;2.c;3.d;4.b;5.b;6.d;7.b;8.a;9.b;10.b;11.a;12.c;13.b;14.c;15.a;16.b;17.d;18.a;19.b;20.a', '30/06/2025 13:35:22'),
(3310, 2251770, 6, '1.a;2.a;3.d;4.a;5.b;6.b;7.b;8.c;9.c;10.c;11.b;12.c;13.d;14.c;15.e;16.c;17.c;18.d;19.b;20.b', '30/06/2025 13:36:41'),
(3311, 2372311, 6, '1.c;2.e;3.d;4.d;5.c;6.b;7.b;8.d;9.b;10.a;11.n;12.n;13.n;14.n;15.n;16.n;17.n;18.n;19.n;20.n', '30/06/2025 13:38:31'),
(3312, 2615108, 6, '1.a;2.c;3.b;4.d;5.e;6.a;7.b;8.c;9.d;10.e;11.e;12.d;13.b;14.c;15.a;16.b;17.c;18.d;19.a;20.a', '30/06/2025 13:41:54'),
(3313, 3643453, 6, '1.b;2.c;3.b;4.c;5.c;6.d;7.b;8.c;9.d;10.d;11.a;12.d;13.a;14.d;15.a;16.a;17.a;18.b;19.c;20.a', '30/06/2025 13:46:51');

-- --------------------------------------------------------

--
-- Estrutura para tabela `ssb_referencia`
--

CREATE TABLE `ssb_referencia` (
  `id_ref` int(11) NOT NULL,
  `area_ref` varchar(10) NOT NULL,
  `matriz_ref` varchar(20) NOT NULL,
  `cod_ref` varchar(10) NOT NULL,
  `descr_ref` varchar(400) NOT NULL
) ENGINE=MyISAM DEFAULT CHARSET=utf8mb3 COLLATE=utf8mb3_general_ci;

--
-- Despejando dados para a tabela `ssb_referencia`
--

INSERT INTO `ssb_referencia` (`id_ref`, `area_ref`, `matriz_ref`, `cod_ref`, `descr_ref`) VALUES
(1, 'MAT', 'SISEDU-SITE', 'S03.H12', 'Comparar números racionais, em suas representações fracionárias ou decimais.'),
(2, 'MAT', 'SISEDU-SITE', 'S03.H29', 'Representar geometricamente (e.g., como translações, homotetias, áreas, etc.) os procedimentos e propriedades das operações aritméticas entre números racionais, usando a reta numérica, reticulados ou outros modelos geométricos.'),
(3, 'MAT', 'SISEDU-SITE', 'S04.H11', 'Calcular porcentagens ou taxas de variação percentuais de grandezas dadas em diferentes contextos e aplicações.'),
(4, 'MAT', 'SISEDU-SITE', 'S04.H12', 'Resolver problemas que envolvam porcentagens ou taxas de variação percentuais, motivados por diferentes contextos e aplicações'),
(5, 'MAT', 'SISEDU-SITE', 'S04.H13', 'Modelar e resolver problemas, utilizando procedimentos corretos e justificados, que envolvam duas ou mais grandezas direta ou inversamente proporcionais (e.g., divisão em partes proporcionais).'),
(6, 'MAT', 'SISEDU-SITE', 'S04.H3', 'Relacionar números racionais a razões entre grandezas ou entre suas variações, expressando, em particular, a taxa de variação (percentual) entre essas grandezas.'),
(7, 'MAT', 'SISEDU-SITE', 'S05.H1', 'Reconhecer padrões geométricos no plano, em vários contextos, descrevendo simetrias e invariâncias.'),
(8, 'MAT', 'SISEDU-SITE', 'S05.H35', 'Resolver problemas que envolvam elementos e propriedades geométricas de polígonos convexos e polígonos regulares (e,g., lados, diagonais, ângulos internos e externos e suas respectivas medidas).'),
(9, 'MAT', 'SISEDU-SITE', 'S06.H12', 'Reconhecer ou descrever relações de proporcionalidade (linearidade) entre variáveis ou suas variações a partir de modelos, tabelas, gráficos e outros conjuntos de informações.'),
(10, 'MAT', 'SISEDU-SITE', 'S06.H24', 'Identificar os parâmetros ou a representação algébrica de uma função afim a partir da reta que a representa graficamente.'),
(11, 'MAT', 'SISEDU-SITE', 'S06.H7', 'Localizar pontos na reta numérica e no plano cartesiano, associando-os a coordenadas (cartesianas ou polares).'),
(12, 'MAT', 'SISEDU-SITE', 'S07.H19', 'Descrever o efeito de movimentos geométricos (e.g., translações, rotações, homotetias, reflexões, projeções) sobre a distância entre pontos e sobre o perímetro de figuras planas.'),
(13, 'MAT', 'SISEDU-SITE', 'S07.H2', 'Determinar o perímetro de figuras planas elementares (e.g., retângulos, paralelogramos), a partir da definição de uma unidade de medida.'),
(14, 'MAT', 'SISEDU-SITE', 'S07.H21', 'Descrever o efeito de movimentos geométricos (translações, rotações, homotetias, reflexões, projeções) sobre áreas de figuras planas.'),
(15, 'MAT', 'SISEDU-SITE', 'S07.H28', 'Descrever quantitativamente as relações entre medidas de perímetro e área ou área e volume sob o efeito de homotetias ou de mudanças de unidades de medidas'),
(16, 'MAT', 'SISEDU-SITE', 'S08.H1', 'Utilizar, com correção e justificativa, o Teorema de Pitágoras, em diversos contextos, aplicações e problemas.'),
(17, 'MAT', 'SISEDU-SITE', 'S08.H8', 'Determinar as razões trigonométricas em triângulos retângulos, descrevendo-as em termos de relações de semelhança.'),
(18, 'MAT', 'SISEDU-SITE', 'S10.H22', 'Resolver problema envolvendo equação quadrática (em particular, determinação de suas raízes).'),
(19, 'MAT', 'SISEDU-SITE', 'S10.H26', 'Identificar os parâmetros de uma função quadrática em termos da parábola que a representa graficamente.'),
(20, 'MAT', 'SISEDU-SITE', 'S11.H13', 'Associar funções exponenciais e suas inversas, logarítmicas, a suas representações algébricas ou gráficas.'),
(21, 'MAT', 'SISEDU-SITE', 'S11.H5', 'Determinar os elementos fundamentais (termos, razões, somas, meios aritméticos e geométricos) de progressões aritméticas e geométricas.'),
(22, 'MAT', 'SISEDU-SITE', 'S11.H9', 'Utilizar, correta e justificadamente, as propriedades operatórias de potências de expoente natural, racional ou real.'),
(23, 'MAT', 'SISEDU-SITE', 'S14.H23', 'Associar figuras geométricas no espaço a suas planificações, perspectivas e outras representações, estabelecendo propriedades comuns e diferenças'),
(24, 'MAT', 'SISEDU-SITE', 'S14.H53', 'Determinar o volume de figuras geométricas espaciais elementares (e.g., paralelepípedos, prismas sobre bases triangulares os quadrangulares) a partir da definição de uma unidade de medida.'),
(25, 'MAT', 'SISEDU-SITE', 'S15.H11', 'Representar, utilizando diversas ferramentas de representação e visualização (fluxogramas, gráficos de barras, gráficos de colunas, gráficos de linhas, gráficos de setores, box-plots, gráficos de radar, histogramas, entre outros), os dados expostos em textos, relatórios, boletins ou outros conjuntos de informações.'),
(26, 'MAT', 'SISEDU-SITE', 'S15.H19', 'Associar dados representados em listas e/ou tabelas simples aos gráficos que as representam, e vice-versa.'),
(27, 'POR', 'SISEDU-SITE', 'S01', 'Localizar informações explícitas em um texto.'),
(28, 'POR', 'SISEDU-SITE', 'S02', 'Inferir informação em texto verbal.'),
(29, 'POR', 'SISEDU-SITE', 'S03', 'Inferir o sentido de uma palavra ou expressão.'),
(30, 'POR', 'SISEDU-SITE', 'S04', 'Interpretar textos não verbais e textos que articulam elementos verbais e não verbais.'),
(31, 'POR', 'SISEDU-SITE', 'S05', 'Identificar o tema ou assunto de um texto.'),
(32, 'POR', 'SISEDU-SITE', 'S06', 'Distinguir fato de opinião relativa ao fato.'),
(33, 'POR', 'SISEDU-SITE', 'S07', 'Diferenciar a informação principal das secundárias em um texto.'),
(34, 'POR', 'SISEDU-SITE', 'S09', 'Reconhecer gêneros discursivos.'),
(35, 'POR', 'SISEDU-SITE', 'S10', 'Identificar o propósito comunicativo em diferentes gêneros.'),
(36, 'POR', 'SISEDU-SITE', 'S11', 'Reconhecer os elementos que compõem uma narrativa e o conflito gerador.'),
(37, 'POR', 'SISEDU-SITE', 'S12', 'Identificar semelhanças e/ou diferenças de ideias e opiniões na comparação entre textos.'),
(38, 'POR', 'SISEDU-SITE', 'S13', 'Reconhecer diferentes formas de tratar uma informação na comparação de textos de um mesmo tema.'),
(39, 'POR', 'SISEDU-SITE', 'S14', 'Reconhecer as relações entre partes de um texto, identificando os recursos coesivos que contribuem para sua continuidade.'),
(40, 'POR', 'SISEDU-SITE', 'S15', 'Identificar a tese de um texto.'),
(41, 'POR', 'SISEDU-SITE', 'S16', 'Estabelecer relação entre tese e os argumentos oferecidos para sustentá-la.'),
(42, 'POR', 'SISEDU-SITE', 'S17', 'Reconhecer o sentido das relações lógico-discursivas marcadas por conjunções, advérbios etc.'),
(43, 'POR', 'SISEDU-SITE', 'S18', 'Reconhecer o sentido do texto e suas partes sem a presença de marcas coesivas.'),
(44, 'POR', 'SISEDU-SITE', 'S19', 'Reconhecer o efeito de sentido decorrente da escolha de palavras, frases ou expressões.'),
(45, 'POR', 'SISEDU-SITE', 'S20', 'Identificar o efeito de sentido decorrente do uso da pontuação e de outras notações.'),
(46, 'POR', 'SISEDU-SITE', 'S21', 'Reconhecer o efeito decorrente do emprego de recursos estilísticos e morfossintáticos.'),
(47, 'POR', 'SISEDU-SITE', 'S22', 'Reconhecer os efeitos de humor e ironia.'),
(48, 'POR', 'SISEDU-SITE', 'S23', 'Identificar os níveis de linguagem e/ou as marcas linguísticas que evidenciam locutor e/ou interlocutor.'),
(49, 'MAT', 'SISEDU-PDF', 'S02.H5', 'Utilizar, de modo correto e justificado, procedimentos e algoritmos de adição de números naturais.'),
(50, 'MAT', 'SISEDU-PDF', 'S02.H11', 'Utilizar, de modo correto e justificado, procedimentos e algoritmos de subtração de números naturais ou inteiros.'),
(51, 'MAT', 'SISEDU-PDF', 'S02.H9', 'Compreender e expressar os algoritmos da multiplicação em termos da adição e da decomposição de\r\nnúmeros inteiros.'),
(52, 'MAT', 'SISEDU-PDF', 'S02.H22', 'Compreender e utilizar procedimentos e algoritmos de divisão, corretos e justificados, em particular o algoritmo de divisão euclidiano (com restos não nulos, inclusive) e suas relações com os algoritmos de adição e multiplicação.'),
(53, 'MAT', 'SISEDU-SITE', 'S06.H25', 'Associar a declividade de uma reta e suas intersecções com os eixos coordenados aos parâmetros da\r\nfunção afim representada pela reta, e vice-versa.'),
(54, 'MAT', 'SISEDU-SITE', 'S06.H22', 'Analisar intervalos de crescimento/decrescimento e determinação dos zeros de funções reais\r\nrepresentadas em gráficos.'),
(55, 'MAT', 'SPAECE', 'D19', 'Resolver problema envolvendo juros simples.'),
(56, 'MAT', 'SPAECE', 'D28', 'Reconhecer a representação algébrica ou gráfica da função polinomial de 1º grau.'),
(57, 'MAT', 'SPAECE', 'D40', 'Relacionar as raízes de um polinômio com sua decomposição em fatores do 1º grau.'),
(58, 'MAT', 'SPAECE', 'D42', 'Resolver situação-problema envolvendo o cálculo da probabilidade de um evento.'),
(59, 'MAT', 'SAEB-9ANO', 'D19', 'Resolver problema com números naturais, envolvendo diferentes significados das operações (adição, subtração, multiplicação, divisão, potenciação).'),
(60, 'MAT', 'SAEB-9ANO', 'D26', 'Resolver problema com números racionais envolvendo as operações (adição, subtração, multiplicação, divisão, potenciação).'),
(61, 'MAT', 'SAEB-9ANO', 'D33', 'Identificar uma equação ou inequação do 1º grau que expressa um problema.'),
(62, 'MAT', 'SAEB-3ANO', 'D19', 'Resolver problema envolvendo uma função do 1º grau.'),
(63, 'MAT', 'SPAECE', 'D17', 'Resolver situação-problema utilizando porcentagem.'),
(64, 'MAT', 'SPAECE', 'D78', 'Resolver problemas envolvendo medidas de tendência central: média, moda ou mediana.'),
(65, 'MAT', 'SPAECE', 'D41', 'Resolver problemas de contagem utilizando o princípio multiplicativo ou noções de permutação simples, ou combinação simples.'),
(66, 'MAT', 'SPAECE', 'D49', 'Resolver problema envolvendo semelhança de figuras planas.'),
(67, 'MAT', 'SPAECE', 'D16N1A', 'Determinar uma fração irredutível, equivalente a uma fração dada, a partir da simplificação por três, sete.'),
(68, 'MAT', 'SPAECE', 'D16N1B', 'Associar um número racional que representa uma quantia monetária, escrito por extenso, à sua representação decimal.'),
(69, 'MAT', 'SPAECE', 'D16N1C', 'Reconhecer o maior ou o menor número em uma coleção de números racionais, representados na forma decimal.'),
(70, 'MAT', 'SPAECE', 'D16N1D', 'Reconhecer a fração que corresponde à relação parte-todo entre uma figura e suas partes hachuradas.'),
(71, 'MAT', 'SPAECE', 'D28N2A', 'Determinar o valor de uma função afim, dada sua lei de formação.'),
(72, 'MAT', 'SPAECE', 'D28N2B', 'Determinar um resultado utilizando o conceito de progressão aritmética.'),
(73, 'MAT', 'SPAECE', 'D28N2C', 'Resolver problemas cuja modelagem recaia em uma função do 1° grau.'),
(74, 'MAT', 'SPAECE', 'D40N2', 'Reconhecer os zeros de uma função dada graficamente.'),
(75, 'MAT', 'SPAECE', 'D49N1', 'Reconhecer um retângulo semelhante a outro, por meio da razão de seus lados.'),
(76, 'MAT', 'SPAECE', 'D52N1', 'Reconhecer a planificação usual do cubo a partir de seu nome.'),
(77, 'MAT', 'SPAECE', 'D52N2', 'Reconhecer a planificação de um sólido simples, dado através de um desenho em perspectiva.'),
(78, 'MAT', 'SPAECE', 'D57N2A', 'Localizar um objeto em representação gráfica do tipo planta baixa, utilizando dois critérios: estar mais longe de um referencial e mais perto de outro.'),
(79, 'MAT', 'SPAECE', 'D57N2B', 'Reconhecer as coordenadas de pontos representados em um plano cartesiano localizados no primeiro ou segundo quadrante.'),
(80, 'MAT', 'SPAECE', 'D64N1', 'Resolver problemas envolvendo conversão de litro para mililitro.'),
(81, 'MAT', 'SPAECE', 'D76N1A', 'Interpretar dados apresentados em um gráfico de linha simples.'),
(82, 'MAT', 'SPAECE', 'D76N1B', 'Interpretar dados apresentados em tabela e gráfico de colunas.'),
(83, 'MAT', 'SPAECE', 'D76N1C', 'Associar dados apresentados em gráfico de colunas a uma tabela e vice e versa.'),
(84, 'MAT', 'SPAECE', 'D76N1D', 'Associar uma tabela de até duas entradas a informações apresentadas textualmente ou em um gráfico de barras ou de linhas.'),
(85, 'MAT', 'SPAECE', 'D76N1E', 'Associar um gráfico de setores a uma tabela que apresenta a mesma relação entre seus dados.'),
(86, 'MAT', 'SPAECE', 'D76N2A', 'Resolver problemas que envolvem a comparação entre dados de duas colunas de uma tabela de colunas duplas.'),
(87, 'MAT', 'SPAECE', 'D76N2B', 'Associar um gráfico de setores a dados percentuais apresentados textualmente.'),
(88, 'MAT', 'SPAECE', 'D76N2C', 'Associar dados apresentados em tabela a gráfico de setores.'),
(89, 'MAT', 'SPAECE', 'D76N2D', 'Analisar dados dispostos em uma tabela simples.'),
(90, 'MAT', 'SPAECE', 'D76N2E', 'Analisar dados apresentados em um gráfico de linha com mais de uma grandeza representada.'),
(91, 'MAT', 'SPAECE', 'D76N2F', 'Interpretar dados apresentados em gráfico de múltiplas colunas'),
(92, 'MAT', 'FR-SPAECE', 'D11N1', 'Localizar números racionais em sua representação decimal na reta numérica'),
(93, 'MAT', 'FR-SPAECE', 'xxN2', 'Determinar a divisão exata de uma quantia monetária formada por 3 algarismos na parte inteira e 2 algarismos na parte decimal, por um número natural formado por 1 algarismo, com 2 divisões parciais não exatas, na resolução de problemas com a ideia de partilha'),
(94, 'MAT', 'FR-SPAECE', 'xxN1', 'Resolver problemas simples utilizando a soma de dois números racionais em sua representação decimal, formados por 1 algarismo na parte inteira e 1 algarismo na parte decimal.'),
(95, 'MAT', 'NONE', 'NONE', 'Habilidade Não Cadastrada'),
(96, 'MAT', 'SPAECE', 'D76N3A', 'Analisar dados dispostos em uma tabela de dupla entrada.'),
(97, 'MAT', 'SPAECE', 'D76N3B', 'Determinar, por meio de proporcionalidade, o gráfico de setores que representam uma situação com dados fornecidos textualmente.'),
(98, 'MAT', 'SPAECE', 'D65N3', 'Reconhecer que a medida do perímetro de um retângulo, em uma malha quadriculada, dobra ou se reduz à metade quando os lados dobram ou são reduzidos à metade.'),
(99, 'MAT', 'SPAECE', 'D65N4', 'Determinar o perímetro de uma região retangular, com o apoio de figura, na resolução de uma situação-problema.'),
(100, 'MAT', 'SPAECE', 'D67N4A', 'Determinar a área de um retângulo em situações-problema.'),
(101, 'MAT', 'SPAECE', 'D67N4B', 'Resolver problemas envolvendo área de uma região composta por retângulos a partir de medidas fornecidas em texto e figura.'),
(102, 'MAT', 'SPAECE', 'D64N3', 'Converter unidades de medidas de comprimento, de metros para centímetros, na resolução de situação-problema.'),
(103, 'MAT', 'SPAECE', 'D64N6', 'Converter unidades de medida de volume, de m³ para litro, em situações-problema.'),
(104, 'MAT', 'SPAECE', 'D28N3A', 'Determinar o número de termos de uma progressão aritmética, dados o primeiro, o último termo e a razão, em uma situação-problema.'),
(105, 'MAT', 'SPAECE', 'D28N3B', 'Resolver problemas envolvendo equação do 1º grau.'),
(106, 'MAT', 'SPAECE', 'D52N3', 'Associar uma planificação usual dada de um prisma hexagonal ao seu nome.'),
(107, 'MAT', 'SPAECE', 'D19N3', 'Determinar um valor reajustado de uma quantia a partir de seu valor inicial e do percentual de reajuste.'),
(108, 'MAT', 'SPAECE', 'D19N4B', 'Determinar o percentual que representa um valor em relação a outro.'),
(109, 'MAT', 'SPAECE', 'D72N3', 'Determinar o volume através da contagem de blocos.'),
(110, 'MAT', 'FR-SPAECE', 'D10N2', 'Resolver problemas envolvendo adição ou subtração de números com sinais opostos formados por até 2 algarismos.'),
(111, 'MAT', 'FR-SPAECE', 'D28N3', 'Reconhecer que a solução de um sistema de equações dado equivale ao ponto de interseção entre as duas retas que o compõem.'),
(112, 'MAT', 'FR-SPAECE', 'D8N2A', 'Localizar o valor que representa um número inteiro positivo associado a um ponto indicado em uma reta numérica.'),
(113, 'MAT', 'FR-SPAECE', 'D8N2B', 'Identificar, em uma coleção de pontos de uma reta numérica, os números inteiros positivos ou negativos, que correspondem a pontos destacados na reta.'),
(114, 'MAT', 'FR-SPAECE', 'D49N2', 'Reconhecer um triângulo semelhante a outro, por meio das medidas de seus ângulos.');

-- --------------------------------------------------------

--
-- Estrutura para tabela `ssb_simulado`
--

CREATE TABLE `ssb_simulado` (
  `id_sim` int(11) NOT NULL,
  `area_sim` int(2) NOT NULL,
  `ativo` int(2) NOT NULL,
  `qtd_itens` int(11) NOT NULL,
  `nome_sim` varchar(50) NOT NULL,
  `oferta_sim` varchar(50) NOT NULL,
  `item_ref` varchar(300) NOT NULL,
  `gab_sim` varchar(200) NOT NULL,
  `nome_arq` varchar(100) NOT NULL,
  `nome_arq_gab` varchar(100) NOT NULL
) ENGINE=MyISAM DEFAULT CHARSET=utf8mb3 COLLATE=utf8mb3_general_ci;

--
-- Despejando dados para a tabela `ssb_simulado`
--

INSERT INTO `ssb_simulado` (`id_sim`, `area_sim`, `ativo`, `qtd_itens`, `nome_sim`, `oferta_sim`, `item_ref`, `gab_sim`, `nome_arq`, `nome_arq_gab`) VALUES
(1, 1, 1, 10, 'Simulado 1 - Português (3ª Série)', '3A;3B;3C;3D;3N', '1.27;2.27;3.28;4.28;5.29;6.29;7.30;8.30;9.27;10.27', '1.e;2.b;3.c;4.a;5.b;6.c;7.d;8.d;9.c;10.d', 'simulado1_2025_portugues_3serie_imprimir.pdf', 'simulado1_2025_portugues_3serie_com_gabarito.pdf'),
(2, 2, 1, 15, 'Simulado 1 - Matemática (3ª Série)', '3A;3B;3C;3D', '1.67;2.67;3.75;4.75;5.76;6.80;7.80;8.81;9.81;10.82;11.83;12.83;13.84;14.85;15.85', '1.d;2.b;3.b;4.d;5.e;6.d;7.a;8.c;9.b;10.a;11.e;12.a;13.e;14.e;15.b', 'simulado1_2025_matematica_3serie_imprimir.pdf', 'simulado1_2025_matematica_3serie_com_gabarito.pdf'),
(3, 2, 1, 10, 'Simulado 1 - Matemática (3ª Série N)', '3N', '1.67;2.67;3.67;4.67;5.67;6.67;7.68;8.68;9.68;10.68', '1.d;2.a;3.a;4.a;5.b;6.c;7.d;8.d;9.d;10.c', 'simulado1_2025_matematica_3serieN_imprimir.pdf', 'simulado1_2025_matematica_3serieN_gabarito.pdf'),
(4, 1, 1, 10, 'Simulado 2 - Português (3ª Série)', '3A;3B;3C;3D;3N', '1.31;2.31;3.31;4.32;5.32;6.32;7.48;8.48;9.48;10.31', '1.a;2.b;3.d;4.b;5.e;6.a;7.d;8.a;9.c;10.a', 'simulado2_2025_portugues_3serie_imprimir.pdf', 'simulado2_2025_portugues_3serie_com_gabarito.pdf'),
(5, 2, 1, 20, 'Simulado 2 - Matemática (3ª Série)', '3A;3B;3C;3D', '1.67;2.67;3.68;4.68;5.69;6.69;7.70;8.70;9.75;10.75;11.76;12.80;13.80;14.81;15.81;16.82;17.83;18.83;19.84;20.85', '1.c;2.d;3.c;4.c;5.c;6.d;7.b;8.b;9.d;10.d;11.d;12.b;13.c;14.e;15.c;16.a;17.e;18.c;19.a;20.c', 'simulado2_2025_matematica_3serie_imprimir.pdf', 'simulado2_2025_matematica_3serie_com_gabarito.pdf'),
(6, 2, 1, 20, 'Simulado 3 - Matemática (3ª Série)', '3A;3B;3C;3D', '1.112;2.112;3.112;4.92;5.92;6.92;7.86;8.86;9.87;10.87;11.88;12.88;13.89;14.89;15.89;16.75;17.77;\n18.77;19.77;20.106', '1.c;2.e;3.d;4.d;5.b;6.b;7.b;8.c;9.c;10.a;11.d;12.b;13.e;14.d;15.a;16.b;17.e;18.d;19.b;20.b', 'simulado3_2025_matematica_3serie_imprimir.pdf', 'simulado3_2025_matematica_3serie_gabarito.pdf'),
(7, 1, 1, 20, 'Simulado 3 - Português (3ª Série)', '3A;3B;3C;3D', '1.27;2.27;3.28;4.28;5.29;6.29;7.30;8.30;9.32;10.32;11.32;12.35;13.35;14.37;15.37;16.37;17.38;18.38;19.48;20.48', '1.b;2.e;3.c;4.b;5.d;6.c;7.e;8.c;9.d;10.a;11.a;12.b;13.c;14.c;15.a;16.d;17.a;18.d;19.c;20.c', 'simulado3_2025_portugues_3serie_imprimir.pdf', 'simulado3_2025_portugues_3serie_com_gabarito.pdf');

-- --------------------------------------------------------

--
-- Estrutura para tabela `turno`
--

CREATE TABLE `turno` (
  `id` int(11) NOT NULL,
  `oferta_t` varchar(10) NOT NULL,
  `descr_t` varchar(100) NOT NULL
) ENGINE=InnoDB DEFAULT CHARSET=utf8mb3 COLLATE=utf8mb3_general_ci;

--
-- Despejando dados para a tabela `turno`
--

INSERT INTO `turno` (`id`, `oferta_t`, `descr_t`) VALUES
(1, '9A', 'Integral'),
(2, '9B', 'Integral'),
(3, '9C', 'Integral'),
(64, '7A', 'Integral'),
(65, '7B', 'Integral'),
(66, '7C', 'Integral'),
(67, '7D', 'Integral'),
(68, '8A', 'Integral'),
(69, '8B', 'Integral'),
(70, '8C', 'Integral'),
(71, '8D', 'Integral'),
(72, '9D', 'Integral');

-- --------------------------------------------------------

--
-- Estrutura para tabela `usuario`
--

CREATE TABLE `usuario` (
  `id` int(11) NOT NULL,
  `id_user` varchar(100) NOT NULL,
  `senha` varchar(32) NOT NULL,
  `status` int(11) NOT NULL
) ENGINE=InnoDB DEFAULT CHARSET=utf8mb3 COLLATE=utf8mb3_general_ci;

--
-- Despejando dados para a tabela `usuario`
--

INSERT INTO `usuario` (`id`, `id_user`, `senha`, `status`) VALUES
(1, 'admin', '1b1aecd6c8616e343876e7a4c9780f27', 1),
(2, 'marcos', 'c1f997bc9f5bcd5550f022fe7e514622', 1),
(3, 'alice', 'c1f997bc9f5bcd5550f022fe7e514622', 1),
(4, 'gestor', 'c1f997bc9f5bcd5550f022fe7e514622', 1),
(5, 'roberto', '1b1aecd6c8616e343876e7a4c9780f27', 1),
(6, 'ana', 'c1f997bc9f5bcd5550f022fe7e514622', 1),
(7, 'adeanderson', 'c1f997bc9f5bcd5550f022fe7e514622', 1),
(8, 'antonio', 'c1f997bc9f5bcd5550f022fe7e514622', 1),
(9, 'esterfano', 'c1f997bc9f5bcd5550f022fe7e514622', 1),
(10, 'cleane', 'c1f997bc9f5bcd5550f022fe7e514622', 1),
(11, 'daniele', 'c1f997bc9f5bcd5550f022fe7e514622', 1),
(12, 'david', '1b1aecd6c8616e343876e7a4c9780f27', 1),
(13, 'elizane', 'c1f997bc9f5bcd5550f022fe7e514622', 1),
(14, 'edson', 'c1f997bc9f5bcd5550f022fe7e514622', 1),
(15, 'joao', 'c1f997bc9f5bcd5550f022fe7e514622', 1),
(16, 'karine', '9aaa0dabc3018abf9491e9cd9c81bf40', 1),
(17, 'livia', 'c1f997bc9f5bcd5550f022fe7e514622', 1),
(18, 'marcilio', 'c1f997bc9f5bcd5550f022fe7e514622', 1),
(19, 'vinicius', 'c1f997bc9f5bcd5550f022fe7e514622', 1),
(20, 'eduarda', 'c1f997bc9f5bcd5550f022fe7e514622', 1),
(21, 'mariane', '650d593d92f1ea6216d392b52e84091e', 1),
(22, 'nonato', 'c1f997bc9f5bcd5550f022fe7e514622', 1),
(23, 'reginaldo', 'c1f997bc9f5bcd5550f022fe7e514622', 1),
(24, 'sara', 'c1f997bc9f5bcd5550f022fe7e514622', 1),
(25, 'vania', 'c1f997bc9f5bcd5550f022fe7e514622', 1),
(26, 'yana', '90d265a472f10d10399668dd80164bdb', 1),
(27, 'yuri', 'c1f997bc9f5bcd5550f022fe7e514622', 1),
(28, 'daniely', 'c1f997bc9f5bcd5550f022fe7e514622', 1),
(29, 'marcio', 'c1f997bc9f5bcd5550f022fe7e514622', 1),
(93, 'elizamara', 'c1f997bc9f5bcd5550f022fe7e514622', 1),
(94, 'erik', 'c1f997bc9f5bcd5550f022fe7e514622', 1),
(95, 'robson', 'c1f997bc9f5bcd5550f022fe7e514622', 1);

-- --------------------------------------------------------

--
-- Estrutura para tabela `visao_aluno`
--

CREATE TABLE `visao_aluno` (
  `id` int(11) NOT NULL,
  `id_aln` varchar(100) NOT NULL,
  `dat_ult_visao` varchar(20) DEFAULT NULL
) ENGINE=InnoDB DEFAULT CHARSET=utf8mb3 COLLATE=utf8mb3_general_ci;

--
-- Índices de tabelas apagadas
--

--
-- Índices de tabela `aluno`
--
ALTER TABLE `aluno`
  ADD PRIMARY KEY (`id_user_a`);

--
-- Índices de tabela `disciplina`
--
ALTER TABLE `disciplina`
  ADD PRIMARY KEY (`id`);

--
-- Índices de tabela `dturma`
--
ALTER TABLE `dturma`
  ADD PRIMARY KEY (`id`);

--
-- Índices de tabela `enturmacao`
--
ALTER TABLE `enturmacao`
  ADD PRIMARY KEY (`id`);

--
-- Índices de tabela `notificacao`
--
ALTER TABLE `notificacao`
  ADD PRIMARY KEY (`id`);

--
-- Índices de tabela `ocorrencia`
--
ALTER TABLE `ocorrencia`
  ADD PRIMARY KEY (`id`),
  ADD KEY `id_prof` (`id_prof`),
  ADD KEY `id_aln` (`id_aln`),
  ADD KEY `id_oferta` (`id_oferta`),
  ADD KEY `status` (`status`);

--
-- Índices de tabela `oferta`
--
ALTER TABLE `oferta`
  ADD PRIMARY KEY (`id`),
  ADD KEY `id_disc` (`id_disc`),
  ADD KEY `id_user_p` (`id_user_p`);

--
-- Índices de tabela `professor`
--
ALTER TABLE `professor`
  ADD PRIMARY KEY (`id_user_p`);

--
-- Índices de tabela `registros`
--
ALTER TABLE `registros`
  ADD PRIMARY KEY (`id`);

--
-- Índices de tabela `regstatus`
--
ALTER TABLE `regstatus`
  ADD PRIMARY KEY (`id`);

--
-- Índices de tabela `sessao`
--
ALTER TABLE `sessao`
  ADD PRIMARY KEY (`id`);

--
-- Índices de tabela `ssb_gabarito`
--
ALTER TABLE `ssb_gabarito`
  ADD PRIMARY KEY (`id_gab`),
  ADD KEY `id_sim` (`idsim`),
  ADD KEY `matr_aln` (`matraln`);

--
-- Índices de tabela `ssb_referencia`
--
ALTER TABLE `ssb_referencia`
  ADD PRIMARY KEY (`id_ref`);

--
-- Índices de tabela `ssb_simulado`
--
ALTER TABLE `ssb_simulado`
  ADD PRIMARY KEY (`id_sim`);

--
-- Índices de tabela `turno`
--
ALTER TABLE `turno`
  ADD PRIMARY KEY (`id`);

--
-- Índices de tabela `usuario`
--
ALTER TABLE `usuario`
  ADD PRIMARY KEY (`id`);

--
-- Índices de tabela `visao_aluno`
--
ALTER TABLE `visao_aluno`
  ADD PRIMARY KEY (`id`);

--
-- AUTO_INCREMENT de tabelas apagadas
--

--
-- AUTO_INCREMENT de tabela `disciplina`
--
ALTER TABLE `disciplina`
  MODIFY `id` int(11) NOT NULL AUTO_INCREMENT, AUTO_INCREMENT=46;

--
-- AUTO_INCREMENT de tabela `dturma`
--
ALTER TABLE `dturma`
  MODIFY `id` int(11) NOT NULL AUTO_INCREMENT, AUTO_INCREMENT=94;

--
-- AUTO_INCREMENT de tabela `enturmacao`
--
ALTER TABLE `enturmacao`
  MODIFY `id` int(11) NOT NULL AUTO_INCREMENT, AUTO_INCREMENT=2966;

--
-- AUTO_INCREMENT de tabela `notificacao`
--
ALTER TABLE `notificacao`
  MODIFY `id` int(11) NOT NULL AUTO_INCREMENT, AUTO_INCREMENT=87;

--
-- AUTO_INCREMENT de tabela `ocorrencia`
--
ALTER TABLE `ocorrencia`
  MODIFY `id` int(11) NOT NULL AUTO_INCREMENT, AUTO_INCREMENT=3956;

--
-- AUTO_INCREMENT de tabela `oferta`
--
ALTER TABLE `oferta`
  MODIFY `id` int(11) NOT NULL AUTO_INCREMENT, AUTO_INCREMENT=4460;

--
-- AUTO_INCREMENT de tabela `registros`
--
ALTER TABLE `registros`
  MODIFY `id` int(11) NOT NULL AUTO_INCREMENT, AUTO_INCREMENT=16;

--
-- AUTO_INCREMENT de tabela `sessao`
--
ALTER TABLE `sessao`
  MODIFY `id` int(2) NOT NULL AUTO_INCREMENT;

--
-- AUTO_INCREMENT de tabela `ssb_gabarito`
--
ALTER TABLE `ssb_gabarito`
  MODIFY `id_gab` int(11) NOT NULL AUTO_INCREMENT, AUTO_INCREMENT=3314;

--
-- AUTO_INCREMENT de tabela `ssb_referencia`
--
ALTER TABLE `ssb_referencia`
  MODIFY `id_ref` int(11) NOT NULL AUTO_INCREMENT, AUTO_INCREMENT=115;

--
-- AUTO_INCREMENT de tabela `ssb_simulado`
--
ALTER TABLE `ssb_simulado`
  MODIFY `id_sim` int(11) NOT NULL AUTO_INCREMENT, AUTO_INCREMENT=21;

--
-- AUTO_INCREMENT de tabela `turno`
--
ALTER TABLE `turno`
  MODIFY `id` int(11) NOT NULL AUTO_INCREMENT, AUTO_INCREMENT=73;

--
-- AUTO_INCREMENT de tabela `usuario`
--
ALTER TABLE `usuario`
  MODIFY `id` int(11) NOT NULL AUTO_INCREMENT, AUTO_INCREMENT=96;

--
-- AUTO_INCREMENT de tabela `visao_aluno`
--
ALTER TABLE `visao_aluno`
  MODIFY `id` int(11) NOT NULL AUTO_INCREMENT;
COMMIT;

/*!40101 SET CHARACTER_SET_CLIENT=@OLD_CHARACTER_SET_CLIENT */;
/*!40101 SET CHARACTER_SET_RESULTS=@OLD_CHARACTER_SET_RESULTS */;
/*!40101 SET COLLATION_CONNECTION=@OLD_COLLATION_CONNECTION */;
