-- phpMyAdmin SQL Dump
-- version 5.2.0
-- https://www.phpmyadmin.net/
--
-- Host: 127.0.0.1:3307
-- Tempo de geração: 23-Out-2025 às 16:12
-- Versão do servidor: 10.6.11-MariaDB
-- versão do PHP: 8.1.13

SET SQL_MODE = "NO_AUTO_VALUE_ON_ZERO";
START TRANSACTION;
SET time_zone = "+00:00";


/*!40101 SET @OLD_CHARACTER_SET_CLIENT=@@CHARACTER_SET_CLIENT */;
/*!40101 SET @OLD_CHARACTER_SET_RESULTS=@@CHARACTER_SET_RESULTS */;
/*!40101 SET @OLD_COLLATION_CONNECTION=@@COLLATION_CONNECTION */;
/*!40101 SET NAMES utf8mb4 */;

--
-- Banco de dados: `syrios`
--

-- --------------------------------------------------------

--
-- Estrutura da tabela `syrios_aluno`
--

DROP TABLE IF EXISTS `syrios_aluno`;
CREATE TABLE IF NOT EXISTS `syrios_aluno` (
  `id` bigint(20) UNSIGNED NOT NULL AUTO_INCREMENT,
  `matricula` varchar(10) NOT NULL,
  `school_id` bigint(20) UNSIGNED NOT NULL,
  `nome_a` varchar(100) NOT NULL,
  `created_at` timestamp NULL DEFAULT NULL,
  `updated_at` timestamp NULL DEFAULT NULL,
  PRIMARY KEY (`id`),
  KEY `syrios_aluno_school_id_foreign` (`school_id`)
) ENGINE=InnoDB AUTO_INCREMENT=565 DEFAULT CHARSET=utf8mb4 COLLATE=utf8mb4_unicode_ci;

--
-- Extraindo dados da tabela `syrios_aluno`
--

INSERT INTO `syrios_aluno` (`id`, `matricula`, `school_id`, `nome_a`, `created_at`, `updated_at`) VALUES
(7, '2229287', 5, 'ANTONIO CARLOS NASCIMENTO EUFRASIO', '2025-10-15 01:26:41', NULL),
(8, '3730158', 5, 'ANTONIO DANIEL VIANA BATISTA NETO', '2025-10-15 01:26:41', NULL),
(9, '2242118', 5, 'ANTONIO GABRIEL ARAUJO DE FREITAS', '2025-10-15 01:26:41', NULL),
(10, '3610065', 5, 'ANTONIO IGOR DA SILVA XAVIER', '2025-10-15 01:26:41', NULL),
(11, '2926910', 5, 'ANTONIO LEVI DA SILVA PEREIRA', '2025-10-15 01:26:41', NULL),
(12, '4923289', 5, 'CARLOS HENRIQUE DE LIMA DA SILVA', '2025-10-15 01:26:41', NULL),
(13, '4393387', 5, 'CARLOS VICTOR ALVES DA SILVA', '2025-10-15 01:26:41', NULL),
(14, '3744290', 5, 'CECILIA DA SILVA DO NASCIMENTO', '2025-10-15 01:26:41', NULL),
(15, '2924960', 5, 'DAFNNY EZEQUIEL DA SILVA', '2025-10-15 01:26:41', NULL),
(16, '2927071', 5, 'DIOGO DAVID ALVES DE SOUSA', '2025-10-15 01:26:41', NULL),
(17, '2954381', 5, 'DOUGLAS DOS SANTOS DA SILVA', '2025-10-15 01:26:41', NULL),
(18, '3498393', 5, 'EMILLY LUANA DA SILVA SILVESTRE', '2025-10-15 01:26:41', NULL),
(19, '2954730', 5, 'EVELINE DA SILVA BRITO', '2025-10-15 01:26:41', NULL),
(20, '2938973', 5, 'FELIPE LOPES NOGUEIRA', '2025-10-15 01:26:41', NULL),
(21, '3190060', 5, 'FRANCISCO ARIEL DE OLIVEIRA', '2025-10-15 01:26:41', NULL),
(22, '2377706', 5, 'FRANCISCO KAUE DE SOUSA PEREIRA', '2025-10-15 01:26:41', NULL),
(23, '1827433', 5, 'FRANCISCO LUCAS BARROS DA SILVA', '2025-10-15 01:26:41', NULL),
(24, '5416504', 5, 'HELLEN DARA OLIVEIRA MARTINS', '2025-10-15 01:26:41', NULL),
(25, '2289909', 5, 'IASMIM DA SILVA MENEZES', '2025-10-15 01:26:41', NULL),
(26, '2935144', 5, 'JOAO LUCAS LIMA DA SILVA', '2025-10-15 01:26:41', NULL),
(27, '2583493', 5, 'JOAO SAMUEL QUEIROZ DA SILVA', '2025-10-15 01:26:41', NULL),
(28, '2939057', 5, 'JOZIANE DOS SANTOS SILVA', '2025-10-15 01:26:41', NULL),
(29, '3218126', 5, 'KAUA DA SILVA GOMES', '2025-10-15 01:26:41', NULL),
(30, '2230709', 5, 'LEVI DE JESUS DA SILVA DUARTE', '2025-10-15 01:26:41', NULL),
(31, '3218181', 5, 'LIZIANE PEREIRA DA SILVA', '2025-10-15 01:26:41', NULL),
(32, '3791375', 5, 'LUCAS GONCALVES DA SILVA', '2025-10-15 01:26:41', NULL),
(33, '2920957', 5, 'MARCOS RYAN FREITAS DOS SANTOS', '2025-10-15 01:26:41', NULL),
(34, '2925051', 5, 'MARIA CLEZIANE SOARES DA SILVA', '2025-10-15 01:26:41', NULL),
(35, '2973079', 5, 'MARIA IZABEL LOPES SILVA', '2025-10-15 01:26:41', NULL),
(36, '2925375', 5, 'MARIA JESSYCA OLIVEIRA XAVIER', '2025-10-15 01:26:41', NULL),
(37, '3218095', 5, 'MARIA JULIANA CAVALCANTE PEREIRA', '2025-10-15 01:26:41', NULL),
(38, '2460135', 5, 'MARIA TALITA SILVA DOS SANTOS', '2025-10-15 01:26:41', NULL),
(39, '3218084', 5, 'MIKAEL FERNANDES DO NASCIMENTO', '2025-10-15 01:26:41', NULL),
(40, '4918987', 5, 'PEDRO GABRIEL SOUTO DE AQUINO', '2025-10-15 01:26:41', NULL),
(41, '3749347', 5, 'REGIS LEVI BRAGA TEODOSIO', '2025-10-15 01:26:41', NULL),
(42, '2582535', 5, 'RONALD LEVY PEREIRA FEITOSA', '2025-10-15 01:26:41', NULL),
(43, '2356655', 5, 'RYTHA DE KASSIA DOS SANTOS ANDRADE', '2025-10-15 01:26:41', NULL),
(44, '2240510', 5, 'STEFHANY VIANA ARAUJO', '2025-10-15 01:26:41', NULL),
(45, '2923191', 5, 'ALAN GABRIEL OLIVEIRA TAVORA', '2025-10-15 01:26:41', NULL),
(46, '3911612', 5, 'ANA CLARA ARAUJO ALVES', '2025-10-15 01:26:41', NULL),
(47, '2926891', 5, 'ANTONIA KAILANA TAVARES DA SILVA', '2025-10-15 01:26:41', NULL),
(48, '3498346', 5, 'ANTONIO EMANUEL ABREU DE SOUSA', '2025-10-15 01:26:41', NULL),
(49, '3498900', 5, 'AURILENE SANTIAGO CABRAL', '2025-10-15 01:26:41', NULL),
(50, '2923019', 5, 'DAIANE RAQUEL SILVA TAVORA', '2025-10-15 01:26:41', NULL),
(51, '2954292', 5, 'DANIELLY PAZ ESTEVAM', '2025-10-15 01:26:41', NULL),
(52, '2954335', 5, 'DAVID DOS SANTOS MIRANDA', '2025-10-15 01:26:41', NULL),
(53, '2954642', 5, 'EDILBERTO RYAN DE FREITAS QUEIROZ', '2025-10-15 01:26:41', NULL),
(54, '3244657', 5, 'FRANCISCA CASSIA DE FREITAS DO NASCIMENTO', '2025-10-15 01:26:41', NULL),
(55, '2569498', 5, 'FRANCISCA VALDEVANIA OLIVEIRA MIRANDA', '2025-10-15 01:26:41', NULL),
(56, '2242062', 5, 'FRANCISCO BARBOSA VIANA', '2025-10-15 01:26:41', NULL),
(57, '3182208', 5, 'FRANCISCO EDUARDO LUDUVINO SOARES', '2025-10-15 01:26:41', NULL),
(58, '2947821', 5, 'FRANCISCO GABRIEL DOS SANTOS VIANA', '2025-10-15 01:26:41', NULL),
(59, '3586513', 5, 'FRANCISCO LUAN DE FREITAS JULIAO', '2025-10-15 01:26:41', NULL),
(60, '2372479', 5, 'GABRIEL DA SILVA LAURENTINO', '2025-10-15 01:26:41', NULL),
(61, '2372535', 5, 'GUILHERME DE LIMA PEREIRA', '2025-10-15 01:26:41', NULL),
(62, '2242028', 5, 'IRIS DE FREITAS DA SILVA', '2025-10-15 01:26:41', NULL),
(63, '2916879', 5, 'JENIFER KELLY ALVES DA SILVA', '2025-10-15 01:26:41', NULL),
(64, '2185620', 5, 'JOAO KAIO FREITAS DA SILVA', '2025-10-15 01:26:41', NULL),
(65, '3233677', 5, 'JOAO PEDRO DA SILVA CASSEMIRO', '2025-10-15 01:26:41', NULL),
(66, '3214371', 5, 'JOSE ANGLES GONCALVES DE FREITAS', '2025-10-15 01:26:41', NULL),
(67, '3538556', 5, 'KAIKY DAVID DE SOUZA SILVA', '2025-10-15 01:26:41', NULL),
(68, '3749160', 5, 'LUIZ GUSTAVO DE OLIVEIRA AGUIAR', '2025-10-15 01:26:41', NULL),
(69, '4403411', 5, 'LUIZ PEDRO LIMA DE QUEIROZ', '2025-10-15 01:26:41', NULL),
(70, '2582666', 5, 'MARA KELLY DE ALMEIDA SOARES', '2025-10-15 01:26:41', NULL),
(71, '2372799', 5, 'MARCELINO PEREIRA DE FREITAS', '2025-10-15 01:26:41', NULL),
(72, '3218112', 5, 'MARCELO JACKSON SOUZA FACUNDO', '2025-10-15 01:26:41', NULL),
(73, '3484681', 5, 'MARIA EDUARDA PEREIRA DA COSTA', '2025-10-15 01:26:41', NULL),
(74, '3661240', 5, 'MARIA GESSICA MARTINS RUFINO', '2025-10-15 01:26:41', NULL),
(75, '2355669', 5, 'MARIA ISABELLY VIEIRA DA SILVA', '2025-10-15 01:26:41', NULL),
(76, '2938928', 5, 'MARIA LARISSA BARBOSA DA SILVA', '2025-10-15 01:26:41', NULL),
(77, '2351875', 5, 'MARIA YAMARA NUNES DE ALMEIDA', '2025-10-15 01:26:41', NULL),
(78, '3499531', 5, 'MIKAELE CORDEIRO CABRAL', '2025-10-15 01:26:41', NULL),
(79, '3499583', 5, 'MIKELE CORDEIRO CABRAL', '2025-10-15 01:26:41', NULL),
(80, '2921095', 5, 'RHANA MENDONCA DOS SANTOS', '2025-10-15 01:26:41', NULL),
(81, '2927074', 5, 'RICHARLISON BARBOSA DA SILVA', '2025-10-15 01:26:41', NULL),
(82, '2927079', 5, 'SAMUEL HOLANDA NASCIMENTO', '2025-10-15 01:26:41', NULL),
(83, '2569760', 5, 'SARA MIRELE DE OLIVEIRA LIMA', '2025-10-15 01:26:41', NULL),
(84, '3749377', 5, 'SHERIDA DAVILA GALDENCIO DE FRANCA', '2025-10-15 01:26:41', NULL),
(85, '2294517', 5, 'STEFHANY ALCANTARA MATOS', '2025-10-15 01:26:41', NULL),
(86, '2952590', 5, 'TIAGO XAVIER SOUZA', '2025-10-15 01:26:41', NULL),
(87, '2947780', 5, 'VITOR CASSEMIRO MACEDO', '2025-10-15 01:26:41', NULL),
(88, '2924855', 5, 'WANIERY NOGUEIRA DA SILVA', '2025-10-15 01:26:41', NULL),
(89, '2218187', 5, 'ANTONIA SOFIA FERREIRA DA SILVA', '2025-10-15 01:26:41', NULL),
(90, '2230331', 5, 'ANTONIO BRENO DE OLIVEIRA SILVA', '2025-10-15 01:26:41', NULL),
(91, '2940633', 5, 'BRUNO VITOR PEREIRA DE SOUZA', '2025-10-15 01:26:41', NULL),
(92, '2289542', 5, 'DANIEL DUARTE DOS SANTOS', '2025-10-15 01:26:41', NULL),
(93, '3800969', 5, 'EDIVANILSON DOS SANTOS DA SILVA', '2025-10-15 01:26:41', NULL),
(94, '3798699', 5, 'FRANCISCO GUILHERME MOTA DA SILVA', '2025-10-15 01:26:41', NULL),
(95, '3244680', 5, 'FRANCISCO KALLIU ANDRADE VIANA', '2025-10-15 01:26:41', NULL),
(96, '4182478', 5, 'FRANCISCO LEVY LIMA DA SILVA', '2025-10-15 01:26:41', NULL),
(97, '2289619', 5, 'FRANCISCO WESLEY FERNANDES MENDES', '2025-10-15 01:26:41', NULL),
(98, '3564352', 5, 'GUSTAVO SOUSA DO NASCIMENTO', '2025-10-15 01:26:41', NULL),
(99, '2439481', 5, 'IAGO SOUSA ARAUJO', '2025-10-15 01:26:41', NULL),
(100, '2275509', 5, 'IARA DE AGUIAR DE SOUSA', '2025-10-15 01:26:41', NULL),
(101, '3798856', 5, 'JOAO PEDRO DE ARAUJO DIAS', '2025-10-15 01:26:41', NULL),
(102, '2579338', 5, 'KAIANY GOMES PEDROSA', '2025-10-15 01:26:41', NULL),
(103, '5030914', 5, 'KAIO SAVIO SIMAO ARAUJO', '2025-10-15 01:26:41', NULL),
(104, '2579559', 5, 'KAUA MELO FRANCELINO', '2025-10-15 01:26:41', NULL),
(105, '2925085', 5, 'KAUA PINHEIRO ALBUQUERQUE', '2025-10-15 01:26:41', NULL),
(106, '2434228', 5, 'KAUA SOUSA NASCIMENTO', '2025-10-15 01:26:41', NULL),
(107, '3499232', 5, 'KAUA VITOR DE OLIVEIRA SANTOS', '2025-10-15 01:26:41', NULL),
(108, '3256300', 5, 'KEISON DAVI SABINO SILVA', '2025-10-15 01:26:41', NULL),
(109, '4219024', 5, 'KELVES DO NASCIMENTO ARAUJO', '2025-10-15 01:26:41', NULL),
(110, '2935161', 5, 'LARA ELEN DA SILVA NASCIMENTO', '2025-10-15 01:26:41', NULL),
(111, '2615413', 5, 'LIDIA FRANCELINO DA SILVA', '2025-10-15 01:26:41', NULL),
(112, '2935168', 5, 'LUIS EDUARDO RODRIGUES DE SOUZA', '2025-10-15 01:26:41', NULL),
(113, '3484816', 5, 'LUZIA MIRELA LUDUVINO OLIVEIRA', '2025-10-15 01:26:41', NULL),
(114, '2579928', 5, 'MAISA DE ARAUJO DA SILVA', '2025-10-15 01:26:41', NULL),
(115, '2241983', 5, 'MARIA CLARA NASCIMENTO VIANA', '2025-10-15 01:26:41', NULL),
(116, '3798946', 5, 'MARIA EWELLEN DA SILVA DUARTE', '2025-10-15 01:26:41', NULL),
(117, '2293680', 5, 'MARIA FRANCIELLY ALMEIDA MARTINS', '2025-10-15 01:26:41', NULL),
(118, '2582841', 5, 'MARIA IZABELY GOMES SANTIAGO', '2025-10-15 01:26:41', NULL),
(119, '2218260', 5, 'MARILIA VITORIA DA SILVA RODRIGUES', '2025-10-15 01:26:41', NULL),
(120, '2187197', 5, 'MAURILANE VITORIA FREITAS LIRA', '2025-10-15 01:26:41', NULL),
(121, '3614159', 5, 'OLYVER MATHEUS GOMES MEIRA', '2025-10-15 01:26:41', NULL),
(122, '2582215', 5, 'PEDRO JORGE DA SILVA PEREIRA', '2025-10-15 01:26:41', NULL),
(123, '4952700', 5, 'REBECA DE SOUZA MATEUS', '2025-10-15 01:26:41', NULL),
(124, '2928861', 5, 'REGIVANIA PEREIRA LIMA', '2025-10-15 01:26:41', NULL),
(125, '5363360', 5, 'RENATO MARQUES DE SOUSA BEZERRA', '2025-10-15 01:26:41', NULL),
(126, '3800934', 5, 'RODRIGO GONCALVES MOTA', '2025-10-15 01:26:41', NULL),
(127, '3218207', 5, 'SAVIO ALEXANDRE LIMA', '2025-10-15 01:26:41', NULL),
(128, '3919485', 5, 'STEFHANY BARROS FERREIRA', '2025-10-15 01:26:41', NULL),
(129, '3764090', 5, 'VICTOR HUGO DE LIMA', '2025-10-15 01:26:41', NULL),
(130, '2939265', 5, 'VINICIUS CASTELO DOS SANTOS', '2025-10-15 01:26:41', NULL),
(131, '3477394', 5, 'YARLLEY KILVIC SABINO DE LIMA', '2025-10-15 01:26:41', NULL),
(132, '2920785', 5, 'ALIRIA LIMA SANTOS', '2025-10-15 01:26:41', NULL),
(133, '2583274', 5, 'ANA JULIA LIMA DOS SANTOS', '2025-10-15 01:26:41', NULL),
(134, '3562354', 5, 'ANA LETICIA MATEUS ALVES', '2025-10-15 01:26:41', NULL),
(135, '2952253', 5, 'ANA LUISA FERREIRA DE ARAUJO', '2025-10-15 01:26:41', NULL),
(136, '2573790', 5, 'ANTHONY KENDELL DUARTE DE MELO', '2025-10-15 01:26:41', NULL),
(137, '3498844', 5, 'ANTONIO ALEF DE OLIVEIRA ALVES', '2025-10-15 01:26:41', NULL),
(138, '2929389', 5, 'ANTONIO MAYCON NASCIMENTO DA COSTA', '2025-10-15 01:26:41', NULL),
(139, '4390158', 5, 'ARTHUR VASCONCELOS DE SALES', '2025-10-15 01:26:41', NULL),
(140, '2920779', 5, 'CAIO DA SILVA RIBEIRO', '2025-10-15 01:26:41', NULL),
(141, '2920812', 5, 'DALISSON SOUZA DA SILVA', '2025-10-15 01:26:41', NULL),
(142, '3244574', 5, 'DANIEL DOWGLAS MARTINS FREITAS', '2025-10-15 01:26:41', NULL),
(143, '2342835', 5, 'FABRINY STEFANY SANTIAGO DE ANDRADE', '2025-10-15 01:26:41', NULL),
(144, '3218049', 5, 'FRANCISCO ARIEL AZEVEDO DA SILVA', '2025-10-15 01:26:41', NULL),
(145, '2573819', 5, 'GABRIEL DE LIMA MATOS', '2025-10-15 01:26:41', NULL),
(146, '5423720', 5, 'GUILHERME CESAR LIMA', '2025-10-15 01:26:41', NULL),
(147, '2920836', 5, 'IGOR DE FIGUEIREDO FREITAS', '2025-10-15 01:26:41', NULL),
(148, '2615187', 5, 'IRISLANE CASSEMIRO MATEUS', '2025-10-15 01:26:41', NULL),
(149, '2817396', 5, 'JAMILE GONCALVES LOURENCO', '2025-10-15 01:26:41', NULL),
(150, '2927042', 5, 'JOAO DAVI DE ABREU TRUMMER', '2025-10-15 01:26:41', NULL),
(151, '5420003', 5, 'JOAO VITOR LESSA CAVALCANTE', '2025-10-15 01:26:41', NULL),
(152, '2355050', 5, 'JOSE VICTOR DA SILVA SALES', '2025-10-15 01:26:41', NULL),
(153, '3218066', 5, 'KAMILLA ALVES CORDEIRO', '2025-10-15 01:26:41', NULL),
(154, '2185724', 5, 'KAUA FERREIRA RIBEIRO', '2025-10-15 01:26:41', NULL),
(155, '3497673', 5, 'LARA YASMIN DA SILVA CAVALCANTE', '2025-10-15 01:26:41', NULL),
(156, '5424102', 5, 'LUIS MIGUEL NOGUEIRA DOS SANTOS', '2025-10-15 01:26:41', NULL),
(157, '5416381', 5, 'LUIZ GUSTAVO DA SILVA BEZERRA', '2025-10-15 01:26:41', NULL),
(158, '5298073', 5, 'MARCOS VINICIUS MENEZES AZEVEDO', '2025-10-15 01:26:41', NULL),
(159, '2926991', 5, 'MARIA DAMILLY CAVALCANTE SANTIAGO', '2025-10-15 01:26:41', NULL),
(160, '3741081', 5, 'MARIA EDUARDA ALVES DE LIMA', '2025-10-15 01:26:41', NULL),
(161, '2927060', 5, 'MARIA EDUARDA DOS SANTOS DE SOUZA', '2025-10-15 01:26:41', NULL),
(162, '3550677', 5, 'MARIA KALYANE GOUVEIA MEDEIROS', '2025-10-15 01:26:41', NULL),
(163, '3498680', 5, 'MARIA LETICIA BATISTA DE QUEIROZ', '2025-10-15 01:26:41', NULL),
(164, '2938703', 5, 'MARIA VIVIANE DE SOUSA LIMA', '2025-10-15 01:26:41', NULL),
(165, '5437223', 5, 'NICOLE DE AZEVEDO FERREIRA DA CUNHA', '2025-10-15 01:26:41', NULL),
(166, '5425147', 5, 'PEDRO HENRIQUE FREITAS DA SILVA', '2025-10-15 01:26:41', NULL),
(167, '5436395', 5, 'PEDRO LUCAS DE SOUSA MENEZES', '2025-10-15 01:26:41', NULL),
(168, '5425094', 5, 'RAPHAEL RODRIGUES MACIEL', '2025-10-15 01:26:41', NULL),
(169, '3800074', 5, 'ROBERTO CAMPOS DE SOUSA', '2025-10-15 01:26:41', NULL),
(170, '5425611', 5, 'TALIA VITORIA PINHEIRO CLARINDO', '2025-10-15 01:26:41', NULL),
(171, '5416690', 5, 'VANDEHERISON RODRIGUES SOUZA DE OLIVEIRA', '2025-10-15 01:26:41', NULL),
(172, '2952554', 5, 'YASMIN DOS SANTOS SILVA', '2025-10-15 01:26:41', NULL),
(173, '3730015', 5, 'YHASMIM MACIEL FIGUEIREDO', '2025-10-15 01:26:41', NULL),
(174, '3593702', 5, 'ADRIANO SILVA SOARES', '2025-10-15 01:26:41', NULL),
(175, '3919679', 5, 'ANA GABRIELY DA SILVA LIMA', '2025-10-15 01:26:41', NULL),
(176, '2952910', 5, 'ANTONIA EDUARDA DA SILVA GOMES', '2025-10-15 01:26:41', NULL),
(177, '2582369', 5, 'ANTONIA JOELMA QUEIROZ DE SOUZA', '2025-10-15 01:26:41', NULL),
(178, '3524976', 5, 'ANTONIO BRUNO ALVES', '2025-10-15 01:26:41', NULL),
(179, '2574072', 5, 'ANTONIO DELANO GOMES LIMA', '2025-10-15 01:26:41', NULL),
(180, '2572517', 5, 'ANTONIO MOISES FREITAS SILVA', '2025-10-15 01:26:41', NULL),
(181, '2574201', 5, 'ANTONIO RAFAEL PAIVA DE SOUZA', '2025-10-15 01:26:41', NULL),
(182, '2899502', 5, 'CARLIANE PENHA LAURENTINO', '2025-10-15 01:26:41', NULL),
(183, '2925422', 5, 'CARLOS LEVY DE OLIVEIRA FRANCA', '2025-10-15 01:26:41', NULL),
(184, '2574049', 5, 'CAUE FERNANDES DA SILVA', '2025-10-15 01:26:41', NULL),
(185, '3758478', 5, 'FRANCISCO ALYSSON OLIVEIRA DA SILVA', '2025-10-15 01:26:41', NULL),
(186, '2573938', 5, 'FRANCISCO IURY QUEIROZ DA SILVA', '2025-10-15 01:26:41', NULL),
(187, '2578982', 5, 'FRANCISCO MARDESON LUCAS TEIXEIRA', '2025-10-15 01:26:41', NULL),
(188, '3221633', 5, 'FRANCISCO VYCTOR LOPES DE OLIVEIRA', '2025-10-15 01:26:41', NULL),
(189, '2312715', 5, 'GELIANY DE SOUSA LIMA', '2025-10-15 01:26:41', NULL),
(190, '3220466', 5, 'GUILHERME ALVES ARAUJO', '2025-10-15 01:26:41', NULL),
(191, '3600496', 5, 'HEBERT SILVA SIQUEIRA', '2025-10-15 01:26:41', NULL),
(192, '2948266', 5, 'JOAO PEDRO DA SILVA FERREIRA', '2025-10-15 01:26:41', NULL),
(193, '3233785', 5, 'JOSE ALVES CASSEMIRO NETO', '2025-10-15 01:26:41', NULL),
(194, '2379636', 5, 'JOSE IAGO SOUZA DE OLIVEIRA', '2025-10-15 01:26:41', NULL),
(195, '2573671', 5, 'KAIO VICTOR DA SILVA SOUSA', '2025-10-15 01:26:41', NULL),
(196, '3489284', 5, 'LAYS CRISTINA FRANCELINO DA SILVA', '2025-10-15 01:26:41', NULL),
(197, '3760489', 5, 'LUIZA DE FATIMA RODRIGUES ALVES', '2025-10-15 01:26:41', NULL),
(198, '2355298', 5, 'MARIA BIANCA LIMA FERNANDES', '2025-10-15 01:26:41', NULL),
(199, '2582921', 5, 'MARIA EDUARDA DE OLIVEIRA DA SILVA', '2025-10-15 01:26:41', NULL),
(200, '2372947', 5, 'MARIA EDUARDA RODRIGUES SIMAO', '2025-10-15 01:26:41', NULL),
(201, '2926199', 5, 'MARIA ELOA TERTO TAVORA', '2025-10-15 01:26:41', NULL),
(202, '5426531', 5, 'MARIA VITORIA SILVA FREIRE', '2025-10-15 01:26:41', NULL),
(203, '3220924', 5, 'MIGUEL FERNANDES DO NASCIMENTO', '2025-10-15 01:26:41', NULL),
(204, '2243133', 5, 'NATHIELLY ARAUJO DA SILVA', '2025-10-15 01:26:41', NULL),
(205, '2199222', 5, 'PABLO ALBERTO RODRIGUES MACIEL', '2025-10-15 01:26:41', NULL),
(206, '3479918', 5, 'PEDRO FREITAS DA SILVA', '2025-10-15 01:26:41', NULL),
(207, '2460153', 5, 'RAIANA PEREIRA DE LIMA', '2025-10-15 01:26:41', NULL),
(208, '4739232', 5, 'RAICA GISELE VIEIRA CISNE', '2025-10-15 01:26:41', NULL),
(209, '3398863', 5, 'RAYSSA DA SILVA PEIXOTO', '2025-10-15 01:26:41', NULL),
(210, '2145954', 5, 'TAEMILY FIGUEIREDO DA COSTA', '2025-10-15 01:26:41', NULL),
(211, '2242217', 5, 'TAIS MENDES FREITAS', '2025-10-15 01:26:41', NULL),
(212, '4174512', 5, 'VICTOR HUGO LOPES DUARTE', '2025-10-15 01:26:41', NULL),
(213, '3159469', 5, 'VITORIA IOHRANNA ARAUJO MENEZES', '2025-10-15 01:26:41', NULL),
(214, '2146054', 5, 'YASMIM EVELEM BRAGA GONCALVES', '2025-10-15 01:26:41', NULL),
(215, '2582651', 5, 'ALEXANDRE ALVES RIBEIRO', '2025-10-15 01:26:41', NULL),
(216, '3474172', 5, 'ALEX ARLEY LIMA FERNANDES', '2025-10-15 01:26:41', NULL),
(217, '2183785', 5, 'ALICE GRAZIELLY DE FREITAS SANTOS', '2025-10-15 01:26:41', NULL),
(218, '2311134', 5, 'ANTONIO ESTEVAO FILHO', '2025-10-15 01:26:41', NULL),
(219, '2927096', 5, 'ANTONIO KAUE BORGES DA SILVA', '2025-10-15 01:26:41', NULL),
(220, '3058515', 5, 'ANTONIO LEANDRO SILVA SANTOS', '2025-10-15 01:26:41', NULL),
(221, '2948195', 5, 'ANTONIO PEDRO DUARTE ABREU', '2025-10-15 01:26:41', NULL),
(222, '3753128', 5, 'ANTONIO RIAN DA SILVA DE OLIVEIRA', '2025-10-15 01:26:41', NULL),
(223, '2925447', 5, 'ANTONIO SERGIO ALENCAR DE SOUZA', '2025-10-15 01:26:41', NULL),
(224, '2377559', 5, 'ARMANDO DE FREITAS DO NASCIMENTO', '2025-10-15 01:26:41', NULL),
(225, '2242522', 5, 'BEATRIZ PEIXOTO ARAUJO', '2025-10-15 01:26:41', NULL),
(226, '2439334', 5, 'DAVI BRAGA DOS SANTOS', '2025-10-15 01:26:41', NULL),
(227, '2439350', 5, 'DEIVIANE BRAGA DOS SANTOS', '2025-10-15 01:26:41', NULL),
(228, '2262485', 5, 'EMERSON DUARTE FREITAS', '2025-10-15 01:26:41', NULL),
(229, '2927216', 5, 'ERIK RANEY MATA DA SILVA', '2025-10-15 01:26:41', NULL),
(230, '2184357', 5, 'FRANCISCO DE ASSIS NEVES FREITAS', '2025-10-15 01:26:41', NULL),
(231, '2185166', 5, 'GUILHERME BEZERRA BARROSO', '2025-10-15 01:26:41', NULL),
(232, '2354941', 5, 'IARA LIMA DE AGUIAR', '2025-10-15 01:26:41', NULL),
(233, '2145260', 5, 'ISAC CRISPIM ALVES', '2025-10-15 01:26:41', NULL),
(234, '3583701', 5, 'JESSE SARAIVA DE FREITAS', '2025-10-15 01:26:41', NULL),
(235, '3615733', 5, 'JOAO LUCAS GOMES DE SOUZA', '2025-10-15 01:26:41', NULL),
(236, '3490706', 5, 'JOSE DIEGO DE LIMA DA SILVA', '2025-10-15 01:26:41', NULL),
(237, '3907609', 5, 'JOYCE INACIO MOURA', '2025-10-15 01:26:41', NULL),
(238, '3485439', 5, 'JULIO GABRIEL BENICIO DA COSTA', '2025-10-15 01:26:41', NULL),
(239, '2355111', 5, 'KAUE RODRIGUES NASCIMENTO', '2025-10-15 01:26:41', NULL),
(240, '2579646', 5, 'LARISSA PEREIRA DE SOUZA', '2025-10-15 01:26:41', NULL),
(241, '2923129', 5, 'LAYSSON FELIPE DUARTE NOGUEIRA', '2025-10-15 01:26:41', NULL),
(242, '4730672', 5, 'LEVI CAVALCANTE MACIEL', '2025-10-15 01:26:41', NULL),
(243, '2615340', 5, 'MARIA APARECIDA SILVA NEVES', '2025-10-15 01:26:41', NULL),
(244, '2927007', 5, 'MARIA CLARA SARAIVA ROMANO', '2025-10-15 01:26:41', NULL),
(245, '1705524', 5, 'MARIA EDUARDA DE ANDRADE PEREIRA', '2025-10-15 01:26:41', NULL),
(246, '2292818', 5, 'MARIA FERNANDA DOS SANTOS DA SILVA', '2025-10-15 01:26:41', NULL),
(247, '3759911', 5, 'MARIA STEFANNY FERREIRA ROMUALDO', '2025-10-15 01:26:41', NULL),
(248, '2322298', 5, 'PEDRO VITOR LOPES RODRIGUES', '2025-10-15 01:26:41', NULL),
(249, '2926160', 5, 'RAILA AVELINO DE OLIVEIRA', '2025-10-15 01:26:41', NULL),
(250, '2238697', 5, 'ROBERTO YUDI DA SILVA', '2025-10-15 01:26:41', NULL),
(251, '2207633', 5, 'RODOLFO FREITAS DE ANDRADE', '2025-10-15 01:26:41', NULL),
(252, '2926128', 5, 'RUAN PABLO DE SOUZA TAVORA', '2025-10-15 01:26:41', NULL),
(253, '1999102', 5, 'RYAN ALVES RIBEIRO', '2025-10-15 01:26:41', NULL),
(254, '2145988', 5, 'VITORIA REGIA FREIRE PEREIRA', '2025-10-15 01:26:41', NULL),
(255, '2583456', 5, 'ANA LIVIA FREIRE', '2025-10-15 01:26:41', NULL),
(256, '2354533', 5, 'ANGELO GABRIEL BATISTA BESERRA', '2025-10-15 01:26:41', NULL),
(257, '3257050', 5, 'ANTONIA THAINAYARA DA SILVA NASCIMENTO', '2025-10-15 01:26:41', NULL),
(258, '3479183', 5, 'ANTONIO CAUA MATEUS DE ARAUJO', '2025-10-15 01:26:41', NULL),
(259, '2144659', 5, 'ANTONIO DOUGLAS PEREIRA MENDONCA', '2025-10-15 01:26:41', NULL),
(260, '2925516', 5, 'ANTONIO NATHAN MENDES FREITAS', '2025-10-15 01:26:41', NULL),
(261, '3740931', 5, 'CHARLISSON DE SOUSA FELIPE', '2025-10-15 01:26:41', NULL),
(262, '2144807', 5, 'CLAUDECI SOARES DE FREITAS', '2025-10-15 01:26:41', NULL),
(263, '2218207', 5, 'ELENILSON DE SOUZA MENDES', '2025-10-15 01:26:41', NULL),
(264, '3583661', 5, 'ERIC DOS SANTOS LIMA', '2025-10-15 01:26:41', NULL),
(265, '2354752', 5, 'FRANCISCO ANTONIO DE LIMA DOS SANTOS', '2025-10-15 01:26:41', NULL),
(266, '2948226', 5, 'FRANCISCO GUSTAVO DA SILVA NOGUEIRA', '2025-10-15 01:26:41', NULL),
(267, '2218222', 5, 'FRANCISCO ISAC SILVEIRA LIMA', '2025-10-15 01:26:41', NULL),
(268, '2929826', 5, 'FRANCISCO JAISSON ALVES DE LIMA', '2025-10-15 01:26:41', NULL),
(269, '4295194', 5, 'FRANCISCO VICTOR PEDROSA DA SILVA', '2025-10-15 01:26:41', NULL),
(270, '2145154', 5, 'GABRIEL DA COSTA DE MENEZES', '2025-10-15 01:26:41', NULL),
(271, '2185314', 5, 'HELLEN VITORIA VIANA CANDIDO', '2025-10-15 01:26:41', NULL),
(272, '2573751', 5, 'JESSICA CASTELO DOS SANTOS', '2025-10-15 01:26:41', NULL),
(273, '2431815', 5, 'JOAB ALVES CESAR', '2025-10-15 01:26:41', NULL),
(274, '2251664', 5, 'JOAO LENO DE FREITAS PEIXOTO', '2025-10-15 01:26:41', NULL),
(275, '1999105', 5, 'JOAO VICTOR SANTOS DE SOUZA', '2025-10-15 01:26:41', NULL),
(276, '3479750', 5, 'JOSE IARLI FERREIRA DE OLIVEIRA', '2025-10-15 01:26:41', NULL),
(277, '3212142', 5, 'KAIQUE SOUZA ROCHA', '2025-10-15 01:26:41', NULL),
(278, '3478429', 5, 'KAUA DOS SANTOS FARIAS', '2025-10-15 01:26:41', NULL),
(279, '2569151', 5, 'LARA DE SOUZA PORFIRIO', '2025-10-15 01:26:41', NULL),
(280, '1973144', 5, 'LUIZ OTAVIO DA SILVA NASCIMENTO', '2025-10-15 01:26:41', NULL),
(281, '2579685', 5, 'LUKAS FREITAS DA SILVA', '2025-10-15 01:26:41', NULL),
(282, '3220841', 5, 'MARIA CLARA ALVES DOS SANTOS', '2025-10-15 01:26:41', NULL),
(283, '2351669', 5, 'MARIA DE FATIMA DA SILVA ANDRADE', '2025-10-15 01:26:41', NULL),
(284, '2242978', 5, 'MARIA DO CARMO DA SILVA DE FREITAS', '2025-10-15 01:26:41', NULL),
(285, '2199198', 5, 'MARILIA VITORIA CAMARA', '2025-10-15 01:26:41', NULL),
(286, '2948464', 5, 'MATEUS DA COSTA SILVA', '2025-10-15 01:26:41', NULL),
(287, '2432868', 5, 'MIRELLY FERREIRA COSTA', '2025-10-15 01:26:41', NULL),
(288, '2570536', 5, 'NICOLE KETLEN INACIO DOS SANTOS', '2025-10-15 01:26:41', NULL),
(289, '2145876', 5, 'RAKELY DA SILVA SALES', '2025-10-15 01:26:41', NULL),
(290, '2145767', 5, 'RAQUEL AQUINO DO NASCIMENTO', '2025-10-15 01:26:41', NULL),
(291, '2187577', 5, 'RAUL DE ASSIS ARAUJO', '2025-10-15 01:26:41', NULL),
(292, '3224109', 5, 'RYKELVY DA SILVA LIMA', '2025-10-15 01:26:41', NULL),
(293, '2929393', 5, 'TOBIAS COSTA DO NASCIMENTO', '2025-10-15 01:26:41', NULL),
(294, '2916986', 5, 'VALDIANO SANTOS UCHOA', '2025-10-15 01:26:41', NULL),
(295, '2146019', 5, 'VITORIA DO VALE OLIVEIRA', '2025-10-15 01:26:41', NULL),
(296, '2218281', 5, 'WLADSON RAFAEL DE ARAUJO', '2025-10-15 01:26:41', NULL),
(297, '2242721', 5, 'ALESSANDRO FREITAS OLIVEIRA', '2025-10-15 01:26:41', NULL),
(298, '2930235', 5, 'ANTONIA CAROL DOS SANTOS FERREIRA', '2025-10-15 01:26:41', NULL),
(299, '5242648', 5, 'ANTONIA GABRIELLY OLIVEIRA MACIEL', '2025-10-15 01:26:41', NULL),
(300, '2934845', 5, 'CAMILLA VITORIA RODRIGUES ARAUJO', '2025-10-15 01:26:41', NULL),
(301, '2439321', 5, 'CARINI SOUSA CASTRO', '2025-10-15 01:26:41', NULL),
(302, '5265810', 5, 'CARLOS EDUARDO LIMA DE CERQUEIRA', '2025-10-15 01:26:41', NULL),
(303, '4695737', 5, 'EDSON DOS SANTOS SOUZA', '2025-10-15 01:26:41', NULL),
(304, '3742375', 5, 'ERIQUE VIEIRA DA SILVA', '2025-10-15 01:26:41', NULL),
(305, '2208403', 5, 'ESTEVAO DA SILVA FRANCELINO FILHO', '2025-10-15 01:26:41', NULL),
(306, '2434113', 5, 'FELIX DE OLIVEIRA FARIAS', '2025-10-15 01:26:41', NULL),
(307, '3479248', 5, 'FRANCISCA VITORIA LIMA DA SILVA', '2025-10-15 01:26:41', NULL),
(308, '4239925', 5, 'FRANCISCO IURY REIS MACIEL', '2025-10-15 01:26:41', NULL),
(309, '3159520', 5, 'FRANCISCO JOSE NASCIMENTO DA SILVA FILHO', '2025-10-15 01:26:41', NULL),
(310, '2354834', 5, 'FRANCISCO RODRIGO DA SILVA PRUDENCIO', '2025-10-15 01:26:41', NULL),
(311, '2929781', 5, 'GEOVANA MACIEL DO NASCIMENTO', '2025-10-15 01:26:41', NULL),
(312, '2354897', 5, 'GLEICIELE MARTINS DA SILVA', '2025-10-15 01:26:41', NULL),
(313, '3478402', 5, 'GUILHERME DA SILVA DA ROCHA', '2025-10-15 01:26:41', NULL),
(314, '2185226', 5, 'GUILHERME LOURENCO BONIFACIO', '2025-10-15 01:26:41', NULL),
(315, '3514686', 5, 'GUSTAVO ANDRADE DA SILVA', '2025-10-15 01:26:41', NULL),
(316, '2925608', 5, 'GUSTAVO DA SILVA DUARTE', '2025-10-15 01:26:41', NULL),
(317, '2924048', 5, 'HYORRANA PINHEIRO DE LIMA', '2025-10-15 01:26:41', NULL),
(318, '3206643', 5, 'ISAAC DE OLIVEIRA MARTINS', '2025-10-15 01:26:41', NULL),
(319, '2262495', 5, 'ISMAEL FREITAS DE LIMA', '2025-10-15 01:26:41', NULL),
(320, '2343645', 5, 'JOAO CARLOS ARAUJO NERI FELIPE', '2025-10-15 01:26:41', NULL),
(321, '4945735', 5, 'JOAO PEDRO DA CUNHA TAVORA NASCIMENTO', '2025-10-15 01:26:41', NULL),
(322, '3759786', 5, 'JOAO RICARDO CRUZ MENDES', '2025-10-15 01:26:41', NULL),
(323, '2313378', 5, 'KAILANY DA SILVA DE SOUSA', '2025-10-15 01:26:41', NULL),
(324, '2433539', 5, 'KAROLAINE FERREIRA LIMA', '2025-10-15 01:26:41', NULL),
(325, '2242242', 5, 'KAUA FREITAS PEREIRA', '2025-10-15 01:26:41', NULL),
(326, '3759856', 5, 'KEIVESON DE OLIVEIRA DA SILVA', '2025-10-15 01:26:41', NULL),
(327, '3968512', 5, 'LAIS DE SOUSA RODRIGUES', '2025-10-15 01:26:41', NULL),
(328, '3478672', 5, 'LARA EMILY DOS SANTOS RODRIGUES', '2025-10-15 01:26:41', NULL),
(329, '3478456', 5, 'LUCAS DE LIMA DE FREITAS', '2025-10-15 01:26:41', NULL),
(330, '3479762', 5, 'LUIS FERNANDO SILVA ROSARIO', '2025-10-15 01:26:41', NULL),
(331, '2321248', 5, 'MARCELO VINICIUS DE OLIVEIRA ROCHA', '2025-10-15 01:26:41', NULL),
(332, '2186955', 5, 'MARIA CLARA DA SILVA ESTEVAO', '2025-10-15 01:26:41', NULL),
(333, '4691864', 5, 'MARIA FERNANDA DE SOUSA NOGUEIRA FERNANDES', '2025-10-15 01:26:41', NULL),
(334, '2925464', 5, 'MARIANA ALENCAR LIMA', '2025-10-15 01:26:41', NULL),
(335, '3828828', 5, 'PEDRO LUCAS LIMA MOURA DA SILVA', '2025-10-15 01:26:41', NULL),
(336, '4213246', 5, 'ROMULO DE BRITO BERNARDO', '2025-10-15 01:26:41', NULL),
(337, '2218265', 5, 'SAVIO SIMIAO DE SOUSA', '2025-10-15 01:26:41', NULL),
(338, '2242139', 5, 'SUELLEN MELLO ARAUJO', '2025-10-15 01:26:41', NULL),
(339, '1793771', 5, 'ANA BEATRIZ DE FREITAS SOUZA', '2025-10-15 01:26:41', NULL),
(340, '2433954', 5, 'ANA GABRIELE ALVES PRUDENCIO', '2025-10-15 01:26:41', NULL),
(341, '3489467', 5, 'ANTONIA LAYANNE MACIEL SERAFIM', '2025-10-15 01:26:41', NULL),
(342, '3489422', 5, 'ANTONIA LUANA FERREIRA SILVA', '2025-10-15 01:26:41', NULL),
(343, '2916965', 5, 'ANTONIO EDUARDO ARAUJO SOUZA', '2025-10-15 01:26:41', NULL),
(344, '1597882', 5, 'ANTONIO ERISVALDO DE LIMA MARTINS', '2025-10-15 01:26:41', NULL),
(345, '2290650', 5, 'BIANCA DE AGUIAR DE SOUZA', '2025-10-15 01:26:41', NULL),
(346, '2913666', 5, 'CAUA ALVES FERREIRA', '2025-10-15 01:26:41', NULL),
(347, '3534606', 5, 'CLARA XAVIER DO NASCIMENTO', '2025-10-15 01:26:41', NULL),
(348, '3753172', 5, 'ELOA CRISTINY DE SOUZA LIMA', '2025-10-15 01:26:41', NULL),
(349, '2574707', 5, 'FRANCISCA ALESSANDRA DA SILVA DE AMARAL', '2025-10-15 01:26:41', NULL),
(350, '2208410', 5, 'FRANCISCA CARLIANE SOUZA SANTOS', '2025-10-15 01:26:41', NULL),
(351, '2208429', 5, 'FRANCISCO MATEUS DE SOUSA SILVA', '2025-10-15 01:26:41', NULL),
(352, '2312918', 5, 'IORANA PEREIRA DOS SANTOS', '2025-10-15 01:26:41', NULL),
(353, '3490623', 5, 'JUVELINO BOMFIM DA COSTA OLIVEIRA', '2025-10-15 01:26:41', NULL),
(354, '2196680', 5, 'KELVIN DE SOUZA LIMA', '2025-10-15 01:26:41', NULL),
(355, '2185758', 5, 'LARA ALVES DA MATA', '2025-10-15 01:26:41', NULL),
(356, '2186928', 5, 'MARIA CLARA DA SILVA DE OLIVEIRA', '2025-10-15 01:26:41', NULL),
(357, '2579972', 5, 'NAGILA DA SILVA NASCIMENTO', '2025-10-15 01:26:41', NULL),
(358, '2199211', 5, 'NIGIA EYSHILLA MARTINS LIMA', '2025-10-15 01:26:41', NULL),
(359, '2145699', 5, 'PRISCILA CUNHA DE AQUINO', '2025-10-15 01:26:41', NULL),
(360, '3221743', 5, 'RAIMUNDO NONATO DA SILVA TAVARES', '2025-10-15 01:26:41', NULL),
(361, '3663006', 5, 'REGINA LARA FREITAS LOPES', '2025-10-15 01:26:41', NULL),
(362, '3535429', 5, 'SARA XAVIER DO NASCIMENTO', '2025-10-15 01:26:41', NULL),
(363, '3014678', 5, 'TELMA SILVA DE SOUZA', '2025-10-15 01:26:41', NULL),
(364, '2157358', 5, 'VICTOR FERNANDES DO NASCIMENTO', '2025-10-15 01:26:41', NULL),
(365, '2146087', 5, 'ANA LUIZA DE SOUZA SILVA', '2025-10-15 01:26:41', NULL),
(366, '2252084', 5, 'ANSELMO ANDRADE DE ALMEIDA', '2025-10-15 01:26:41', NULL),
(367, '2262473', 5, 'ANTONIO DAVI TAVORA GONCALVES', '2025-10-15 01:26:41', NULL),
(368, '2238228', 5, 'ANTONIO FERNANDO DO NASCIMENTO LIMA', '2025-10-15 01:26:41', NULL),
(369, '2923138', 5, 'ANTONIO HELBER DA SILVA ABREU', '2025-10-15 01:26:41', NULL),
(370, '2566027', 5, 'BIANCA PEREIRA RODRIGUES DIAS', '2025-10-15 01:26:41', NULL),
(371, '2900925', 5, 'DANILO DE SOUSA DE LIMA', '2025-10-15 01:26:41', NULL),
(372, '2251885', 5, 'ERIC DO NASCIMENTO FREITAS', '2025-10-15 01:26:41', NULL),
(373, '3747413', 5, 'ERYC DE LIMA CASTRO ALVES', '2025-10-15 01:26:41', NULL),
(374, '2615108', 5, 'FRANCISCO ALUISIO CASTELO DOS SANTOS', '2025-10-15 01:26:41', NULL),
(375, '2372423', 5, 'FRANCISCO KAYK MARTINS DA SILVA', '2025-10-15 01:26:41', NULL),
(376, '3968539', 5, 'GEOVANA MARTINS ALVES', '2025-10-15 01:26:41', NULL),
(377, '3205369', 5, 'GILVANILSON NUNES DE ARAUJO', '2025-10-15 01:26:41', NULL),
(378, '2251770', 5, 'GLEICIANO DE FREITAS VIANA', '2025-10-15 01:26:41', NULL),
(379, '2427183', 5, 'IONARY BRAGA DOS SANTOS LIMA', '2025-10-15 01:26:41', NULL),
(380, '3861091', 5, 'JANIELE LIMA DO NASCIMENTO', '2025-10-15 01:26:41', NULL),
(381, '5055493', 5, 'JOSE GUILHERME FACUNDES RODRIGUES', '2025-10-15 01:26:41', NULL),
(382, '3483991', 5, 'JULIA DAVILA DE CASTRO VIANA', '2025-10-15 01:26:41', NULL),
(383, '2439593', 5, 'LAURA ARAUJO XAVIER', '2025-10-15 01:26:41', NULL),
(384, '2350374', 5, 'LUANA DE ARAUJO OLIVEIRA', '2025-10-15 01:26:41', NULL),
(385, '2615319', 5, 'LUIS HENRIQUE DA SILVA NONATO', '2025-10-15 01:26:41', NULL),
(386, '3743476', 5, 'MARCIO ANDRE RODRIGUES DA SILVA', '2025-10-15 01:26:41', NULL),
(387, '2929256', 5, 'MARIA THAIRIS MOREIRA GOMES', '2025-10-15 01:26:41', NULL),
(388, '2251419', 5, 'RIAN FREITAS COSTA', '2025-10-15 01:26:41', NULL),
(389, '2373004', 5, 'RICHARLYSON SALES SILVA', '2025-10-15 01:26:41', NULL),
(390, '3643453', 5, 'RUAN RODRIGUES DE ASSIS', '2025-10-15 01:26:41', NULL),
(391, '1791263', 5, 'SAMARA DOS SANTOS DA SILVA', '2025-10-15 01:26:41', NULL),
(392, '2262568', 5, 'TAINA DE FREITAS LIMA', '2025-10-15 01:26:41', NULL),
(393, '2251326', 5, 'TALIA DO NASCIMENTO DA SILVA', '2025-10-15 01:26:41', NULL),
(394, '2242158', 5, 'WERBSON VIANA MENDES', '2025-10-15 01:26:41', NULL),
(395, '4526435', 5, 'ALICE MARIA DE FREITAS FREIRE', '2025-10-15 01:26:41', NULL),
(396, '2900694', 5, 'ANDERSON DE LIMA DA SILVA', '2025-10-15 01:26:41', NULL),
(397, '2547142', 5, 'ANTONIA GABRIELLE DA SILVA LOPES', '2025-10-15 01:26:41', NULL),
(398, '3925911', 5, 'ANTONIA RAQUEL DA SILVA ALVES', '2025-10-15 01:26:41', NULL),
(399, '2242185', 5, 'ANTONIO CAIQUE COSTA XAVIER', '2025-10-15 01:26:41', NULL),
(400, '2238241', 5, 'CARLOS ANDRE DA SILVA ALCANTARA', '2025-10-15 01:26:41', NULL),
(401, '2924634', 5, 'CARLOS VITOR DE OLIVEIRA FRANCA', '2025-10-15 01:26:41', NULL),
(402, '2146119', 5, 'CAUANE DE LIMA BARROSO', '2025-10-15 01:26:41', NULL),
(403, '2925401', 5, 'CHRISTIAN DA SILVA PINHEIRO', '2025-10-15 01:26:41', NULL),
(404, '2424019', 5, 'CLARISSE SOUSA CARNEIRO', '2025-10-15 01:26:41', NULL),
(405, '2926476', 5, 'DANIEL FERREIRA CAVALCANTE', '2025-10-15 01:26:41', NULL),
(406, '3760637', 5, 'DARLISSON LIMA FERREIRA', '2025-10-15 01:26:41', NULL),
(407, '2377604', 5, 'DAVI DE SOUSA DOS SANTOS', '2025-10-15 01:26:41', NULL),
(408, '4184379', 5, 'DEYZ HANNEY HONORATO ESTEVAO SILVA', '2025-10-15 01:26:41', NULL),
(409, '2926442', 5, 'ERIANY GOMES DA COSTA', '2025-10-15 01:26:41', NULL),
(410, '2141377', 5, 'FRANCISCO GABRIEL COSTA TEIXEIRA', '2025-10-15 01:26:41', NULL),
(411, '2351341', 5, 'FRANCISCO IURI NUNES DE ALMEIDA', '2025-10-15 01:26:41', NULL),
(412, '2929160', 5, 'FRANCISCO TIAGO MACIEL CASTELO', '2025-10-15 01:26:41', NULL),
(413, '2372603', 5, 'JOAO CARLOS LIMA ALMEIDA', '2025-10-15 01:26:41', NULL),
(414, '2146143', 5, 'LARA LIMA RODRIGUES', '2025-10-15 01:26:41', NULL),
(415, '2251584', 5, 'MANUELE BARBOSA VIANA', '2025-10-15 01:26:41', NULL),
(416, '2929291', 5, 'MARIA THAMIRIS MOREIRA GOMES', '2025-10-15 01:26:41', NULL),
(417, '3742246', 5, 'MIQUEIAS SOUZA CAVALCANTE', '2025-10-15 01:26:41', NULL),
(418, '3240819', 5, 'MONIELE DE FREITAS DA COSTA', '2025-10-15 01:26:41', NULL),
(419, '2251553', 5, 'MONIELE DE FREITAS DO NASCIMENTO', '2025-10-15 01:26:41', NULL),
(420, '2925028', 5, 'RILARY FREITAS DA COSTA', '2025-10-15 01:26:41', NULL),
(421, '2573083', 5, 'RYAN DE SOUZA ALBUQUERQUE', '2025-10-15 01:26:41', NULL),
(422, '2433856', 5, 'SAMUEL LIMA DE FREITAS', '2025-10-15 01:26:41', NULL),
(423, '2362158', 5, 'ALISON NASCIMENTO DOS SANTOS', '2025-10-15 01:26:41', NULL),
(424, '2187913', 5, 'ANTONIA DANIELE TELES LIMA', '2025-10-15 01:26:41', NULL),
(425, '2433036', 5, 'ANTONIO CARLOS TEIXEIRA COSTA', '2025-10-15 01:26:41', NULL),
(426, '2439410', 5, 'ANTONIO VITOR FERREIRA DE SOUSA', '2025-10-15 01:26:41', NULL),
(427, '2377567', 5, 'CARLOS ANDRE DE SOUZA VIEIRA', '2025-10-15 01:26:41', NULL),
(428, '5057052', 5, 'CICERO MARTINS DE LIMA NETO', '2025-10-15 01:26:41', NULL),
(429, '2930120', 5, 'CLEBSON FERREIRA DE CASTRO', '2025-10-15 01:26:41', NULL),
(430, '2208370', 5, 'EDINA DA SILVA DE FREITAS', '2025-10-15 01:26:41', NULL),
(431, '2218218', 5, 'FERNANDO SOUZA DA SILVA', '2025-10-15 01:26:41', NULL),
(432, '2141099', 5, 'FRANCIKELLY ARAUJO NERI FELIPE', '2025-10-15 01:26:41', NULL),
(433, '2901376', 5, 'FRANCISCO GABRIEL DE CASTRO SALVINO', '2025-10-15 01:26:41', NULL),
(434, '2615438', 5, 'FRANCISCO VALDEVAN MIRANDA DE OLIVEIRA', '2025-10-15 01:26:41', NULL),
(435, '2926282', 5, 'JOAO VITOR NOGUEIRA LOPES', '2025-10-15 01:26:41', NULL),
(436, '2708368', 5, 'JOEL HENRIQUE COSTA DE LIMA', '2025-10-15 01:26:41', NULL),
(437, '2433604', 5, 'KAIANY YNGRIDE VINHAS DA SILVA', '2025-10-15 01:26:41', NULL),
(438, '3187463', 5, 'LEANDRO DOS SANTOS DA SILVA', '2025-10-15 01:26:41', NULL),
(439, '2615291', 5, 'LUAN FERNANDES VIEIRA', '2025-10-15 01:26:41', NULL),
(440, '2432116', 5, 'MARIA CLARA DE FREITAS COSTA', '2025-10-15 01:26:41', NULL),
(441, '2924787', 5, 'MARIA ELAINE NOGUEIRA PEREIRA', '2025-10-15 01:26:41', NULL),
(442, '2929475', 5, 'MARIA LARISSE LIMA DA SILVA', '2025-10-15 01:26:41', NULL),
(443, '2923037', 5, 'MARIA ROZANA MENEZES ALBUQUERQUE', '2025-10-15 01:26:41', NULL),
(444, '2290945', 5, 'MICHAEL ARAUJO SANTANA', '2025-10-15 01:26:41', NULL),
(445, '3187484', 5, 'MICHELE SILVA DOS SANTOS', '2025-10-15 01:26:41', NULL),
(446, '3764242', 5, 'PEDRO HENRIQUE OLIVEIRA ANJO', '2025-10-15 01:26:41', NULL),
(447, '4263194', 5, 'RYAN ALVES DA SILVA', '2025-10-15 01:26:41', NULL),
(448, '2432052', 5, 'SORAIA PINHEIRO ROMANO DOS REIS', '2025-10-15 01:26:41', NULL),
(449, '2208277', 5, 'ANA CECILIA DOS SANTOS DA SILVA', '2025-10-15 01:26:41', NULL),
(450, '2372217', 5, 'ANA LUIZA BONIFACIO DA SILVA', '2025-10-15 01:26:41', NULL),
(451, '4681782', 5, 'ANTONIO HYAGO DA COSTA GOMES', '2025-10-15 01:26:41', NULL),
(452, '2146113', 5, 'ANTONIO KAUAN RODRIGUES DE OLIVEIRA', '2025-10-15 01:26:41', NULL),
(453, '2146102', 5, 'ANTONIO LEANDRO DA SILVA COELHO', '2025-10-15 01:26:41', NULL),
(454, '2372254', 5, 'ANTONIO LIMA DO NASCIMENTO FILHO', '2025-10-15 01:26:41', NULL),
(455, '3224004', 5, 'ANTONIO THIAGO DOS SANTOS SILVA', '2025-10-15 01:26:41', NULL),
(456, '2722757', 5, 'BEATRIZ DE LIMA JUSTINO', '2025-10-15 01:26:41', NULL),
(457, '2252029', 5, 'CARLOS DANIEL BARBOSA DE ARAUJO', '2025-10-15 01:26:41', NULL),
(458, '2916956', 5, 'EVELYN LAVINY RODRIGUES MARTINS', '2025-10-15 01:26:41', NULL),
(459, '2433391', 5, 'FRANCIFILHO MENDES LIMA', '2025-10-15 01:26:41', NULL),
(460, '1693855', 5, 'FRANCISCA JOSIANE PEREIRA NUNES DA SILVA', '2025-10-15 01:26:41', NULL),
(461, '5055374', 5, 'FRANCISCO DAVID DE SOUZA SOBRINHO', '2025-10-15 01:26:41', NULL),
(462, '2929905', 5, 'FRANCISCO EMANOEL GONCALVES DA SILVA', '2025-10-15 01:26:41', NULL),
(463, '2903371', 5, 'FRANCISCO GABRIEL BRITO DA SILVA', '2025-10-15 01:26:41', NULL),
(464, '2378684', 5, 'FRANCISCO WELLINGSON LIRA ALVES', '2025-10-15 01:26:41', NULL),
(465, '3225416', 5, 'GILCLECIO SIMAO RODRIGUES JUNIOR', '2025-10-15 01:26:41', NULL),
(466, '2615166', 5, 'GUILHERME PEREIRA BRITO', '2025-10-15 01:26:41', NULL),
(467, '5083728', 5, 'IAGO BRUNO OLIVEIRA FRANCELINO', '2025-10-15 01:26:41', NULL),
(468, '2433453', 5, 'JARMENSON RODRIGUES SARAIVA', '2025-10-15 01:26:41', NULL),
(469, '5092646', 5, 'JOAO BARBOSA COSTA', '2025-10-15 01:26:41', NULL),
(470, '2121716', 5, 'JOAO VITOR ALVES NOGUEIRA', '2025-10-15 01:26:41', NULL),
(471, '2828000', 5, 'KARLA SYLMARA BRAZ DA SILVA', '2025-10-15 01:26:41', NULL),
(472, '3742395', 5, 'LAURA FERREIRA VICTOR', '2025-10-15 01:26:41', NULL),
(473, '2925331', 5, 'MARIA EDUARDA DOS SANTOS BARBOSA', '2025-10-15 01:26:41', NULL),
(474, '2432250', 5, 'MARIA EDYMARA DE OLIVEIRA PINHEIRO', '2025-10-15 01:26:41', NULL),
(475, '2231191', 5, 'MARIA ELICE MIRANDA DA SILVA', '2025-10-15 01:26:41', NULL),
(476, '1827655', 5, 'MARIA FABIANA FREITAS DE SOUZA', '2025-10-15 01:26:41', NULL),
(477, '1818809', 5, 'MARIA PAOLA FERREIRA LOPES', '2025-10-15 01:26:41', NULL),
(478, '3203365', 5, 'MONIKY ELLEN BEZERRA LIMA', '2025-10-15 01:26:41', NULL),
(479, '1997960', 5, 'THAISNARA DA SILVA DE ARAUJO', '2025-10-15 01:26:41', NULL),
(480, '2428134', 5, 'THOMAS DA SILVA AQUINO', '2025-10-15 01:26:41', NULL),
(481, '2262576', 5, 'VICTOR EMANUEL DE ABREU SANTOS', '2025-10-15 01:26:41', NULL),
(482, '2146190', 5, 'VINICIU DA SILVA NOGUEIRA', '2025-10-15 01:26:41', NULL),
(483, '2251299', 5, 'VITORIA FREITAS PEREIRA', '2025-10-15 01:26:41', NULL),
(484, '2218275', 5, 'WESLEY DA SILVA DE BRITO DOS SANTOS', '2025-10-15 01:26:41', NULL),
(485, '5057133', 5, 'ADRIANO FEITOSA NATIVIDADE', '2025-10-15 01:26:41', NULL),
(486, '2208313', 5, 'ANTONIO ERIK SILVA DOS SANTOS', '2025-10-15 01:26:41', NULL),
(487, '5056977', 5, 'APARECIDA JADDY ALVES OLIVEIRA', '2025-10-15 01:26:41', NULL),
(488, '4385024', 5, 'DEVID DA SILVA RODRIGUES', '2025-10-15 01:26:41', NULL),
(489, '2115992', 5, 'ERIK DA COSTA PONTES', '2025-10-15 01:26:41', NULL),
(490, '4862063', 5, 'EVELYNE DOS SANTOS MATOS', '2025-10-15 01:26:41', NULL),
(491, '2372311', 5, 'FRANCISCA LEIDIANI ALVES SOARES', '2025-10-15 01:26:41', NULL),
(492, '4464201', 5, 'FRANCISCO CAMILO ARAUJO PEREIRA', '2025-10-15 01:26:41', NULL),
(493, '4218812', 5, 'FRANCISCO LIEDSON OLIVEIRA SILVA', '2025-10-15 01:26:41', NULL),
(494, '2722887', 5, 'GABRIELE DA SILVA DOS SANTOS', '2025-10-15 01:26:41', NULL),
(495, '2249968', 5, 'IANA BATISTA PINHEIRO', '2025-10-15 01:26:41', NULL),
(496, '2566768', 5, 'JOICE DA SILVA PEREIRA', '2025-10-15 01:26:41', NULL),
(497, '2566855', 5, 'JOSE ERASMO CASTRO ALVES JUNIOR', '2025-10-15 01:26:41', NULL),
(498, '2188230', 5, 'JOZILENE SOUSA GOMES', '2025-10-15 01:26:41', NULL),
(499, '2615242', 5, 'LEYLANE QUEIROZ SABINO', '2025-10-15 01:26:41', NULL),
(500, '2007210', 5, 'LUZIMARA LIMA ALVES', '2025-10-15 01:26:41', NULL),
(501, '2572301', 5, 'MARIA CHARLYANE DE ALMEIDA PAIVA', '2025-10-15 01:26:41', NULL),
(502, '3475206', 5, 'MARIA JULIA PEREIRA DA SILVA', '2025-10-15 01:26:41', NULL),
(503, '841566', 5, 'PAULA GONCALVES DA SILVA RODRIGUES', '2025-10-15 01:26:41', NULL),
(504, '2455868', 5, 'PAULO HENRIQUE DA SILVA TRINDADE', '2025-10-15 01:26:41', NULL),
(505, '2251370', 5, 'ROBERIO BATISTA DA COSTA', '2025-10-15 01:26:41', NULL),
(506, '4947787', 5, 'SILIANE DE SOUSA DIAS', '2025-10-15 01:26:41', NULL),
(507, '2201575', 5, 'THAYNA DE ALMEIDA PAIVA', '2025-10-15 01:26:41', NULL),
(508, '2615375', 5, 'VITORIA BARROS LIMA', '2025-10-15 01:26:41', NULL),
(509, '2375479', 5, 'VANDERSON DOS SANTOS SILVA', '2025-10-15 01:26:41', NULL),
(510, '2332761', 5, 'ANTONIO RYCHARD PEREIRA BRAZ', '2025-10-15 01:26:41', NULL),
(511, '2199277', 5, 'CAROL DE SOUZA LIMA', '2025-10-15 01:26:41', NULL),
(512, '2372364', 5, 'FRANCISCO DANILO DA COSTA LUDOVINO', '2025-10-15 01:26:41', NULL),
(513, '3490090', 5, 'JONAS PENHA LAURENTINO', '2025-10-15 01:26:41', NULL),
(514, '2512845', 5, 'JOSUE DE AQUINO DE LIMA', '2025-10-15 01:26:41', NULL),
(515, '4412000', 5, 'KAILLANY VITORIA DE SOUSA SANTOS', '2025-10-15 01:26:41', NULL),
(516, '2434146', 5, 'MARIA EDUARDA DE OLIVEIRA', '2025-10-15 01:26:41', NULL),
(517, '3485803', 5, 'WYTHALLU KERLLYSON DO NASCIMENTO DA SILVA', '2025-10-15 01:26:41', NULL),
(518, '2615036', 5, 'ERILANIA DUARTE DE SOUZA', '2025-10-15 01:26:41', NULL),
(519, '2373217', 5, 'EVELIN LAVINYA ALVES DA SILVA', '2025-10-15 01:26:41', NULL),
(520, '3189009', 5, 'FRANCISCO LEONARDO ARARUNA DA SILVA', '2025-10-15 01:26:41', NULL),
(521, '2208464', 5, 'FRANCISCO SAMUEL LIMA SOUSA', '2025-10-15 01:26:41', NULL),
(522, '2208582', 5, 'MICAELE DE SOUZA DA SILVA', '2025-10-15 01:26:41', NULL),
(523, '3759405', 5, 'RICARDO JORGE ESTEVES BARROS JUNIOR', '2025-10-15 01:26:41', NULL),
(524, '2926242', 5, 'LUCAS DOS SANTOS FREITAS', '2025-10-15 01:26:41', NULL),
(525, '2929356', 5, 'NATANAEL GONCALVES MACEDO', '2025-10-15 01:26:41', NULL),
(526, '2282210', 5, 'RIAN ARAUJO DA SILVA', '2025-10-15 01:26:41', NULL),
(527, '3485786', 5, 'WYNDSY MARA NASCIMENTO DA SILVA DUARTE', '2025-10-15 01:26:41', NULL),
(528, '2926501', 5, 'DOUGLAS DE HOLANDA SARAIVA', '2025-10-15 01:26:41', NULL),
(529, '3220063', 5, 'SABRINA RODRIGUES DA COSTA', '2025-10-15 01:26:41', NULL),
(530, '2187094', 5, 'MARIANE DE OLIVEIRA SOARES', '2025-10-15 01:26:41', NULL),
(531, '3742212', 5, 'GABRIEL TRINDADE RIBEIRO', '2025-10-15 01:26:41', NULL),
(532, '2144951', 5, 'FRANCISCO VINICIUS MOTA DA SILVA', '2025-10-15 01:26:41', NULL),
(533, '2432918', 5, 'SAMUEL SALES ESTEVAO', '2025-10-15 01:26:41', NULL),
(534, '4692982', 5, 'CAUAN DE ALMEIDA AGOSTINHO SOUZA', '2025-10-15 01:26:41', NULL),
(535, '5250902', 5, 'LUIS KALEB SILVA FERREIRA', '2025-10-15 01:26:41', NULL),
(536, '5061626', 5, 'FRANCISCO DAVI FERREIRA MENDES', '2025-10-15 01:26:41', NULL),
(537, '2566645', 5, 'ERICA MARIA RODRIGUES DA SILVA', '2025-10-15 01:26:41', NULL),
(538, '5421314', 5, 'FRANCISCA YASMIM QUEIROZ VIEIRA', '2025-10-15 01:26:41', NULL),
(539, '2516124', 5, 'LIVIA DE SOUSA ANASTACIO', '2025-10-15 01:26:41', NULL),
(540, '2927208', 5, 'LEONARDO GEREMIAS MOREIRA LOPES', '2025-10-15 01:26:41', NULL),
(541, '1947661', 5, 'LIVYA SANNY DA SILVA MAGALHAES', '2025-10-15 01:26:41', NULL),
(542, '4078515', 5, 'KEVILA VITORIA ALVES RODRIGUES DE SOUZA', '2025-10-15 01:26:41', NULL),
(543, '2434056', 5, 'ANA LIVIA RODRIGUES DE OLIVEIRA', '2025-10-15 01:26:41', NULL),
(544, '2573477', 5, 'MARIA FERNANDA QUEIROZ DA SILVA', '2025-10-15 01:26:41', NULL),
(545, '2332986', 5, 'ANTONIO TIMOTEO SILVA DOS SANTOS', '2025-10-15 01:26:41', NULL),
(546, '2232297', 5, 'FRANCISCO MARTINS DE LIMA FILHO', '2025-10-15 01:26:41', NULL),
(547, '5071124', 5, 'JOAO GABRIEL SILVA SAMPAIO', '2025-10-15 01:26:41', NULL),
(548, '3629760', 5, 'MARCOS ANTONIO DA SILVA DOS SANTOS', '2025-10-15 01:26:41', NULL),
(549, '3475155', 5, 'MARIA CLARA NOGUEIRA DA SILVA', '2025-10-15 01:26:41', NULL),
(550, '4464191', 5, 'TARCIANE COLARES SALES', '2025-10-15 01:26:41', NULL),
(551, '3014699', 5, 'FRANCISCO VITOR DOS SANTOS DE OLIVEIRA', '2025-10-15 01:26:41', NULL),
(552, '5420736', 5, 'JUANEY RAFAEL DE SOUZA ROQUE', '2025-10-15 01:26:41', NULL),
(553, '5426098', 5, 'RYAN KEVEN MENDES BATISTA', '2025-10-15 01:26:41', NULL),
(554, '5434323', 5, 'ANDRESSA MATOS DA SILVA', '2025-10-15 01:26:41', NULL),
(555, '3482185', 5, 'PEDRO HENRIQUE FERREIRA FRANCELINO', '2025-10-15 01:26:41', NULL),
(556, '2208357', 5, 'CARLOS ALEXANDRE ALVES BRITO', '2025-10-15 01:26:41', NULL),
(557, '2150363', 5, 'VANIQUEL ALCANTARA LIMA', '2025-10-15 01:26:41', NULL),
(558, '1234', 5, 'novo aluno', '2025-10-15 15:11:09', '2025-10-15 15:11:09'),
(559, '12345', 5, 'sem turma', '2025-10-15 15:12:48', '2025-10-15 15:12:48'),
(560, '12346', 5, 'Novo aluno', '2025-10-15 15:38:55', '2025-10-15 15:38:55'),
(561, '12347', 6, 'Novo aluno Fmota', '2025-10-15 15:40:01', '2025-10-15 15:40:01'),
(562, '12348', 6, 'Aluno 2 Fmota', '2025-10-15 16:01:04', '2025-10-15 16:01:04'),
(563, '12349', 6, 'Andromeda 2 Fmota', '2025-10-15 16:01:51', '2025-10-15 16:01:51'),
(564, 'asdf', 5, 'asdf asdfa sdfa sdfa sdf', '2025-10-15 16:31:32', '2025-10-15 16:50:38');

-- --------------------------------------------------------

--
-- Estrutura da tabela `syrios_diretor_turma`
--

DROP TABLE IF EXISTS `syrios_diretor_turma`;
CREATE TABLE IF NOT EXISTS `syrios_diretor_turma` (
  `id` bigint(20) UNSIGNED NOT NULL AUTO_INCREMENT,
  `professor_id` bigint(20) UNSIGNED NOT NULL,
  `turma_id` bigint(20) UNSIGNED NOT NULL,
  `school_id` bigint(20) UNSIGNED NOT NULL,
  `ano_letivo` int(11) NOT NULL DEFAULT 2025,
  `vigente` tinyint(1) NOT NULL DEFAULT 1,
  `created_at` timestamp NULL DEFAULT NULL,
  `updated_at` timestamp NULL DEFAULT NULL,
  PRIMARY KEY (`id`),
  UNIQUE KEY `uq_diretor_turma` (`professor_id`,`turma_id`),
  KEY `syrios_diretor_turma_turma_id_foreign` (`turma_id`),
  KEY `syrios_diretor_turma_school_id_foreign` (`school_id`)
) ENGINE=InnoDB AUTO_INCREMENT=2 DEFAULT CHARSET=utf8mb4 COLLATE=utf8mb4_unicode_ci;

--
-- Extraindo dados da tabela `syrios_diretor_turma`
--

INSERT INTO `syrios_diretor_turma` (`id`, `professor_id`, `turma_id`, `school_id`, `ano_letivo`, `vigente`, `created_at`, `updated_at`) VALUES
(1, 1, 1, 5, 2025, 1, '2025-10-21 13:53:32', '2025-10-21 13:53:32');

-- --------------------------------------------------------

--
-- Estrutura da tabela `syrios_disciplina`
--

DROP TABLE IF EXISTS `syrios_disciplina`;
CREATE TABLE IF NOT EXISTS `syrios_disciplina` (
  `id` bigint(20) UNSIGNED NOT NULL AUTO_INCREMENT,
  `abr` varchar(10) NOT NULL,
  `descr_d` varchar(100) NOT NULL,
  `school_id` bigint(20) UNSIGNED NOT NULL,
  `created_at` timestamp NULL DEFAULT NULL,
  `updated_at` timestamp NULL DEFAULT NULL,
  PRIMARY KEY (`id`),
  UNIQUE KEY `uq_disciplina_escola_abr` (`school_id`,`abr`),
  KEY `syrios_disciplina_school_id_foreign` (`school_id`)
) ENGINE=InnoDB AUTO_INCREMENT=47 DEFAULT CHARSET=utf8mb4 COLLATE=utf8mb4_unicode_ci;

--
-- Extraindo dados da tabela `syrios_disciplina`
--

INSERT INTO `syrios_disciplina` (`id`, `abr`, `descr_d`, `school_id`, `created_at`, `updated_at`) VALUES
(1, 'AMA', 'APROFUNDAMENTO EM MATEMATICA', 5, '2025-10-15 01:41:59', '2025-10-15 01:41:59'),
(2, 'APO', 'APROFUNDAMENTO EM LINGUA PORTUGUESA', 5, '2025-10-15 01:41:59', '2025-10-15 01:41:59'),
(3, 'ART', 'ARTE', 5, '2025-10-15 01:41:59', '2025-10-15 01:41:59'),
(4, 'BIO', 'BIOLOGIA', 5, '2025-10-15 01:41:59', '2025-10-15 01:41:59'),
(5, 'CID', 'FORMAÇÃO PARA CIDADANIA E DESENV. DE COMP. SOCIOEM...', 5, '2025-10-15 01:41:59', '2025-10-15 01:41:59'),
(6, 'DIG', 'CULTURA DIGITAL', 5, '2025-10-15 01:41:59', '2025-10-15 01:41:59'),
(7, 'EFS', 'EDUCAÇÃO FISICA', 5, '2025-10-15 01:41:59', '2025-10-15 01:41:59'),
(8, 'ESP', 'LINGUA ESTRANGEIRA (ESPANHOL)', 5, '2025-10-15 01:41:59', '2025-10-15 01:41:59'),
(9, 'FIL', 'FILOSOFIA', 5, '2025-10-15 01:41:59', '2025-10-15 01:41:59'),
(10, 'FIS', 'FISICA', 5, '2025-10-15 01:41:59', '2025-10-15 01:41:59'),
(11, 'GEO', 'GEOGRAFIA', 5, '2025-10-15 01:41:59', '2025-10-15 01:41:59'),
(12, 'HAP', 'CIENCIAS HUMANAS E SOCIAIS APLICADAS', 5, '2025-10-15 01:41:59', '2025-10-15 01:41:59'),
(13, 'HIS', 'HISTORIA', 5, '2025-10-15 01:41:59', '2025-10-15 01:41:59'),
(14, 'ING', 'LINGUA ESTRANGEIRA (INGLES)', 5, '2025-10-15 01:41:59', '2025-10-15 01:41:59'),
(15, 'INT', 'PROJETO INTEGRADOR', 5, '2025-10-15 01:41:59', '2025-10-15 01:41:59'),
(16, 'MAT', 'MATEMATICA', 5, '2025-10-15 01:41:59', '2025-10-15 01:41:59'),
(17, 'NTC', 'CIENCIAS DA NATUREZA E SUAS TECNOLOGIAS', 5, '2025-10-15 01:41:59', '2025-10-15 01:41:59'),
(18, 'NUC', 'NUCLEO TRABALHO, PESQUISA E DEMAIS PRATICAS SOCIAI...', 5, '2025-10-15 01:41:59', '2025-10-15 01:41:59'),
(19, 'ORI', 'ESTUDO ORIENTADO', 5, '2025-10-15 01:41:59', '2025-10-15 01:41:59'),
(20, 'POR', 'LINGUA PORTUGUESA', 5, '2025-10-15 01:41:59', '2025-10-15 01:41:59'),
(21, 'PTP', 'PREPARAÇÃO PARA O TRABALHO E PRATICAS SOCIAL', 5, '2025-10-15 01:41:59', '2025-10-15 01:41:59'),
(22, 'QUI', 'QUIMICA', 5, '2025-10-15 01:41:59', '2025-10-15 01:41:59'),
(23, 'RED', 'REDAÇÃO', 5, '2025-10-15 01:41:59', '2025-10-15 01:41:59'),
(24, 'SOC', 'SOCIOLOGIA', 5, '2025-10-15 01:41:59', '2025-10-15 01:41:59'),
(25, 'LEI2', 'INFORMÁTICA', 5, '2025-10-15 01:41:59', '2025-10-15 01:41:59'),
(26, 'GES2', 'GESTÃO', 5, '2025-10-15 01:41:59', '2025-10-15 01:41:59'),
(27, 'MTM2', 'MULTIMEIOS', 5, '2025-10-15 01:41:59', '2025-10-15 01:41:59'),
(28, 'CHE', 'CIÊNCIAS HUMANAS - ENEM ', 5, '2025-10-15 01:41:59', '2025-10-15 01:41:59'),
(29, 'CNE', 'CIÊNCIAS DA NATUREZA - ENEM ', 5, '2025-10-15 01:41:59', '2025-10-15 01:41:59'),
(30, 'LPE', 'LINGUAGENS PARA O ENEM ', 5, '2025-10-15 01:41:59', '2025-10-15 01:41:59'),
(31, 'MEN', 'MATEMÁTICA - ENEM ', 5, '2025-10-15 01:41:59', '2025-10-15 01:41:59'),
(32, 'QPR', 'QUALIFICAÇÃO PROFISSIONAL ', 5, '2025-10-15 01:41:59', '2025-10-15 01:41:59'),
(33, 'ELE1', 'ELETIVA - 1ª SÉRIE', 5, '2025-10-15 01:41:59', '2025-10-15 01:41:59'),
(34, 'ELE2', 'ELETIVA - 2ª SÉRIE', 5, '2025-10-15 01:41:59', '2025-10-15 01:41:59'),
(35, 'ELE3', 'ELETIVA - 3ª SÉRIE', 5, '2025-10-15 01:41:59', '2025-10-15 01:41:59'),
(36, 'EF1', 'EDUCAÇÃO FISICA 1', 5, '2025-10-15 01:41:59', '2025-10-15 01:41:59'),
(37, 'TAV', 'TECNICAS ADMINISTRATIVAS E VENDAS', 5, '2025-10-15 01:41:59', '2025-10-15 01:41:59'),
(38, 'INF', 'INFORMÁTICA N', 5, '2025-10-15 01:41:59', '2025-10-15 01:41:59'),
(39, 'TEA', 'TÉCNICO EM ADMINISTRAÇÃO', 5, '2025-10-15 01:41:59', '2025-10-15 01:41:59'),
(40, 'CDC', 'CULTURA DIGITAL - CIDADANIA DIGITAL', 5, '2025-10-15 01:41:59', '2025-10-15 01:41:59'),
(41, 'CDT', 'CULTURA DIGITAL- TECNOLOGIA E SOCIEDADE', 5, '2025-10-15 01:41:59', '2025-10-15 01:41:59'),
(42, 'LEI', 'INFORMÁTICA', 5, '2025-10-15 01:41:59', '2025-10-15 01:41:59'),
(43, 'GES', 'GESTÃO', 5, '2025-10-15 01:41:59', '2025-10-15 01:41:59'),
(44, 'MTM', 'MULTIMEIOS', 5, '2025-10-15 01:41:59', '2025-10-15 01:41:59'),
(45, 'ELE_MATB', 'ELETIVA - MATEMÁTICA BÁSICA', 5, '2025-10-15 01:41:59', '2025-10-15 01:41:59'),
(46, 'MAT', 'Matemática', 6, '2025-10-20 22:17:57', '2025-10-20 22:17:57');

-- --------------------------------------------------------

--
-- Estrutura da tabela `syrios_enturmacao`
--

DROP TABLE IF EXISTS `syrios_enturmacao`;
CREATE TABLE IF NOT EXISTS `syrios_enturmacao` (
  `id` bigint(20) UNSIGNED NOT NULL AUTO_INCREMENT,
  `school_id` bigint(20) UNSIGNED NOT NULL,
  `ano_letivo` int(11) NOT NULL DEFAULT 2025,
  `vigente` tinyint(1) NOT NULL DEFAULT 1,
  `aluno_id` bigint(20) UNSIGNED NOT NULL,
  `turma_id` bigint(20) UNSIGNED NOT NULL,
  `created_at` timestamp NULL DEFAULT NULL,
  `updated_at` timestamp NULL DEFAULT NULL,
  PRIMARY KEY (`id`),
  UNIQUE KEY `uq_enturmacao_unica` (`aluno_id`,`turma_id`,`ano_letivo`),
  KEY `syrios_enturmacao_aluno_id_foreign` (`aluno_id`),
  KEY `syrios_enturmacao_turma_id_foreign` (`turma_id`),
  KEY `syrios_enturmacao_school_id_foreign` (`school_id`)
) ENGINE=InnoDB AUTO_INCREMENT=547 DEFAULT CHARSET=utf8mb4 COLLATE=utf8mb4_unicode_ci;

--
-- Extraindo dados da tabela `syrios_enturmacao`
--

INSERT INTO `syrios_enturmacao` (`id`, `school_id`, `ano_letivo`, `vigente`, `aluno_id`, `turma_id`, `created_at`, `updated_at`) VALUES
(7, 5, 2025, 1, 7, 4, '2025-10-15 02:53:42', '2025-10-15 02:53:42'),
(8, 5, 2025, 1, 8, 1, '2025-10-15 02:53:42', '2025-10-15 02:53:42'),
(9, 5, 2025, 1, 9, 1, '2025-10-15 02:53:42', '2025-10-15 02:53:42'),
(10, 5, 2025, 1, 10, 1, '2025-10-15 02:53:42', '2025-10-15 02:53:42'),
(11, 5, 2025, 1, 11, 1, '2025-10-15 02:53:42', '2025-10-15 02:53:42'),
(12, 5, 2025, 1, 12, 1, '2025-10-15 02:53:42', '2025-10-15 02:53:42'),
(13, 5, 2025, 1, 13, 1, '2025-10-15 02:53:42', '2025-10-15 02:53:42'),
(14, 5, 2025, 1, 14, 1, '2025-10-15 02:53:42', '2025-10-15 02:53:42'),
(15, 5, 2025, 1, 15, 1, '2025-10-15 02:53:42', '2025-10-15 02:53:42'),
(16, 5, 2025, 1, 16, 1, '2025-10-15 02:53:42', '2025-10-15 02:53:42'),
(17, 5, 2025, 1, 17, 1, '2025-10-15 02:53:42', '2025-10-15 02:53:42'),
(18, 5, 2025, 1, 18, 1, '2025-10-15 02:53:42', '2025-10-15 02:53:42'),
(19, 5, 2025, 1, 19, 1, '2025-10-15 02:53:42', '2025-10-15 02:53:42'),
(20, 5, 2025, 1, 20, 1, '2025-10-15 02:53:42', '2025-10-15 02:53:42'),
(21, 5, 2025, 1, 21, 1, '2025-10-15 02:53:42', '2025-10-15 02:53:42'),
(22, 5, 2025, 1, 22, 1, '2025-10-15 02:53:42', '2025-10-15 02:53:42'),
(23, 5, 2025, 1, 23, 1, '2025-10-15 02:53:42', '2025-10-15 02:53:42'),
(24, 5, 2025, 1, 24, 1, '2025-10-15 02:53:42', '2025-10-15 02:53:42'),
(25, 5, 2025, 1, 25, 1, '2025-10-15 02:53:42', '2025-10-15 02:53:42'),
(26, 5, 2025, 1, 26, 1, '2025-10-15 02:53:42', '2025-10-15 02:53:42'),
(27, 5, 2025, 1, 27, 1, '2025-10-15 02:53:42', '2025-10-15 02:53:42'),
(28, 5, 2025, 1, 28, 1, '2025-10-15 02:53:42', '2025-10-15 02:53:42'),
(29, 5, 2025, 1, 29, 1, '2025-10-15 02:53:42', '2025-10-15 02:53:42'),
(30, 5, 2025, 1, 30, 1, '2025-10-15 02:53:42', '2025-10-15 02:53:42'),
(31, 5, 2025, 1, 31, 1, '2025-10-15 02:53:42', '2025-10-15 02:53:42'),
(32, 5, 2025, 1, 32, 1, '2025-10-15 02:53:42', '2025-10-15 02:53:42'),
(33, 5, 2025, 1, 33, 4, '2025-10-15 02:53:42', '2025-10-15 02:53:42'),
(34, 5, 2025, 1, 34, 1, '2025-10-15 02:53:42', '2025-10-15 02:53:42'),
(35, 5, 2025, 1, 35, 1, '2025-10-15 02:53:42', '2025-10-15 02:53:42'),
(36, 5, 2025, 1, 36, 1, '2025-10-15 02:53:42', '2025-10-15 02:53:42'),
(37, 5, 2025, 1, 37, 1, '2025-10-15 02:53:42', '2025-10-15 02:53:42'),
(38, 5, 2025, 1, 38, 1, '2025-10-15 02:53:42', '2025-10-15 02:53:42'),
(39, 5, 2025, 1, 39, 1, '2025-10-15 02:53:42', '2025-10-15 02:53:42'),
(40, 5, 2025, 1, 40, 1, '2025-10-15 02:53:42', '2025-10-15 02:53:42'),
(41, 5, 2025, 1, 41, 1, '2025-10-15 02:53:42', '2025-10-15 02:53:42'),
(42, 5, 2025, 1, 42, 1, '2025-10-15 02:53:42', '2025-10-15 02:53:42'),
(43, 5, 2025, 1, 43, 2, '2025-10-15 02:53:42', '2025-10-15 02:53:42'),
(44, 5, 2025, 1, 44, 1, '2025-10-15 02:53:42', '2025-10-15 02:53:42'),
(45, 5, 2025, 1, 45, 2, '2025-10-15 02:53:42', '2025-10-15 02:53:42'),
(46, 5, 2025, 1, 46, 2, '2025-10-15 02:53:42', '2025-10-15 02:53:42'),
(47, 5, 2025, 1, 47, 2, '2025-10-15 02:53:42', '2025-10-15 02:53:42'),
(48, 5, 2025, 1, 48, 2, '2025-10-15 02:53:42', '2025-10-15 02:53:42'),
(49, 5, 2025, 1, 49, 2, '2025-10-15 02:53:42', '2025-10-15 02:53:42'),
(50, 5, 2025, 1, 50, 2, '2025-10-15 02:53:42', '2025-10-15 02:53:42'),
(51, 5, 2025, 1, 51, 2, '2025-10-15 02:53:42', '2025-10-15 02:53:42'),
(52, 5, 2025, 1, 53, 2, '2025-10-15 02:53:42', '2025-10-15 02:53:42'),
(53, 5, 2025, 1, 54, 2, '2025-10-15 02:53:42', '2025-10-15 02:53:42'),
(54, 5, 2025, 1, 55, 2, '2025-10-15 02:53:42', '2025-10-15 02:53:42'),
(55, 5, 2025, 1, 56, 2, '2025-10-15 02:53:42', '2025-10-15 02:53:42'),
(56, 5, 2025, 1, 57, 2, '2025-10-15 02:53:42', '2025-10-15 02:53:42'),
(57, 5, 2025, 1, 58, 2, '2025-10-15 02:53:42', '2025-10-15 02:53:42'),
(58, 5, 2025, 1, 59, 2, '2025-10-15 02:53:42', '2025-10-15 02:53:42'),
(59, 5, 2025, 1, 60, 2, '2025-10-15 02:53:42', '2025-10-15 02:53:42'),
(60, 5, 2025, 1, 61, 2, '2025-10-15 02:53:42', '2025-10-15 02:53:42'),
(61, 5, 2025, 1, 62, 2, '2025-10-15 02:53:42', '2025-10-15 02:53:42'),
(62, 5, 2025, 1, 63, 2, '2025-10-15 02:53:42', '2025-10-15 02:53:42'),
(63, 5, 2025, 1, 64, 2, '2025-10-15 02:53:42', '2025-10-15 02:53:42'),
(64, 5, 2025, 1, 65, 2, '2025-10-15 02:53:42', '2025-10-15 02:53:42'),
(65, 5, 2025, 1, 66, 2, '2025-10-15 02:53:42', '2025-10-15 02:53:42'),
(66, 5, 2025, 1, 67, 2, '2025-10-15 02:53:42', '2025-10-15 02:53:42'),
(67, 5, 2025, 1, 68, 2, '2025-10-15 02:53:42', '2025-10-15 02:53:42'),
(68, 5, 2025, 1, 69, 2, '2025-10-15 02:53:42', '2025-10-15 02:53:42'),
(69, 5, 2025, 1, 70, 2, '2025-10-15 02:53:42', '2025-10-15 02:53:42'),
(70, 5, 2025, 1, 71, 2, '2025-10-15 02:53:42', '2025-10-15 02:53:42'),
(71, 5, 2025, 1, 72, 2, '2025-10-15 02:53:42', '2025-10-15 02:53:42'),
(72, 5, 2025, 1, 73, 2, '2025-10-15 02:53:42', '2025-10-15 02:53:42'),
(73, 5, 2025, 1, 75, 2, '2025-10-15 02:53:42', '2025-10-15 02:53:42'),
(74, 5, 2025, 1, 76, 2, '2025-10-15 02:53:42', '2025-10-15 02:53:42'),
(75, 5, 2025, 1, 77, 2, '2025-10-15 02:53:42', '2025-10-15 02:53:42'),
(76, 5, 2025, 1, 78, 2, '2025-10-15 02:53:42', '2025-10-15 02:53:42'),
(77, 5, 2025, 1, 79, 2, '2025-10-15 02:53:42', '2025-10-15 02:53:42'),
(78, 5, 2025, 1, 80, 2, '2025-10-15 02:53:42', '2025-10-15 02:53:42'),
(79, 5, 2025, 1, 81, 2, '2025-10-15 02:53:42', '2025-10-15 02:53:42'),
(80, 5, 2025, 1, 82, 2, '2025-10-15 02:53:42', '2025-10-15 02:53:42'),
(81, 5, 2025, 1, 83, 2, '2025-10-15 02:53:42', '2025-10-15 02:53:42'),
(82, 5, 2025, 1, 84, 2, '2025-10-15 02:53:42', '2025-10-15 02:53:42'),
(83, 5, 2025, 1, 85, 2, '2025-10-15 02:53:42', '2025-10-15 02:53:42'),
(84, 5, 2025, 1, 86, 2, '2025-10-15 02:53:42', '2025-10-15 02:53:42'),
(85, 5, 2025, 1, 87, 2, '2025-10-15 02:53:42', '2025-10-15 02:53:42'),
(86, 5, 2025, 1, 88, 2, '2025-10-15 02:53:42', '2025-10-15 02:53:42'),
(87, 5, 2025, 1, 89, 3, '2025-10-15 02:53:42', '2025-10-15 02:53:42'),
(88, 5, 2025, 1, 90, 3, '2025-10-15 02:53:42', '2025-10-15 02:53:42'),
(89, 5, 2025, 1, 91, 3, '2025-10-15 02:53:42', '2025-10-15 02:53:42'),
(90, 5, 2025, 1, 92, 3, '2025-10-15 02:53:42', '2025-10-15 02:53:42'),
(91, 5, 2025, 1, 93, 3, '2025-10-15 02:53:42', '2025-10-15 02:53:42'),
(92, 5, 2025, 1, 94, 3, '2025-10-15 02:53:42', '2025-10-15 02:53:42'),
(93, 5, 2025, 1, 95, 3, '2025-10-15 02:53:42', '2025-10-15 02:53:42'),
(94, 5, 2025, 1, 96, 3, '2025-10-15 02:53:42', '2025-10-15 02:53:42'),
(95, 5, 2025, 1, 97, 3, '2025-10-15 02:53:42', '2025-10-15 02:53:42'),
(96, 5, 2025, 1, 98, 3, '2025-10-15 02:53:42', '2025-10-15 02:53:42'),
(97, 5, 2025, 1, 99, 3, '2025-10-15 02:53:42', '2025-10-15 02:53:42'),
(98, 5, 2025, 1, 100, 3, '2025-10-15 02:53:42', '2025-10-15 02:53:42'),
(99, 5, 2025, 1, 101, 3, '2025-10-15 02:53:42', '2025-10-15 02:53:42'),
(100, 5, 2025, 1, 102, 3, '2025-10-15 02:53:42', '2025-10-15 02:53:42'),
(101, 5, 2025, 1, 103, 3, '2025-10-15 02:53:42', '2025-10-15 02:53:42'),
(102, 5, 2025, 1, 104, 3, '2025-10-15 02:53:42', '2025-10-15 02:53:42'),
(103, 5, 2025, 1, 105, 3, '2025-10-15 02:53:42', '2025-10-15 02:53:42'),
(104, 5, 2025, 1, 106, 3, '2025-10-15 02:53:42', '2025-10-15 02:53:42'),
(105, 5, 2025, 1, 107, 3, '2025-10-15 02:53:42', '2025-10-15 02:53:42'),
(106, 5, 2025, 1, 108, 3, '2025-10-15 02:53:42', '2025-10-15 02:53:42'),
(107, 5, 2025, 1, 111, 3, '2025-10-15 02:53:42', '2025-10-15 02:53:42'),
(108, 5, 2025, 1, 112, 4, '2025-10-15 02:53:42', '2025-10-15 02:53:42'),
(109, 5, 2025, 1, 113, 3, '2025-10-15 02:53:42', '2025-10-15 02:53:42'),
(110, 5, 2025, 1, 114, 3, '2025-10-15 02:53:42', '2025-10-15 02:53:42'),
(111, 5, 2025, 1, 115, 3, '2025-10-15 02:53:42', '2025-10-15 02:53:42'),
(112, 5, 2025, 1, 116, 3, '2025-10-15 02:53:42', '2025-10-15 02:53:42'),
(113, 5, 2025, 1, 117, 1, '2025-10-15 02:53:42', '2025-10-15 02:53:42'),
(114, 5, 2025, 1, 118, 3, '2025-10-15 02:53:42', '2025-10-15 02:53:42'),
(115, 5, 2025, 1, 119, 3, '2025-10-15 02:53:42', '2025-10-15 02:53:42'),
(116, 5, 2025, 1, 120, 3, '2025-10-15 02:53:42', '2025-10-15 02:53:42'),
(117, 5, 2025, 1, 121, 3, '2025-10-15 02:53:42', '2025-10-15 02:53:42'),
(118, 5, 2025, 1, 122, 3, '2025-10-15 02:53:42', '2025-10-15 02:53:42'),
(119, 5, 2025, 1, 123, 3, '2025-10-15 02:53:42', '2025-10-15 02:53:42'),
(120, 5, 2025, 1, 124, 3, '2025-10-15 02:53:42', '2025-10-15 02:53:42'),
(121, 5, 2025, 1, 125, 3, '2025-10-15 02:53:42', '2025-10-15 02:53:42'),
(122, 5, 2025, 1, 126, 3, '2025-10-15 02:53:42', '2025-10-15 02:53:42'),
(123, 5, 2025, 1, 127, 3, '2025-10-15 02:53:42', '2025-10-15 02:53:42'),
(124, 5, 2025, 1, 128, 3, '2025-10-15 02:53:42', '2025-10-15 02:53:42'),
(125, 5, 2025, 1, 129, 3, '2025-10-15 02:53:42', '2025-10-15 02:53:42'),
(126, 5, 2025, 1, 130, 3, '2025-10-15 02:53:42', '2025-10-15 02:53:42'),
(127, 5, 2025, 1, 131, 3, '2025-10-15 02:53:42', '2025-10-15 02:53:42'),
(128, 5, 2025, 1, 132, 4, '2025-10-15 02:53:42', '2025-10-15 02:53:42'),
(129, 5, 2025, 1, 133, 4, '2025-10-15 02:53:42', '2025-10-15 02:53:42'),
(130, 5, 2025, 1, 134, 4, '2025-10-15 02:53:42', '2025-10-15 02:53:42'),
(131, 5, 2025, 1, 135, 4, '2025-10-15 02:53:42', '2025-10-15 02:53:42'),
(132, 5, 2025, 1, 136, 4, '2025-10-15 02:53:42', '2025-10-15 02:53:42'),
(133, 5, 2025, 1, 138, 3, '2025-10-15 02:53:42', '2025-10-15 02:53:42'),
(134, 5, 2025, 1, 139, 4, '2025-10-15 02:53:42', '2025-10-15 02:53:42'),
(135, 5, 2025, 1, 140, 4, '2025-10-15 02:53:42', '2025-10-15 02:53:42'),
(136, 5, 2025, 1, 141, 4, '2025-10-15 02:53:42', '2025-10-15 02:53:42'),
(137, 5, 2025, 1, 142, 4, '2025-10-15 02:53:42', '2025-10-15 02:53:42'),
(138, 5, 2025, 1, 143, 4, '2025-10-15 02:53:42', '2025-10-15 02:53:42'),
(139, 5, 2025, 1, 144, 4, '2025-10-15 02:53:42', '2025-10-15 02:53:42'),
(140, 5, 2025, 1, 145, 4, '2025-10-15 02:53:42', '2025-10-15 02:53:42'),
(141, 5, 2025, 1, 146, 4, '2025-10-15 02:53:42', '2025-10-15 02:53:42'),
(142, 5, 2025, 1, 147, 4, '2025-10-15 02:53:42', '2025-10-15 02:53:42'),
(143, 5, 2025, 1, 148, 4, '2025-10-15 02:53:42', '2025-10-15 02:53:42'),
(144, 5, 2025, 1, 149, 4, '2025-10-15 02:53:42', '2025-10-15 02:53:42'),
(145, 5, 2025, 1, 150, 4, '2025-10-15 02:53:42', '2025-10-15 02:53:42'),
(146, 5, 2025, 1, 151, 4, '2025-10-15 02:53:42', '2025-10-15 02:53:42'),
(147, 5, 2025, 1, 152, 4, '2025-10-15 02:53:42', '2025-10-15 02:53:42'),
(148, 5, 2025, 1, 154, 4, '2025-10-15 02:53:42', '2025-10-15 02:53:42'),
(149, 5, 2025, 1, 155, 4, '2025-10-15 02:53:42', '2025-10-15 02:53:42'),
(150, 5, 2025, 1, 156, 4, '2025-10-15 02:53:42', '2025-10-15 02:53:42'),
(151, 5, 2025, 1, 157, 4, '2025-10-15 02:53:42', '2025-10-15 02:53:42'),
(152, 5, 2025, 1, 159, 4, '2025-10-15 02:53:42', '2025-10-15 02:53:42'),
(153, 5, 2025, 1, 160, 4, '2025-10-15 02:53:42', '2025-10-15 02:53:42'),
(154, 5, 2025, 1, 161, 4, '2025-10-15 02:53:42', '2025-10-15 02:53:42'),
(155, 5, 2025, 1, 163, 4, '2025-10-15 02:53:42', '2025-10-15 02:53:42'),
(156, 5, 2025, 1, 164, 4, '2025-10-15 02:53:42', '2025-10-15 02:53:42'),
(157, 5, 2025, 1, 165, 4, '2025-10-15 02:53:42', '2025-10-15 02:53:42'),
(158, 5, 2025, 1, 166, 4, '2025-10-15 02:53:42', '2025-10-15 02:53:42'),
(159, 5, 2025, 1, 167, 4, '2025-10-15 02:53:42', '2025-10-15 02:53:42'),
(160, 5, 2025, 1, 168, 4, '2025-10-15 02:53:42', '2025-10-15 02:53:42'),
(161, 5, 2025, 1, 169, 4, '2025-10-15 02:53:42', '2025-10-15 02:53:42'),
(162, 5, 2025, 1, 170, 4, '2025-10-15 02:53:42', '2025-10-15 02:53:42'),
(163, 5, 2025, 1, 171, 4, '2025-10-15 02:53:42', '2025-10-15 02:53:42'),
(164, 5, 2025, 1, 172, 4, '2025-10-15 02:53:42', '2025-10-15 02:53:42'),
(165, 5, 2025, 1, 173, 4, '2025-10-15 02:53:42', '2025-10-15 02:53:42'),
(166, 5, 2025, 1, 174, 10, '2025-10-15 02:53:42', '2025-10-15 02:53:42'),
(167, 5, 2025, 1, 175, 6, '2025-10-15 02:53:42', '2025-10-15 02:53:42'),
(168, 5, 2025, 1, 176, 6, '2025-10-15 02:53:42', '2025-10-15 02:53:42'),
(169, 5, 2025, 1, 177, 6, '2025-10-15 02:53:42', '2025-10-15 02:53:42'),
(170, 5, 2025, 1, 178, 6, '2025-10-15 02:53:42', '2025-10-15 02:53:42'),
(171, 5, 2025, 1, 179, 6, '2025-10-15 02:53:42', '2025-10-15 02:53:42'),
(172, 5, 2025, 1, 180, 6, '2025-10-15 02:53:42', '2025-10-15 02:53:42'),
(173, 5, 2025, 1, 181, 6, '2025-10-15 02:53:42', '2025-10-15 02:53:42'),
(174, 5, 2025, 1, 182, 6, '2025-10-15 02:53:42', '2025-10-15 02:53:42'),
(175, 5, 2025, 1, 183, 6, '2025-10-15 02:53:42', '2025-10-15 02:53:42'),
(176, 5, 2025, 1, 184, 6, '2025-10-15 02:53:42', '2025-10-15 02:53:42'),
(177, 5, 2025, 1, 185, 6, '2025-10-15 02:53:42', '2025-10-15 02:53:42'),
(178, 5, 2025, 1, 186, 6, '2025-10-15 02:53:42', '2025-10-15 02:53:42'),
(179, 5, 2025, 1, 187, 6, '2025-10-15 02:53:42', '2025-10-15 02:53:42'),
(180, 5, 2025, 1, 188, 6, '2025-10-15 02:53:42', '2025-10-15 02:53:42'),
(181, 5, 2025, 1, 189, 6, '2025-10-15 02:53:42', '2025-10-15 02:53:42'),
(182, 5, 2025, 1, 190, 10, '2025-10-15 02:53:42', '2025-10-15 02:53:42'),
(183, 5, 2025, 1, 191, 6, '2025-10-15 02:53:42', '2025-10-15 02:53:42'),
(184, 5, 2025, 1, 192, 6, '2025-10-15 02:53:42', '2025-10-15 02:53:42'),
(185, 5, 2025, 1, 193, 6, '2025-10-15 02:53:42', '2025-10-15 02:53:42'),
(186, 5, 2025, 1, 194, 6, '2025-10-15 02:53:42', '2025-10-15 02:53:42'),
(187, 5, 2025, 1, 195, 6, '2025-10-15 02:53:42', '2025-10-15 02:53:42'),
(188, 5, 2025, 1, 196, 6, '2025-10-15 02:53:42', '2025-10-15 02:53:42'),
(189, 5, 2025, 1, 197, 6, '2025-10-15 02:53:42', '2025-10-15 02:53:42'),
(190, 5, 2025, 1, 198, 6, '2025-10-15 02:53:42', '2025-10-15 02:53:42'),
(191, 5, 2025, 1, 199, 6, '2025-10-15 02:53:42', '2025-10-15 02:53:42'),
(192, 5, 2025, 1, 200, 6, '2025-10-15 02:53:42', '2025-10-15 02:53:42'),
(193, 5, 2025, 1, 201, 6, '2025-10-15 02:53:42', '2025-10-15 02:53:42'),
(194, 5, 2025, 1, 202, 6, '2025-10-15 02:53:42', '2025-10-15 02:53:42'),
(195, 5, 2025, 1, 203, 6, '2025-10-15 02:53:42', '2025-10-15 02:53:42'),
(196, 5, 2025, 1, 204, 6, '2025-10-15 02:53:42', '2025-10-15 02:53:42'),
(197, 5, 2025, 1, 205, 6, '2025-10-15 02:53:42', '2025-10-15 02:53:42'),
(198, 5, 2025, 1, 206, 6, '2025-10-15 02:53:42', '2025-10-15 02:53:42'),
(199, 5, 2025, 1, 207, 6, '2025-10-15 02:53:42', '2025-10-15 02:53:42'),
(200, 5, 2025, 1, 209, 6, '2025-10-15 02:53:42', '2025-10-15 02:53:42'),
(201, 5, 2025, 1, 210, 6, '2025-10-15 02:53:42', '2025-10-15 02:53:42'),
(202, 5, 2025, 1, 211, 6, '2025-10-15 02:53:42', '2025-10-15 02:53:42'),
(203, 5, 2025, 1, 212, 6, '2025-10-15 02:53:42', '2025-10-15 02:53:42'),
(204, 5, 2025, 1, 213, 6, '2025-10-15 02:53:42', '2025-10-15 02:53:42'),
(205, 5, 2025, 1, 214, 6, '2025-10-15 02:53:42', '2025-10-15 02:53:42'),
(206, 5, 2025, 1, 215, 7, '2025-10-15 02:53:42', '2025-10-15 02:53:42'),
(207, 5, 2025, 1, 216, 7, '2025-10-15 02:53:42', '2025-10-15 02:53:42'),
(208, 5, 2025, 1, 217, 7, '2025-10-15 02:53:42', '2025-10-15 02:53:42'),
(209, 5, 2025, 1, 218, 7, '2025-10-15 02:53:42', '2025-10-15 02:53:42'),
(210, 5, 2025, 1, 219, 7, '2025-10-15 02:53:42', '2025-10-15 02:53:42'),
(211, 5, 2025, 1, 220, 7, '2025-10-15 02:53:42', '2025-10-15 02:53:42'),
(212, 5, 2025, 1, 221, 10, '2025-10-15 02:53:42', '2025-10-15 02:53:42'),
(213, 5, 2025, 1, 222, 7, '2025-10-15 02:53:42', '2025-10-15 02:53:42'),
(214, 5, 2025, 1, 223, 7, '2025-10-15 02:53:42', '2025-10-15 02:53:42'),
(215, 5, 2025, 1, 224, 7, '2025-10-15 02:53:42', '2025-10-15 02:53:42'),
(216, 5, 2025, 1, 225, 7, '2025-10-15 02:53:42', '2025-10-15 02:53:42'),
(217, 5, 2025, 1, 226, 7, '2025-10-15 02:53:42', '2025-10-15 02:53:42'),
(218, 5, 2025, 1, 227, 7, '2025-10-15 02:53:42', '2025-10-15 02:53:42'),
(219, 5, 2025, 1, 228, 7, '2025-10-15 02:53:42', '2025-10-15 02:53:42'),
(220, 5, 2025, 1, 229, 7, '2025-10-15 02:53:42', '2025-10-15 02:53:42'),
(221, 5, 2025, 1, 230, 7, '2025-10-15 02:53:42', '2025-10-15 02:53:42'),
(222, 5, 2025, 1, 231, 7, '2025-10-15 02:53:42', '2025-10-15 02:53:42'),
(223, 5, 2025, 1, 232, 7, '2025-10-15 02:53:42', '2025-10-15 02:53:42'),
(224, 5, 2025, 1, 233, 7, '2025-10-15 02:53:42', '2025-10-15 02:53:42'),
(225, 5, 2025, 1, 234, 7, '2025-10-15 02:53:42', '2025-10-15 02:53:42'),
(226, 5, 2025, 1, 235, 7, '2025-10-15 02:53:42', '2025-10-15 02:53:42'),
(227, 5, 2025, 1, 236, 7, '2025-10-15 02:53:42', '2025-10-15 02:53:42'),
(228, 5, 2025, 1, 237, 8, '2025-10-15 02:53:42', '2025-10-15 02:53:42'),
(229, 5, 2025, 1, 238, 7, '2025-10-15 02:53:42', '2025-10-15 02:53:42'),
(230, 5, 2025, 1, 239, 7, '2025-10-15 02:53:42', '2025-10-15 02:53:42'),
(231, 5, 2025, 1, 240, 7, '2025-10-15 02:53:42', '2025-10-15 02:53:42'),
(232, 5, 2025, 1, 241, 7, '2025-10-15 02:53:42', '2025-10-15 02:53:42'),
(233, 5, 2025, 1, 242, 7, '2025-10-15 02:53:42', '2025-10-15 02:53:42'),
(234, 5, 2025, 1, 243, 6, '2025-10-15 02:53:42', '2025-10-15 02:53:42'),
(235, 5, 2025, 1, 244, 7, '2025-10-15 02:53:42', '2025-10-15 02:53:42'),
(236, 5, 2025, 1, 245, 10, '2025-10-15 02:53:42', '2025-10-15 02:53:42'),
(237, 5, 2025, 1, 246, 7, '2025-10-15 02:53:42', '2025-10-15 02:53:42'),
(238, 5, 2025, 1, 247, 7, '2025-10-15 02:53:42', '2025-10-15 02:53:42'),
(239, 5, 2025, 1, 248, 7, '2025-10-15 02:53:42', '2025-10-15 02:53:42'),
(240, 5, 2025, 1, 249, 7, '2025-10-15 02:53:42', '2025-10-15 02:53:42'),
(241, 5, 2025, 1, 250, 7, '2025-10-15 02:53:42', '2025-10-15 02:53:42'),
(242, 5, 2025, 1, 251, 7, '2025-10-15 02:53:42', '2025-10-15 02:53:42'),
(243, 5, 2025, 1, 252, 7, '2025-10-15 02:53:42', '2025-10-15 02:53:42'),
(244, 5, 2025, 1, 253, 7, '2025-10-15 02:53:42', '2025-10-15 02:53:42'),
(245, 5, 2025, 1, 254, 7, '2025-10-15 02:53:42', '2025-10-15 02:53:42'),
(246, 5, 2025, 1, 255, 8, '2025-10-15 02:53:42', '2025-10-15 02:53:42'),
(247, 5, 2025, 1, 256, 6, '2025-10-15 02:53:42', '2025-10-15 02:53:42'),
(248, 5, 2025, 1, 257, 8, '2025-10-15 02:53:42', '2025-10-15 02:53:42'),
(249, 5, 2025, 1, 258, 8, '2025-10-15 02:53:42', '2025-10-15 02:53:42'),
(250, 5, 2025, 1, 259, 8, '2025-10-15 02:53:42', '2025-10-15 02:53:42'),
(251, 5, 2025, 1, 260, 8, '2025-10-15 02:53:42', '2025-10-15 02:53:42'),
(252, 5, 2025, 1, 261, 8, '2025-10-15 02:53:42', '2025-10-15 02:53:42'),
(253, 5, 2025, 1, 262, 8, '2025-10-15 02:53:42', '2025-10-15 02:53:42'),
(254, 5, 2025, 1, 263, 8, '2025-10-15 02:53:42', '2025-10-15 02:53:42'),
(255, 5, 2025, 1, 265, 8, '2025-10-15 02:53:42', '2025-10-15 02:53:42'),
(256, 5, 2025, 1, 266, 8, '2025-10-15 02:53:42', '2025-10-15 02:53:42'),
(257, 5, 2025, 1, 267, 8, '2025-10-15 02:53:42', '2025-10-15 02:53:42'),
(258, 5, 2025, 1, 268, 8, '2025-10-15 02:53:42', '2025-10-15 02:53:42'),
(259, 5, 2025, 1, 269, 8, '2025-10-15 02:53:42', '2025-10-15 02:53:42'),
(260, 5, 2025, 1, 270, 8, '2025-10-15 02:53:42', '2025-10-15 02:53:42'),
(261, 5, 2025, 1, 271, 8, '2025-10-15 02:53:42', '2025-10-15 02:53:42'),
(262, 5, 2025, 1, 272, 8, '2025-10-15 02:53:42', '2025-10-15 02:53:42'),
(263, 5, 2025, 1, 273, 8, '2025-10-15 02:53:42', '2025-10-15 02:53:42'),
(264, 5, 2025, 1, 274, 8, '2025-10-15 02:53:42', '2025-10-15 02:53:42'),
(265, 5, 2025, 1, 275, 8, '2025-10-15 02:53:42', '2025-10-15 02:53:42'),
(266, 5, 2025, 1, 276, 8, '2025-10-15 02:53:42', '2025-10-15 02:53:42'),
(267, 5, 2025, 1, 277, 9, '2025-10-15 02:53:42', '2025-10-15 02:53:42'),
(268, 5, 2025, 1, 278, 7, '2025-10-15 02:53:42', '2025-10-15 02:53:42'),
(269, 5, 2025, 1, 279, 8, '2025-10-15 02:53:42', '2025-10-15 02:53:42'),
(270, 5, 2025, 1, 280, 8, '2025-10-15 02:53:42', '2025-10-15 02:53:42'),
(271, 5, 2025, 1, 281, 8, '2025-10-15 02:53:42', '2025-10-15 02:53:42'),
(272, 5, 2025, 1, 282, 8, '2025-10-15 02:53:42', '2025-10-15 02:53:42'),
(273, 5, 2025, 1, 283, 8, '2025-10-15 02:53:42', '2025-10-15 02:53:42'),
(274, 5, 2025, 1, 284, 8, '2025-10-15 02:53:42', '2025-10-15 02:53:42'),
(275, 5, 2025, 1, 285, 10, '2025-10-15 02:53:42', '2025-10-15 02:53:42'),
(276, 5, 2025, 1, 286, 8, '2025-10-15 02:53:42', '2025-10-15 02:53:42'),
(277, 5, 2025, 1, 287, 8, '2025-10-15 02:53:42', '2025-10-15 02:53:42'),
(278, 5, 2025, 1, 288, 8, '2025-10-15 02:53:42', '2025-10-15 02:53:42'),
(279, 5, 2025, 1, 289, 8, '2025-10-15 02:53:42', '2025-10-15 02:53:42'),
(280, 5, 2025, 1, 291, 8, '2025-10-15 02:53:42', '2025-10-15 02:53:42'),
(281, 5, 2025, 1, 292, 8, '2025-10-15 02:53:42', '2025-10-15 02:53:42'),
(282, 5, 2025, 1, 293, 8, '2025-10-15 02:53:42', '2025-10-15 02:53:42'),
(283, 5, 2025, 1, 294, 8, '2025-10-15 02:53:42', '2025-10-15 02:53:42'),
(284, 5, 2025, 1, 295, 8, '2025-10-15 02:53:42', '2025-10-15 02:53:42'),
(285, 5, 2025, 1, 296, 8, '2025-10-15 02:53:42', '2025-10-15 02:53:42'),
(286, 5, 2025, 1, 297, 9, '2025-10-15 02:53:42', '2025-10-15 02:53:42'),
(287, 5, 2025, 1, 298, 9, '2025-10-15 02:53:42', '2025-10-15 02:53:42'),
(288, 5, 2025, 1, 299, 9, '2025-10-15 02:53:42', '2025-10-15 02:53:42'),
(289, 5, 2025, 1, 300, 9, '2025-10-15 02:53:42', '2025-10-15 02:53:42'),
(290, 5, 2025, 1, 301, 9, '2025-10-15 02:53:42', '2025-10-15 02:53:42'),
(291, 5, 2025, 1, 302, 9, '2025-10-15 02:53:42', '2025-10-15 02:53:42'),
(292, 5, 2025, 1, 303, 9, '2025-10-15 02:53:42', '2025-10-15 02:53:42'),
(293, 5, 2025, 1, 304, 9, '2025-10-15 02:53:42', '2025-10-15 02:53:42'),
(294, 5, 2025, 1, 305, 9, '2025-10-15 02:53:42', '2025-10-15 02:53:42'),
(295, 5, 2025, 1, 306, 9, '2025-10-15 02:53:42', '2025-10-15 02:53:42'),
(296, 5, 2025, 1, 307, 9, '2025-10-15 02:53:42', '2025-10-15 02:53:42'),
(297, 5, 2025, 1, 308, 9, '2025-10-15 02:53:42', '2025-10-15 02:53:42'),
(298, 5, 2025, 1, 309, 9, '2025-10-15 02:53:42', '2025-10-15 02:53:42'),
(299, 5, 2025, 1, 310, 9, '2025-10-15 02:53:42', '2025-10-15 02:53:42'),
(300, 5, 2025, 1, 311, 9, '2025-10-15 02:53:42', '2025-10-15 02:53:42'),
(301, 5, 2025, 1, 312, 9, '2025-10-15 02:53:42', '2025-10-15 02:53:42'),
(302, 5, 2025, 1, 313, 9, '2025-10-15 02:53:42', '2025-10-15 02:53:42'),
(303, 5, 2025, 1, 314, 9, '2025-10-15 02:53:42', '2025-10-15 02:53:42'),
(304, 5, 2025, 1, 315, 9, '2025-10-15 02:53:42', '2025-10-15 02:53:42'),
(305, 5, 2025, 1, 316, 9, '2025-10-15 02:53:42', '2025-10-15 02:53:42'),
(306, 5, 2025, 1, 317, 9, '2025-10-15 02:53:42', '2025-10-15 02:53:42'),
(307, 5, 2025, 1, 318, 9, '2025-10-15 02:53:42', '2025-10-15 02:53:42'),
(308, 5, 2025, 1, 319, 9, '2025-10-15 02:53:42', '2025-10-15 02:53:42'),
(309, 5, 2025, 1, 320, 9, '2025-10-15 02:53:42', '2025-10-15 02:53:42'),
(310, 5, 2025, 1, 321, 9, '2025-10-15 02:53:42', '2025-10-15 02:53:42'),
(311, 5, 2025, 1, 322, 9, '2025-10-15 02:53:42', '2025-10-15 02:53:42'),
(312, 5, 2025, 1, 323, 9, '2025-10-15 02:53:42', '2025-10-15 02:53:42'),
(313, 5, 2025, 1, 324, 9, '2025-10-15 02:53:42', '2025-10-15 02:53:42'),
(314, 5, 2025, 1, 325, 9, '2025-10-15 02:53:42', '2025-10-15 02:53:42'),
(315, 5, 2025, 1, 326, 9, '2025-10-15 02:53:42', '2025-10-15 02:53:42'),
(316, 5, 2025, 1, 327, 9, '2025-10-15 02:53:42', '2025-10-15 02:53:42'),
(317, 5, 2025, 1, 328, 9, '2025-10-15 02:53:42', '2025-10-15 02:53:42'),
(318, 5, 2025, 1, 329, 9, '2025-10-15 02:53:42', '2025-10-15 02:53:42'),
(319, 5, 2025, 1, 330, 9, '2025-10-15 02:53:42', '2025-10-15 02:53:42'),
(320, 5, 2025, 1, 331, 9, '2025-10-15 02:53:42', '2025-10-15 02:53:42'),
(321, 5, 2025, 1, 332, 9, '2025-10-15 02:53:42', '2025-10-15 02:53:42'),
(322, 5, 2025, 1, 333, 9, '2025-10-15 02:53:42', '2025-10-15 02:53:42'),
(323, 5, 2025, 1, 334, 9, '2025-10-15 02:53:42', '2025-10-15 02:53:42'),
(324, 5, 2025, 1, 335, 9, '2025-10-15 02:53:42', '2025-10-15 02:53:42'),
(325, 5, 2025, 1, 336, 9, '2025-10-15 02:53:42', '2025-10-15 02:53:42'),
(326, 5, 2025, 1, 337, 9, '2025-10-15 02:53:42', '2025-10-15 02:53:42'),
(327, 5, 2025, 1, 338, 9, '2025-10-15 02:53:42', '2025-10-15 02:53:42'),
(328, 5, 2025, 1, 339, 10, '2025-10-15 02:53:42', '2025-10-15 02:53:42'),
(329, 5, 2025, 1, 341, 10, '2025-10-15 02:53:42', '2025-10-15 02:53:42'),
(330, 5, 2025, 1, 342, 10, '2025-10-15 02:53:42', '2025-10-15 02:53:42'),
(331, 5, 2025, 1, 344, 10, '2025-10-15 02:53:42', '2025-10-15 02:53:42'),
(332, 5, 2025, 1, 345, 10, '2025-10-15 02:53:42', '2025-10-15 02:53:42'),
(333, 5, 2025, 1, 346, 10, '2025-10-15 02:53:42', '2025-10-15 02:53:42'),
(334, 5, 2025, 1, 347, 10, '2025-10-15 02:53:42', '2025-10-15 02:53:42'),
(335, 5, 2025, 1, 348, 6, '2025-10-15 02:53:42', '2025-10-15 02:53:42'),
(336, 5, 2025, 1, 349, 10, '2025-10-15 02:53:42', '2025-10-15 02:53:42'),
(337, 5, 2025, 1, 350, 10, '2025-10-15 02:53:42', '2025-10-15 02:53:42'),
(338, 5, 2025, 1, 351, 10, '2025-10-15 02:53:42', '2025-10-15 02:53:42'),
(339, 5, 2025, 1, 352, 10, '2025-10-15 02:53:42', '2025-10-15 02:53:42'),
(340, 5, 2025, 1, 353, 10, '2025-10-15 02:53:42', '2025-10-15 02:53:42'),
(341, 5, 2025, 1, 354, 10, '2025-10-15 02:53:42', '2025-10-15 02:53:42'),
(342, 5, 2025, 1, 355, 10, '2025-10-15 02:53:42', '2025-10-15 02:53:42'),
(343, 5, 2025, 1, 356, 10, '2025-10-15 02:53:42', '2025-10-15 02:53:42'),
(344, 5, 2025, 1, 357, 10, '2025-10-15 02:53:42', '2025-10-15 02:53:42'),
(345, 5, 2025, 1, 358, 10, '2025-10-15 02:53:42', '2025-10-15 02:53:42'),
(346, 5, 2025, 1, 359, 10, '2025-10-15 02:53:42', '2025-10-15 02:53:42'),
(347, 5, 2025, 1, 360, 10, '2025-10-15 02:53:42', '2025-10-15 02:53:42'),
(348, 5, 2025, 1, 362, 10, '2025-10-15 02:53:42', '2025-10-15 02:53:42'),
(349, 5, 2025, 1, 363, 10, '2025-10-15 02:53:42', '2025-10-15 02:53:42'),
(350, 5, 2025, 1, 364, 10, '2025-10-15 02:53:42', '2025-10-15 02:53:42'),
(351, 5, 2025, 1, 365, 11, '2025-10-15 02:53:42', '2025-10-15 02:53:42'),
(352, 5, 2025, 1, 366, 11, '2025-10-15 02:53:42', '2025-10-15 02:53:42'),
(353, 5, 2025, 1, 367, 11, '2025-10-15 02:53:42', '2025-10-15 02:53:42'),
(354, 5, 2025, 1, 368, 11, '2025-10-15 02:53:42', '2025-10-15 02:53:42'),
(355, 5, 2025, 1, 369, 11, '2025-10-15 02:53:42', '2025-10-15 02:53:42'),
(356, 5, 2025, 1, 370, 15, '2025-10-15 02:53:42', '2025-10-15 02:53:42'),
(357, 5, 2025, 1, 371, 15, '2025-10-15 02:53:42', '2025-10-15 02:53:42'),
(358, 5, 2025, 1, 372, 11, '2025-10-15 02:53:42', '2025-10-15 02:53:42'),
(359, 5, 2025, 1, 373, 15, '2025-10-15 02:53:42', '2025-10-15 02:53:42'),
(360, 5, 2025, 1, 374, 11, '2025-10-15 02:53:42', '2025-10-15 02:53:42'),
(361, 5, 2025, 1, 375, 11, '2025-10-15 02:53:42', '2025-10-15 02:53:42'),
(362, 5, 2025, 1, 376, 13, '2025-10-15 02:53:42', '2025-10-15 02:53:42'),
(363, 5, 2025, 1, 378, 11, '2025-10-15 02:53:42', '2025-10-15 02:53:42'),
(364, 5, 2025, 1, 379, 11, '2025-10-15 02:53:42', '2025-10-15 02:53:42'),
(365, 5, 2025, 1, 380, 11, '2025-10-15 02:53:42', '2025-10-15 02:53:42'),
(366, 5, 2025, 1, 381, 11, '2025-10-15 02:53:42', '2025-10-15 02:53:42'),
(367, 5, 2025, 1, 382, 11, '2025-10-15 02:53:42', '2025-10-15 02:53:42'),
(368, 5, 2025, 1, 383, 11, '2025-10-15 02:53:42', '2025-10-15 02:53:42'),
(369, 5, 2025, 1, 384, 11, '2025-10-15 02:53:42', '2025-10-15 02:53:42'),
(370, 5, 2025, 1, 385, 11, '2025-10-15 02:53:42', '2025-10-15 02:53:42'),
(371, 5, 2025, 1, 386, 11, '2025-10-15 02:53:42', '2025-10-15 02:53:42'),
(372, 5, 2025, 1, 387, 13, '2025-10-15 02:53:42', '2025-10-15 02:53:42'),
(373, 5, 2025, 1, 388, 11, '2025-10-15 02:53:42', '2025-10-15 02:53:42'),
(374, 5, 2025, 1, 389, 11, '2025-10-15 02:53:42', '2025-10-15 02:53:42'),
(375, 5, 2025, 1, 390, 11, '2025-10-15 02:53:42', '2025-10-15 02:53:42'),
(376, 5, 2025, 1, 391, 11, '2025-10-15 02:53:42', '2025-10-15 02:53:42'),
(377, 5, 2025, 1, 392, 12, '2025-10-15 02:53:42', '2025-10-15 02:53:42'),
(378, 5, 2025, 1, 393, 11, '2025-10-15 02:53:42', '2025-10-15 02:53:42'),
(379, 5, 2025, 1, 394, 11, '2025-10-15 02:53:42', '2025-10-15 02:53:42'),
(380, 5, 2025, 1, 395, 11, '2025-10-15 02:53:42', '2025-10-15 02:53:42'),
(381, 5, 2025, 1, 396, 12, '2025-10-15 02:53:42', '2025-10-15 02:53:42'),
(382, 5, 2025, 1, 397, 15, '2025-10-15 02:53:42', '2025-10-15 02:53:42'),
(383, 5, 2025, 1, 398, 12, '2025-10-15 02:53:42', '2025-10-15 02:53:42'),
(384, 5, 2025, 1, 399, 12, '2025-10-15 02:53:42', '2025-10-15 02:53:42'),
(385, 5, 2025, 1, 400, 12, '2025-10-15 02:53:42', '2025-10-15 02:53:42'),
(386, 5, 2025, 1, 401, 12, '2025-10-15 02:53:42', '2025-10-15 02:53:42'),
(387, 5, 2025, 1, 402, 12, '2025-10-15 02:53:42', '2025-10-15 02:53:42'),
(388, 5, 2025, 1, 403, 12, '2025-10-15 02:53:42', '2025-10-15 02:53:42'),
(389, 5, 2025, 1, 404, 12, '2025-10-15 02:53:42', '2025-10-15 02:53:42'),
(390, 5, 2025, 1, 405, 12, '2025-10-15 02:53:42', '2025-10-15 02:53:42'),
(391, 5, 2025, 1, 406, 12, '2025-10-15 02:53:42', '2025-10-15 02:53:42'),
(392, 5, 2025, 1, 407, 12, '2025-10-15 02:53:42', '2025-10-15 02:53:42'),
(393, 5, 2025, 1, 408, 13, '2025-10-15 02:53:42', '2025-10-15 02:53:42'),
(394, 5, 2025, 1, 409, 12, '2025-10-15 02:53:42', '2025-10-15 02:53:42'),
(395, 5, 2025, 1, 410, 12, '2025-10-15 02:53:42', '2025-10-15 02:53:42'),
(396, 5, 2025, 1, 411, 12, '2025-10-15 02:53:42', '2025-10-15 02:53:42'),
(397, 5, 2025, 1, 412, 13, '2025-10-15 02:53:42', '2025-10-15 02:53:42'),
(398, 5, 2025, 1, 413, 12, '2025-10-15 02:53:42', '2025-10-15 02:53:42'),
(399, 5, 2025, 1, 414, 11, '2025-10-15 02:53:42', '2025-10-15 02:53:42'),
(400, 5, 2025, 1, 415, 12, '2025-10-15 02:53:42', '2025-10-15 02:53:42'),
(401, 5, 2025, 1, 416, 12, '2025-10-15 02:53:42', '2025-10-15 02:53:42'),
(402, 5, 2025, 1, 417, 12, '2025-10-15 02:53:42', '2025-10-15 02:53:42'),
(403, 5, 2025, 1, 418, 12, '2025-10-15 02:53:42', '2025-10-15 02:53:42'),
(404, 5, 2025, 1, 419, 12, '2025-10-15 02:53:42', '2025-10-15 02:53:42'),
(405, 5, 2025, 1, 420, 13, '2025-10-15 02:53:42', '2025-10-15 02:53:42'),
(406, 5, 2025, 1, 421, 12, '2025-10-15 02:53:42', '2025-10-15 02:53:42'),
(407, 5, 2025, 1, 422, 12, '2025-10-15 02:53:42', '2025-10-15 02:53:42'),
(408, 5, 2025, 1, 423, 13, '2025-10-15 02:53:42', '2025-10-15 02:53:42'),
(409, 5, 2025, 1, 424, 14, '2025-10-15 02:53:42', '2025-10-15 02:53:42'),
(410, 5, 2025, 1, 425, 13, '2025-10-15 02:53:42', '2025-10-15 02:53:42'),
(411, 5, 2025, 1, 426, 13, '2025-10-15 02:53:42', '2025-10-15 02:53:42'),
(412, 5, 2025, 1, 427, 13, '2025-10-15 02:53:42', '2025-10-15 02:53:42'),
(413, 5, 2025, 1, 428, 13, '2025-10-15 02:53:42', '2025-10-15 02:53:42'),
(414, 5, 2025, 1, 429, 13, '2025-10-15 02:53:42', '2025-10-15 02:53:42'),
(415, 5, 2025, 1, 430, 13, '2025-10-15 02:53:42', '2025-10-15 02:53:42'),
(416, 5, 2025, 1, 431, 13, '2025-10-15 02:53:42', '2025-10-15 02:53:42'),
(417, 5, 2025, 1, 432, 13, '2025-10-15 02:53:42', '2025-10-15 02:53:42'),
(418, 5, 2025, 1, 433, 13, '2025-10-15 02:53:42', '2025-10-15 02:53:42'),
(419, 5, 2025, 1, 434, 13, '2025-10-15 02:53:42', '2025-10-15 02:53:42'),
(420, 5, 2025, 1, 435, 13, '2025-10-15 02:53:42', '2025-10-15 02:53:42'),
(421, 5, 2025, 1, 436, 13, '2025-10-15 02:53:42', '2025-10-15 02:53:42'),
(422, 5, 2025, 1, 437, 13, '2025-10-15 02:53:42', '2025-10-15 02:53:42'),
(423, 5, 2025, 1, 438, 12, '2025-10-15 02:53:42', '2025-10-15 02:53:42'),
(424, 5, 2025, 1, 439, 13, '2025-10-15 02:53:42', '2025-10-15 02:53:42'),
(425, 5, 2025, 1, 440, 13, '2025-10-15 02:53:42', '2025-10-15 02:53:42'),
(426, 5, 2025, 1, 441, 13, '2025-10-15 02:53:42', '2025-10-15 02:53:42'),
(427, 5, 2025, 1, 442, 13, '2025-10-15 02:53:42', '2025-10-15 02:53:42'),
(428, 5, 2025, 1, 443, 13, '2025-10-15 02:53:42', '2025-10-15 02:53:42'),
(429, 5, 2025, 1, 444, 13, '2025-10-15 02:53:42', '2025-10-15 02:53:42'),
(430, 5, 2025, 1, 445, 13, '2025-10-15 02:53:42', '2025-10-15 02:53:42'),
(431, 5, 2025, 1, 446, 13, '2025-10-15 02:53:42', '2025-10-15 02:53:42'),
(432, 5, 2025, 1, 447, 13, '2025-10-15 02:53:42', '2025-10-15 02:53:42'),
(433, 5, 2025, 1, 448, 13, '2025-10-15 02:53:42', '2025-10-15 02:53:42'),
(434, 5, 2025, 1, 449, 14, '2025-10-15 02:53:42', '2025-10-15 02:53:42'),
(435, 5, 2025, 1, 450, 14, '2025-10-15 02:53:42', '2025-10-15 02:53:42'),
(436, 5, 2025, 1, 451, 14, '2025-10-15 02:53:42', '2025-10-15 02:53:42'),
(437, 5, 2025, 1, 452, 14, '2025-10-15 02:53:42', '2025-10-15 02:53:42'),
(438, 5, 2025, 1, 454, 14, '2025-10-15 02:53:42', '2025-10-15 02:53:42'),
(439, 5, 2025, 1, 455, 14, '2025-10-15 02:53:42', '2025-10-15 02:53:42'),
(440, 5, 2025, 1, 456, 14, '2025-10-15 02:53:42', '2025-10-15 02:53:42'),
(441, 5, 2025, 1, 457, 14, '2025-10-15 02:53:42', '2025-10-15 02:53:42'),
(442, 5, 2025, 1, 458, 14, '2025-10-15 02:53:42', '2025-10-15 02:53:42'),
(443, 5, 2025, 1, 459, 14, '2025-10-15 02:53:42', '2025-10-15 02:53:42'),
(444, 5, 2025, 1, 460, 14, '2025-10-15 02:53:42', '2025-10-15 02:53:42'),
(445, 5, 2025, 1, 461, 14, '2025-10-15 02:53:42', '2025-10-15 02:53:42'),
(446, 5, 2025, 1, 462, 14, '2025-10-15 02:53:42', '2025-10-15 02:53:42'),
(447, 5, 2025, 1, 463, 14, '2025-10-15 02:53:42', '2025-10-15 02:53:42'),
(448, 5, 2025, 1, 464, 14, '2025-10-15 02:53:42', '2025-10-15 02:53:42'),
(449, 5, 2025, 1, 465, 14, '2025-10-15 02:53:42', '2025-10-15 02:53:42'),
(450, 5, 2025, 1, 466, 14, '2025-10-15 02:53:42', '2025-10-15 02:53:42'),
(451, 5, 2025, 1, 467, 14, '2025-10-15 02:53:42', '2025-10-15 02:53:42'),
(452, 5, 2025, 1, 468, 14, '2025-10-15 02:53:42', '2025-10-15 02:53:42'),
(453, 5, 2025, 1, 469, 14, '2025-10-15 02:53:42', '2025-10-15 02:53:42'),
(454, 5, 2025, 1, 470, 14, '2025-10-15 02:53:42', '2025-10-15 02:53:42'),
(455, 5, 2025, 1, 471, 14, '2025-10-15 02:53:42', '2025-10-15 02:53:42'),
(456, 5, 2025, 1, 472, 14, '2025-10-15 02:53:42', '2025-10-15 02:53:42'),
(457, 5, 2025, 1, 473, 14, '2025-10-15 02:53:42', '2025-10-15 02:53:42'),
(458, 5, 2025, 1, 474, 14, '2025-10-15 02:53:42', '2025-10-15 02:53:42'),
(459, 5, 2025, 1, 475, 14, '2025-10-15 02:53:42', '2025-10-15 02:53:42'),
(460, 5, 2025, 1, 476, 14, '2025-10-15 02:53:42', '2025-10-15 02:53:42'),
(461, 5, 2025, 1, 477, 14, '2025-10-15 02:53:42', '2025-10-15 02:53:42'),
(462, 5, 2025, 1, 478, 14, '2025-10-15 02:53:42', '2025-10-15 02:53:42'),
(463, 5, 2025, 1, 479, 14, '2025-10-15 02:53:42', '2025-10-15 02:53:42'),
(464, 5, 2025, 1, 480, 14, '2025-10-15 02:53:42', '2025-10-15 02:53:42'),
(465, 5, 2025, 1, 481, 14, '2025-10-15 02:53:42', '2025-10-15 02:53:42'),
(466, 5, 2025, 1, 482, 14, '2025-10-15 02:53:42', '2025-10-15 02:53:42'),
(467, 5, 2025, 1, 483, 14, '2025-10-15 02:53:42', '2025-10-15 02:53:42'),
(468, 5, 2025, 1, 484, 14, '2025-10-15 02:53:42', '2025-10-15 02:53:42'),
(469, 5, 2025, 1, 485, 15, '2025-10-15 02:53:42', '2025-10-15 02:53:42'),
(470, 5, 2025, 1, 486, 15, '2025-10-15 02:53:42', '2025-10-15 02:53:42'),
(471, 5, 2025, 1, 487, 12, '2025-10-15 02:53:42', '2025-10-15 02:53:42'),
(472, 5, 2025, 1, 488, 15, '2025-10-15 02:53:42', '2025-10-15 02:53:42'),
(473, 5, 2025, 1, 489, 15, '2025-10-15 02:53:42', '2025-10-15 02:53:42'),
(474, 5, 2025, 1, 490, 15, '2025-10-15 02:53:42', '2025-10-15 02:53:42'),
(475, 5, 2025, 1, 491, 11, '2025-10-15 02:53:42', '2025-10-15 02:53:42'),
(476, 5, 2025, 1, 492, 15, '2025-10-15 02:53:42', '2025-10-15 02:53:42'),
(477, 5, 2025, 1, 493, 15, '2025-10-15 02:53:42', '2025-10-15 02:53:42'),
(478, 5, 2025, 1, 494, 12, '2025-10-15 02:53:42', '2025-10-15 02:53:42'),
(479, 5, 2025, 1, 495, 15, '2025-10-15 02:53:42', '2025-10-15 02:53:42'),
(480, 5, 2025, 1, 496, 15, '2025-10-15 02:53:42', '2025-10-15 02:53:42'),
(481, 5, 2025, 1, 497, 15, '2025-10-15 02:53:42', '2025-10-15 02:53:42'),
(482, 5, 2025, 1, 498, 15, '2025-10-15 02:53:42', '2025-10-15 02:53:42'),
(483, 5, 2025, 1, 499, 12, '2025-10-15 02:53:42', '2025-10-15 02:53:42'),
(484, 5, 2025, 1, 500, 15, '2025-10-15 02:53:42', '2025-10-15 02:53:42'),
(485, 5, 2025, 1, 501, 15, '2025-10-15 02:53:42', '2025-10-15 02:53:42'),
(486, 5, 2025, 1, 502, 15, '2025-10-15 02:53:42', '2025-10-15 02:53:42'),
(487, 5, 2025, 1, 503, 15, '2025-10-15 02:53:42', '2025-10-15 02:53:42'),
(488, 5, 2025, 1, 504, 15, '2025-10-15 02:53:42', '2025-10-15 02:53:42'),
(489, 5, 2025, 1, 505, 15, '2025-10-15 02:53:42', '2025-10-15 02:53:42'),
(490, 5, 2025, 1, 506, 15, '2025-10-15 02:53:42', '2025-10-15 02:53:42'),
(491, 5, 2025, 1, 507, 15, '2025-10-15 02:53:42', '2025-10-15 02:53:42'),
(492, 5, 2025, 1, 508, 15, '2025-10-15 02:53:42', '2025-10-15 02:53:42'),
(493, 5, 2025, 1, 509, 3, '2025-10-15 02:53:42', '2025-10-15 02:53:42'),
(494, 5, 2025, 1, 511, 10, '2025-10-15 02:53:42', '2025-10-15 02:53:42'),
(495, 5, 2025, 1, 512, 11, '2025-10-15 02:53:42', '2025-10-15 02:53:42'),
(496, 5, 2025, 1, 513, 11, '2025-10-15 02:53:42', '2025-10-15 02:53:42'),
(497, 5, 2025, 1, 514, 11, '2025-10-15 02:53:42', '2025-10-15 02:53:42'),
(498, 5, 2025, 1, 515, 11, '2025-10-15 02:53:42', '2025-10-15 02:53:42'),
(499, 5, 2025, 1, 516, 11, '2025-10-15 02:53:42', '2025-10-15 02:53:42'),
(500, 5, 2025, 1, 517, 11, '2025-10-15 02:53:42', '2025-10-15 02:53:42'),
(501, 5, 2025, 1, 518, 12, '2025-10-15 02:53:42', '2025-10-15 02:53:42'),
(502, 5, 2025, 1, 520, 15, '2025-10-15 02:53:42', '2025-10-15 02:53:42'),
(503, 5, 2025, 1, 521, 12, '2025-10-15 02:53:42', '2025-10-15 02:53:42'),
(504, 5, 2025, 1, 522, 12, '2025-10-15 02:53:42', '2025-10-15 02:53:42'),
(505, 5, 2025, 1, 523, 15, '2025-10-15 02:53:42', '2025-10-15 02:53:42'),
(506, 5, 2025, 1, 525, 13, '2025-10-15 02:53:42', '2025-10-15 02:53:42'),
(507, 5, 2025, 1, 526, 15, '2025-10-15 02:53:42', '2025-10-15 02:53:42'),
(508, 5, 2025, 1, 527, 15, '2025-10-15 02:53:42', '2025-10-15 02:53:42'),
(509, 5, 2025, 1, 528, 12, '2025-10-15 02:53:42', '2025-10-15 02:53:42'),
(510, 5, 2025, 1, 530, 10, '2025-10-15 02:53:42', '2025-10-15 02:53:42'),
(511, 5, 2025, 1, 531, 15, '2025-10-15 02:53:42', '2025-10-15 02:53:42'),
(512, 5, 2025, 1, 532, 7, '2025-10-15 02:53:42', '2025-10-15 02:53:42'),
(513, 5, 2025, 1, 533, 13, '2025-10-15 02:53:42', '2025-10-15 02:53:42'),
(514, 5, 2025, 1, 534, 14, '2025-10-15 02:53:42', '2025-10-15 02:53:42'),
(515, 5, 2025, 1, 535, 7, '2025-10-15 02:53:42', '2025-10-15 02:53:42'),
(516, 5, 2025, 1, 537, 13, '2025-10-15 02:53:42', '2025-10-15 02:53:42'),
(517, 5, 2025, 1, 538, 3, '2025-10-15 02:53:42', '2025-10-15 02:53:42'),
(518, 5, 2025, 1, 539, 3, '2025-10-15 02:53:42', '2025-10-15 02:53:42'),
(519, 5, 2025, 1, 540, 6, '2025-10-15 02:53:42', '2025-10-15 02:53:42'),
(520, 5, 2025, 1, 541, 7, '2025-10-15 02:53:42', '2025-10-15 02:53:42'),
(521, 5, 2025, 1, 542, 8, '2025-10-15 02:53:42', '2025-10-15 02:53:42'),
(522, 5, 2025, 1, 543, 10, '2025-10-15 02:53:42', '2025-10-15 02:53:42'),
(523, 5, 2025, 1, 545, 15, '2025-10-15 02:53:42', '2025-10-15 02:53:42'),
(524, 5, 2025, 1, 546, 15, '2025-10-15 02:53:42', '2025-10-15 02:53:42'),
(525, 5, 2025, 1, 547, 15, '2025-10-15 02:53:42', '2025-10-15 02:53:42'),
(526, 5, 2025, 1, 549, 15, '2025-10-15 02:53:42', '2025-10-15 02:53:42'),
(527, 5, 2025, 1, 550, 15, '2025-10-15 02:53:42', '2025-10-15 02:53:42'),
(528, 5, 2025, 1, 551, 1, '2025-10-15 02:53:42', '2025-10-15 02:53:42'),
(529, 5, 2025, 1, 552, 3, '2025-10-15 02:53:42', '2025-10-15 02:53:42'),
(530, 5, 2025, 1, 553, 3, '2025-10-15 02:53:42', '2025-10-15 02:53:42'),
(531, 5, 2025, 1, 554, 4, '2025-10-15 02:53:42', '2025-10-15 02:53:42'),
(532, 5, 2025, 1, 555, 7, '2025-10-15 02:53:42', '2025-10-15 02:53:42'),
(533, 5, 2025, 1, 556, 10, '2025-10-15 02:53:42', '2025-10-15 02:53:42'),
(534, 5, 2025, 1, 557, 15, '2025-10-15 02:53:42', '2025-10-15 02:53:42'),
(535, 5, 2025, 1, 558, 1, '2025-10-15 15:11:09', '2025-10-15 15:11:09'),
(536, 5, 2025, 1, 561, 1, '2025-10-15 15:44:09', '2025-10-15 15:44:09'),
(538, 5, 2025, 1, 563, 1, '2025-10-15 16:02:16', '2025-10-15 17:25:51'),
(539, 5, 2025, 1, 564, 1, '2025-10-15 16:31:32', '2025-10-15 16:31:32'),
(540, 5, 2025, 1, 563, 2, '2025-10-17 19:27:42', '2025-10-17 19:27:42'),
(541, 5, 2025, 1, 564, 2, '2025-10-17 19:31:02', '2025-10-17 19:31:02'),
(542, 5, 2025, 1, 558, 2, '2025-10-17 19:31:02', '2025-10-17 19:31:02'),
(543, 5, 2025, 1, 561, 2, '2025-10-17 19:31:02', '2025-10-17 19:31:02'),
(544, 6, 2025, 1, 562, 16, '2025-10-20 22:18:38', '2025-10-20 22:18:38'),
(545, 6, 2025, 1, 563, 16, '2025-10-20 22:18:45', '2025-10-20 22:18:45'),
(546, 6, 2025, 1, 561, 16, '2025-10-20 22:18:49', '2025-10-20 22:18:49');

-- --------------------------------------------------------

--
-- Estrutura da tabela `syrios_escola`
--

DROP TABLE IF EXISTS `syrios_escola`;
CREATE TABLE IF NOT EXISTS `syrios_escola` (
  `id` bigint(20) UNSIGNED NOT NULL AUTO_INCREMENT,
  `inep` varchar(20) DEFAULT NULL,
  `cnpj` varchar(20) DEFAULT NULL,
  `nome_e` varchar(150) NOT NULL,
  `frase_efeito` varchar(255) DEFAULT NULL,
  `logo_path` varchar(255) DEFAULT NULL,
  `cidade` varchar(100) DEFAULT NULL,
  `estado` varchar(100) DEFAULT NULL,
  `endereco` varchar(255) DEFAULT NULL,
  `telefone` varchar(20) DEFAULT NULL,
  `secretaria_id` bigint(20) UNSIGNED DEFAULT NULL,
  `is_master` tinyint(1) NOT NULL DEFAULT 0,
  `created_at` timestamp NULL DEFAULT NULL,
  `updated_at` timestamp NULL DEFAULT NULL,
  PRIMARY KEY (`id`),
  UNIQUE KEY `syrios_escola_inep_unique` (`inep`),
  UNIQUE KEY `syrios_escola_cnpj_unique` (`cnpj`),
  KEY `syrios_escola_secretaria_id_foreign` (`secretaria_id`)
) ENGINE=InnoDB AUTO_INCREMENT=7 DEFAULT CHARSET=utf8mb4 COLLATE=utf8mb4_unicode_ci;

--
-- Extraindo dados da tabela `syrios_escola`
--

INSERT INTO `syrios_escola` (`id`, `inep`, `cnpj`, `nome_e`, `frase_efeito`, `logo_path`, `cidade`, `estado`, `endereco`, `telefone`, `secretaria_id`, `is_master`, `created_at`, `updated_at`) VALUES
(1, '00000001', NULL, 'Secretaria do Administrador Master', 'Trasnparência e Objetividade', 'logos/syrios.png', 'Capital', 'CE', NULL, NULL, NULL, 1, '2025-10-13 06:03:10', '2025-10-13 06:03:10'),
(4, NULL, NULL, 'SEDUC - SECRETARIA DA EDUCAÇÃO', NULL, NULL, NULL, NULL, NULL, NULL, NULL, 0, '2025-10-15 03:07:19', '2025-10-15 03:07:19'),
(5, NULL, NULL, 'EEMTI Dep. Ubiratan Diniz de Aguiar', 'Construindo Conhecimentos, Fortalecendo Valores', 'logos/ubiratan.png', NULL, NULL, NULL, NULL, 4, 0, '2025-10-15 03:08:30', '2025-10-15 03:08:30'),
(6, NULL, NULL, 'EEFTI Fernando Cavalcante Mota', 'Frase de Efeito Fernando Mota', 'logos/fmota.png', NULL, NULL, NULL, NULL, 4, 0, '2025-10-15 15:35:40', '2025-10-15 15:36:39');

-- --------------------------------------------------------

--
-- Estrutura da tabela `syrios_modelo_motivo`
--

DROP TABLE IF EXISTS `syrios_modelo_motivo`;
CREATE TABLE IF NOT EXISTS `syrios_modelo_motivo` (
  `id` bigint(20) UNSIGNED NOT NULL AUTO_INCREMENT,
  `school_id` bigint(20) UNSIGNED NOT NULL,
  `descricao` varchar(255) NOT NULL,
  `categoria` varchar(100) DEFAULT NULL,
  `created_at` timestamp NULL DEFAULT NULL,
  `updated_at` timestamp NULL DEFAULT NULL,
  PRIMARY KEY (`id`),
  KEY `fk_modelomotivo_escola` (`school_id`)
) ENGINE=InnoDB AUTO_INCREMENT=9 DEFAULT CHARSET=utf8mb4 COLLATE=utf8mb4_unicode_ci;

--
-- Extraindo dados da tabela `syrios_modelo_motivo`
--

INSERT INTO `syrios_modelo_motivo` (`id`, `school_id`, `descricao`, `categoria`, `created_at`, `updated_at`) VALUES
(1, 5, 'Uso de celular em sala', 'Comportamento', '2025-10-20 10:40:32', '2025-10-20 10:40:32'),
(2, 5, 'Desrespeito ao professor', 'Disciplina', '2025-10-20 10:40:32', '2025-10-20 10:40:32'),
(3, 5, 'Atraso frequente', 'Pontualidade', '2025-10-20 10:40:32', '2025-10-20 10:40:32'),
(4, 5, 'Conversas paralelas durante a exposição do conteúdo', 'Comportamento', '2025-10-20 10:40:32', '2025-10-22 10:36:56'),
(5, 5, 'Agressão verbal ou física', 'Grave', '2025-10-20 10:40:32', '2025-10-20 10:40:32'),
(6, 5, 'Fuga do ambiente escolar', 'Grave', '2025-10-20 10:40:32', '2025-10-20 10:40:32'),
(7, 5, 'Brincadeiras durante a exposição do conteúdo', 'Comportamento', '2025-10-22 10:37:42', '2025-10-22 10:37:42');

-- --------------------------------------------------------

--
-- Estrutura da tabela `syrios_notificacao`
--

DROP TABLE IF EXISTS `syrios_notificacao`;
CREATE TABLE IF NOT EXISTS `syrios_notificacao` (
  `id` bigint(20) UNSIGNED NOT NULL AUTO_INCREMENT,
  `usuario_id` bigint(20) UNSIGNED NOT NULL,
  `reg_id` varchar(200) NOT NULL,
  `school_id` bigint(20) UNSIGNED NOT NULL,
  `created_at` timestamp NULL DEFAULT NULL,
  `updated_at` timestamp NULL DEFAULT NULL,
  PRIMARY KEY (`id`),
  KEY `syrios_notificacao_usuario_id_foreign` (`usuario_id`),
  KEY `syrios_notificacao_school_id_foreign` (`school_id`)
) ENGINE=InnoDB DEFAULT CHARSET=utf8mb4 COLLATE=utf8mb4_unicode_ci;

-- --------------------------------------------------------

--
-- Estrutura da tabela `syrios_ocorrencia`
--

DROP TABLE IF EXISTS `syrios_ocorrencia`;
CREATE TABLE IF NOT EXISTS `syrios_ocorrencia` (
  `id` bigint(20) UNSIGNED NOT NULL AUTO_INCREMENT,
  `school_id` bigint(20) UNSIGNED NOT NULL,
  `ano_letivo` int(11) NOT NULL DEFAULT 2025,
  `vigente` tinyint(1) NOT NULL DEFAULT 1,
  `aluno_id` bigint(20) UNSIGNED NOT NULL,
  `professor_id` bigint(20) UNSIGNED NOT NULL,
  `oferta_id` bigint(20) UNSIGNED DEFAULT NULL,
  `descricao` text DEFAULT NULL,
  `local` varchar(100) DEFAULT NULL,
  `atitude` varchar(100) DEFAULT NULL,
  `outra_atitude` varchar(150) DEFAULT NULL,
  `comportamento` varchar(100) DEFAULT NULL,
  `sugestao` text DEFAULT NULL,
  `status` tinyint(4) NOT NULL DEFAULT 1,
  `nivel_gravidade` tinyint(4) NOT NULL DEFAULT 1,
  `sync` tinyint(4) NOT NULL DEFAULT 1,
  `recebido_em` timestamp NULL DEFAULT NULL,
  `encaminhamentos` text DEFAULT NULL,
  `created_at` timestamp NULL DEFAULT NULL,
  `updated_at` timestamp NULL DEFAULT NULL,
  PRIMARY KEY (`id`),
  KEY `syrios_ocorrencia_school_id_aluno_id_index` (`school_id`,`aluno_id`),
  KEY `syrios_ocorrencia_professor_id_oferta_id_index` (`professor_id`,`oferta_id`),
  KEY `fk_ocorrencia_aluno` (`aluno_id`),
  KEY `fk_ocorrencia_oferta` (`oferta_id`)
) ENGINE=InnoDB AUTO_INCREMENT=81 DEFAULT CHARSET=utf8mb4 COLLATE=utf8mb4_unicode_ci;

--
-- Extraindo dados da tabela `syrios_ocorrencia`
--

INSERT INTO `syrios_ocorrencia` (`id`, `school_id`, `ano_letivo`, `vigente`, `aluno_id`, `professor_id`, `oferta_id`, `descricao`, `local`, `atitude`, `outra_atitude`, `comportamento`, `sugestao`, `status`, `nivel_gravidade`, `sync`, `recebido_em`, `encaminhamentos`, `created_at`, `updated_at`) VALUES
(1, 5, 2025, 1, 397, 1, 28, NULL, 'Sala de aula', 'Advertência', NULL, '1ª vez', NULL, 1, 1, 1, NULL, NULL, '2025-10-20 10:42:48', '2025-10-20 10:42:48'),
(2, 5, 2025, 1, 485, 1, 28, NULL, 'Sala de aula', 'Advertência', NULL, '1ª vez', NULL, 1, 1, 1, NULL, NULL, '2025-10-20 10:42:48', '2025-10-20 10:42:48'),
(3, 5, 2025, 1, 397, 1, 28, NULL, 'Sala de aula', 'Advertência', NULL, '1ª vez', NULL, 1, 1, 1, NULL, NULL, '2025-10-20 14:29:04', '2025-10-20 14:29:04'),
(4, 5, 2025, 1, 485, 1, 28, NULL, 'Sala de aula', 'Advertência', NULL, '1ª vez', NULL, 1, 1, 1, NULL, NULL, '2025-10-20 14:29:04', '2025-10-20 14:29:04'),
(5, 5, 2025, 1, 486, 1, 28, NULL, 'Sala de aula', 'Advertência', NULL, '1ª vez', NULL, 1, 1, 1, NULL, NULL, '2025-10-20 14:29:04', '2025-10-20 14:29:04'),
(15, 5, 2025, 1, 8, 1, 15, 'sou diretor dessa turma?', 'Sala de aula', 'Advertência', NULL, '1ª vez', NULL, 1, 1, 1, NULL, NULL, '2025-10-21 13:54:44', '2025-10-21 13:54:44'),
(16, 5, 2025, 1, 9, 1, 15, 'sou diretor dessa turma?', 'Sala de aula', 'Advertência', NULL, '1ª vez', NULL, 0, 1, 1, '2025-10-22 23:04:00', NULL, '2025-10-21 13:54:44', '2025-10-22 23:04:00'),
(17, 5, 2025, 1, 10, 1, 15, 'sou diretor dessa turma?', 'Sala de aula', 'Advertência', NULL, '1ª vez', NULL, 1, 1, 1, NULL, NULL, '2025-10-21 13:54:44', '2025-10-21 13:54:44'),
(18, 5, 2025, 1, 563, 1, 15, 'sou diretor dessa turma? sim sou eu', 'Sala de aula', 'Advertência', 'mandei pra casa', '1ª vez', 'expulsar', 0, 1, 1, '2025-10-21 14:29:30', 'Sou o diretor nessa turma e arquivei minha propria ocorrencia', '2025-10-21 13:54:44', '2025-10-21 14:29:30'),
(19, 5, 2025, 1, 563, 26, 182, 'Ocorrencia da joana editada', 'Sala de aula', 'Advertência', NULL, '1ª vez', NULL, 0, 1, 1, '2025-10-22 22:25:21', 'o aluno foi suspeso', '2025-10-21 14:54:40', '2025-10-22 22:25:21'),
(20, 5, 2025, 1, 449, 1, 27, 'não sou diretor dessa turma', 'Sala de aula', 'Advertência', NULL, '1ª vez', NULL, 1, 1, 1, NULL, NULL, '2025-10-21 15:04:56', '2025-10-21 15:04:56'),
(21, 5, 2025, 1, 449, 26, 193, 'ocorrencia da joana', 'Sala de aula', 'Advertência', NULL, '1ª vez', NULL, 1, 1, 1, NULL, NULL, '2025-10-21 15:05:52', '2025-10-21 15:05:52'),
(22, 5, 2025, 1, 485, 1, 28, NULL, 'Sala de aula', 'Advertência', NULL, '1ª vez', NULL, 1, 1, 1, NULL, NULL, '2025-10-21 21:36:09', '2025-10-21 21:36:09'),
(23, 5, 2025, 1, 396, 26, 195, NULL, 'Sala de aula', 'Advertência', NULL, '1ª vez', NULL, 1, 1, 1, NULL, NULL, '2025-10-22 15:41:09', '2025-10-22 15:41:09'),
(24, 5, 2025, 1, 398, 26, 195, NULL, 'Sala de aula', 'Advertência', NULL, '1ª vez', NULL, 1, 1, 1, NULL, NULL, '2025-10-22 15:41:09', '2025-10-22 15:41:09'),
(25, 5, 2025, 1, 43, 26, 194, 'todos se comportaram mal', 'Sala de aula', 'Advertência', NULL, '1ª vez', NULL, 1, 1, 1, NULL, NULL, '2025-10-22 22:58:51', '2025-10-22 22:58:51'),
(30, 5, 2025, 1, 49, 26, 194, 'todos se comportaram mal', 'Sala de aula', 'Advertência', NULL, '1ª vez', NULL, 1, 1, 1, NULL, NULL, '2025-10-22 22:58:51', '2025-10-22 22:58:51'),
(31, 5, 2025, 1, 50, 26, 194, 'todos se comportaram mal', 'Sala de aula', 'Advertência', NULL, '1ª vez', NULL, 1, 1, 1, NULL, NULL, '2025-10-22 22:58:51', '2025-10-22 22:58:51'),
(33, 5, 2025, 1, 53, 26, 194, 'todos se comportaram mal', 'Sala de aula', 'Advertência', NULL, '1ª vez', NULL, 1, 1, 1, NULL, NULL, '2025-10-22 22:58:51', '2025-10-22 22:58:51'),
(34, 5, 2025, 1, 54, 26, 194, 'todos se comportaram mal', 'Sala de aula', 'Advertência', NULL, '1ª vez', NULL, 1, 1, 1, NULL, NULL, '2025-10-22 22:58:51', '2025-10-22 22:58:51'),
(36, 5, 2025, 1, 56, 26, 194, 'todos se comportaram mal', 'Sala de aula', 'Advertência', NULL, '1ª vez', NULL, 1, 1, 1, NULL, NULL, '2025-10-22 22:58:51', '2025-10-22 22:58:51'),
(37, 5, 2025, 1, 57, 26, 194, 'todos se comportaram mal', 'Sala de aula', 'Advertência', NULL, '1ª vez', NULL, 1, 1, 1, NULL, NULL, '2025-10-22 22:58:51', '2025-10-22 22:58:51'),
(39, 5, 2025, 1, 59, 26, 194, 'todos se comportaram mal', 'Sala de aula', 'Advertência', NULL, '1ª vez', NULL, 1, 1, 1, NULL, NULL, '2025-10-22 22:58:51', '2025-10-22 22:58:51'),
(40, 5, 2025, 1, 60, 26, 194, 'todos se comportaram mal', 'Sala de aula', 'Advertência', NULL, '1ª vez', NULL, 1, 1, 1, NULL, NULL, '2025-10-22 22:58:51', '2025-10-22 22:58:51'),
(41, 5, 2025, 1, 61, 26, 194, 'todos se comportaram mal', 'Sala de aula', 'Advertência', NULL, '1ª vez', NULL, 1, 1, 1, NULL, NULL, '2025-10-22 22:58:51', '2025-10-22 22:58:51'),
(42, 5, 2025, 1, 62, 26, 194, 'todos se comportaram mal', 'Sala de aula', 'Advertência', NULL, '1ª vez', NULL, 1, 1, 1, NULL, NULL, '2025-10-22 22:58:51', '2025-10-22 22:58:51'),
(43, 5, 2025, 1, 63, 26, 194, 'todos se comportaram mal', 'Sala de aula', 'Advertência', NULL, '1ª vez', NULL, 1, 1, 1, NULL, NULL, '2025-10-22 22:58:51', '2025-10-22 22:58:51'),
(44, 5, 2025, 1, 64, 26, 194, 'todos se comportaram mal', 'Sala de aula', 'Advertência', NULL, '1ª vez', NULL, 1, 1, 1, NULL, NULL, '2025-10-22 22:58:51', '2025-10-22 22:58:51'),
(45, 5, 2025, 1, 65, 26, 194, 'todos se comportaram mal', 'Sala de aula', 'Advertência', NULL, '1ª vez', NULL, 1, 1, 1, NULL, NULL, '2025-10-22 22:58:51', '2025-10-22 22:58:51'),
(46, 5, 2025, 1, 66, 26, 194, 'todos se comportaram mal', 'Sala de aula', 'Advertência', NULL, '1ª vez', NULL, 1, 1, 1, NULL, NULL, '2025-10-22 22:58:51', '2025-10-22 22:58:51'),
(47, 5, 2025, 1, 67, 26, 194, 'todos se comportaram mal', 'Sala de aula', 'Advertência', NULL, '1ª vez', NULL, 1, 1, 1, NULL, NULL, '2025-10-22 22:58:51', '2025-10-22 22:58:51'),
(48, 5, 2025, 1, 68, 26, 194, 'todos se comportaram mal', 'Sala de aula', 'Advertência', NULL, '1ª vez', NULL, 1, 1, 1, NULL, NULL, '2025-10-22 22:58:51', '2025-10-22 22:58:51'),
(49, 5, 2025, 1, 69, 26, 194, 'todos se comportaram mal', 'Sala de aula', 'Advertência', NULL, '1ª vez', NULL, 1, 1, 1, NULL, NULL, '2025-10-22 22:58:51', '2025-10-22 22:58:51'),
(50, 5, 2025, 1, 70, 26, 194, 'todos se comportaram mal', 'Sala de aula', 'Advertência', NULL, '1ª vez', NULL, 1, 1, 1, NULL, NULL, '2025-10-22 22:58:51', '2025-10-22 22:58:51'),
(51, 5, 2025, 1, 71, 26, 194, 'todos se comportaram mal', 'Sala de aula', 'Advertência', NULL, '1ª vez', NULL, 1, 1, 1, NULL, NULL, '2025-10-22 22:58:51', '2025-10-22 22:58:51'),
(52, 5, 2025, 1, 72, 26, 194, 'todos se comportaram mal', 'Sala de aula', 'Advertência', NULL, '1ª vez', NULL, 1, 1, 1, NULL, NULL, '2025-10-22 22:58:51', '2025-10-22 22:58:51'),
(53, 5, 2025, 1, 73, 26, 194, 'todos se comportaram mal', 'Sala de aula', 'Advertência', NULL, '1ª vez', NULL, 1, 1, 1, NULL, NULL, '2025-10-22 22:58:51', '2025-10-22 22:58:51'),
(54, 5, 2025, 1, 75, 26, 194, 'todos se comportaram mal', 'Sala de aula', 'Advertência', NULL, '1ª vez', NULL, 1, 1, 1, NULL, NULL, '2025-10-22 22:58:51', '2025-10-22 22:58:51'),
(55, 5, 2025, 1, 76, 26, 194, 'todos se comportaram mal', 'Sala de aula', 'Advertência', NULL, '1ª vez', NULL, 1, 1, 1, NULL, NULL, '2025-10-22 22:58:51', '2025-10-22 22:58:51'),
(56, 5, 2025, 1, 77, 26, 194, 'todos se comportaram mal', 'Sala de aula', 'Advertência', NULL, '1ª vez', NULL, 1, 1, 1, NULL, NULL, '2025-10-22 22:58:51', '2025-10-22 22:58:51'),
(57, 5, 2025, 1, 78, 26, 194, 'todos se comportaram mal', 'Sala de aula', 'Advertência', NULL, '1ª vez', NULL, 1, 1, 1, NULL, NULL, '2025-10-22 22:58:51', '2025-10-22 22:58:51'),
(58, 5, 2025, 1, 79, 26, 194, 'todos se comportaram mal', 'Sala de aula', 'Advertência', NULL, '1ª vez', NULL, 1, 1, 1, NULL, NULL, '2025-10-22 22:58:51', '2025-10-22 22:58:51'),
(59, 5, 2025, 1, 80, 26, 194, 'todos se comportaram mal', 'Sala de aula', 'Advertência', NULL, '1ª vez', NULL, 1, 1, 1, NULL, NULL, '2025-10-22 22:58:51', '2025-10-22 22:58:51'),
(60, 5, 2025, 1, 81, 26, 194, 'todos se comportaram mal', 'Sala de aula', 'Advertência', NULL, '1ª vez', NULL, 1, 1, 1, NULL, NULL, '2025-10-22 22:58:51', '2025-10-22 22:58:51'),
(61, 5, 2025, 1, 82, 26, 194, 'todos se comportaram mal', 'Sala de aula', 'Advertência', NULL, '1ª vez', NULL, 1, 1, 1, NULL, NULL, '2025-10-22 22:58:51', '2025-10-22 22:58:51'),
(62, 5, 2025, 1, 83, 26, 194, 'todos se comportaram mal', 'Sala de aula', 'Advertência', NULL, '1ª vez', NULL, 1, 1, 1, NULL, NULL, '2025-10-22 22:58:51', '2025-10-22 22:58:51'),
(63, 5, 2025, 1, 84, 26, 194, 'todos se comportaram mal', 'Sala de aula', 'Advertência', NULL, '1ª vez', NULL, 1, 1, 1, NULL, NULL, '2025-10-22 22:58:51', '2025-10-22 22:58:51'),
(64, 5, 2025, 1, 85, 26, 194, 'todos se comportaram mal', 'Sala de aula', 'Advertência', NULL, '1ª vez', NULL, 1, 1, 1, NULL, NULL, '2025-10-22 22:58:51', '2025-10-22 22:58:51'),
(65, 5, 2025, 1, 86, 26, 194, 'todos se comportaram mal', 'Sala de aula', 'Advertência', NULL, '1ª vez', NULL, 1, 1, 1, NULL, NULL, '2025-10-22 22:58:51', '2025-10-22 22:58:51'),
(66, 5, 2025, 1, 87, 26, 194, 'todos se comportaram mal', 'Sala de aula', 'Advertência', NULL, '1ª vez', NULL, 1, 1, 1, NULL, NULL, '2025-10-22 22:58:51', '2025-10-22 22:58:51'),
(67, 5, 2025, 1, 88, 26, 194, 'todos se comportaram mal', 'Sala de aula', 'Advertência', NULL, '1ª vez', NULL, 1, 1, 1, NULL, NULL, '2025-10-22 22:58:51', '2025-10-22 22:58:51'),
(68, 5, 2025, 1, 558, 26, 194, 'todos se comportaram mal', 'Sala de aula', 'Advertência', NULL, '1ª vez', NULL, 1, 1, 1, NULL, NULL, '2025-10-22 22:58:51', '2025-10-22 22:58:51'),
(69, 5, 2025, 1, 561, 26, 194, 'todos se comportaram mal', 'Sala de aula', 'Advertência', NULL, '1ª vez', NULL, 1, 1, 1, NULL, NULL, '2025-10-22 22:58:51', '2025-10-22 22:58:51'),
(70, 5, 2025, 1, 563, 26, 194, 'todos se comportaram mal', 'Sala de aula', 'Advertência', NULL, '1ª vez', NULL, 1, 1, 1, NULL, NULL, '2025-10-22 22:58:51', '2025-10-22 22:58:51'),
(71, 5, 2025, 1, 564, 26, 194, 'todos se comportaram mal', 'Sala de aula', 'Advertência', NULL, '1ª vez', NULL, 1, 1, 1, NULL, NULL, '2025-10-22 22:58:51', '2025-10-22 22:58:51'),
(72, 5, 2025, 1, 8, 26, 182, 'vamos meter ocorrencia nesses alunos', 'Sala de aula', 'Advertência', NULL, '1ª vez', NULL, 0, 1, 1, '2025-10-22 23:04:18', NULL, '2025-10-22 23:02:23', '2025-10-22 23:04:18'),
(73, 5, 2025, 1, 9, 26, 182, 'vamos meter ocorrencia nesses alunos', 'Sala de aula', 'Advertência', NULL, '1ª vez', NULL, 0, 1, 1, '2025-10-22 23:03:47', NULL, '2025-10-22 23:02:23', '2025-10-22 23:03:47'),
(76, 5, 2025, 1, 12, 26, 182, 'vamos meter ocorrencia nesses alunos', 'Sala de aula', 'Advertência', NULL, '1ª vez', NULL, 1, 1, 1, NULL, NULL, '2025-10-22 23:02:23', '2025-10-22 23:02:23'),
(77, 5, 2025, 1, 563, 26, 182, 'vamos meter ocorrencia nesses alunos', 'Sala de aula', 'Advertência', NULL, '1ª vez', NULL, 0, 1, 1, '2025-10-22 23:03:36', NULL, '2025-10-22 23:02:23', '2025-10-22 23:03:36'),
(78, 5, 2025, 1, 564, 26, 182, 'vamos meter ocorrencia nesses alunos', 'Sala de aula', 'Advertência', NULL, '1ª vez', NULL, 1, 1, 1, NULL, NULL, '2025-10-22 23:02:23', '2025-10-22 23:02:23'),
(79, 5, 2025, 1, 396, 26, 195, 'mais duas', 'Sala de aula', 'Advertência', NULL, '1ª vez', NULL, 1, 1, 1, NULL, NULL, '2025-10-22 23:09:50', '2025-10-22 23:09:50'),
(80, 5, 2025, 1, 398, 26, 195, 'mais duas', 'Sala de aula', 'Advertência', NULL, '1ª vez', NULL, 1, 1, 1, NULL, NULL, '2025-10-22 23:09:50', '2025-10-22 23:09:50');

-- --------------------------------------------------------

--
-- Estrutura da tabela `syrios_ocorrencia_motivo`
--

DROP TABLE IF EXISTS `syrios_ocorrencia_motivo`;
CREATE TABLE IF NOT EXISTS `syrios_ocorrencia_motivo` (
  `id` bigint(20) UNSIGNED NOT NULL AUTO_INCREMENT,
  `ocorrencia_id` bigint(20) UNSIGNED NOT NULL,
  `modelo_motivo_id` bigint(20) UNSIGNED NOT NULL,
  `created_at` timestamp NULL DEFAULT NULL,
  `updated_at` timestamp NULL DEFAULT NULL,
  PRIMARY KEY (`id`),
  KEY `fk_ocmotivo_ocorrencia` (`ocorrencia_id`),
  KEY `fk_ocmotivo_modelo` (`modelo_motivo_id`)
) ENGINE=InnoDB AUTO_INCREMENT=116 DEFAULT CHARSET=utf8mb4 COLLATE=utf8mb4_unicode_ci;

--
-- Extraindo dados da tabela `syrios_ocorrencia_motivo`
--

INSERT INTO `syrios_ocorrencia_motivo` (`id`, `ocorrencia_id`, `modelo_motivo_id`, `created_at`, `updated_at`) VALUES
(1, 1, 1, '2025-10-20 10:42:48', '2025-10-20 10:42:48'),
(2, 1, 4, '2025-10-20 10:42:48', '2025-10-20 10:42:48'),
(3, 1, 2, '2025-10-20 10:42:48', '2025-10-20 10:42:48'),
(4, 1, 5, '2025-10-20 10:42:48', '2025-10-20 10:42:48'),
(5, 1, 6, '2025-10-20 10:42:48', '2025-10-20 10:42:48'),
(6, 1, 3, '2025-10-20 10:42:48', '2025-10-20 10:42:48'),
(7, 2, 1, '2025-10-20 10:42:48', '2025-10-20 10:42:48'),
(8, 2, 4, '2025-10-20 10:42:48', '2025-10-20 10:42:48'),
(9, 2, 2, '2025-10-20 10:42:48', '2025-10-20 10:42:48'),
(10, 2, 5, '2025-10-20 10:42:48', '2025-10-20 10:42:48'),
(11, 2, 6, '2025-10-20 10:42:48', '2025-10-20 10:42:48'),
(12, 2, 3, '2025-10-20 10:42:48', '2025-10-20 10:42:48'),
(13, 3, 1, '2025-10-20 14:29:04', '2025-10-20 14:29:04'),
(14, 4, 1, '2025-10-20 14:29:04', '2025-10-20 14:29:04'),
(15, 5, 1, '2025-10-20 14:29:04', '2025-10-20 14:29:04'),
(18, 15, 1, '2025-10-21 13:54:44', '2025-10-21 13:54:44'),
(19, 15, 4, '2025-10-21 13:54:44', '2025-10-21 13:54:44'),
(20, 15, 3, '2025-10-21 13:54:44', '2025-10-21 13:54:44'),
(21, 16, 1, '2025-10-21 13:54:44', '2025-10-21 13:54:44'),
(22, 16, 4, '2025-10-21 13:54:44', '2025-10-21 13:54:44'),
(23, 16, 3, '2025-10-21 13:54:44', '2025-10-21 13:54:44'),
(24, 17, 1, '2025-10-21 13:54:44', '2025-10-21 13:54:44'),
(25, 17, 4, '2025-10-21 13:54:44', '2025-10-21 13:54:44'),
(26, 17, 3, '2025-10-21 13:54:44', '2025-10-21 13:54:44'),
(27, 18, 1, '2025-10-21 13:54:44', '2025-10-21 13:54:44'),
(28, 18, 4, '2025-10-21 13:54:44', '2025-10-21 13:54:44'),
(29, 18, 3, '2025-10-21 13:54:44', '2025-10-21 13:54:44'),
(30, 18, 2, '2025-10-21 14:28:52', '2025-10-21 14:28:52'),
(31, 18, 5, '2025-10-21 14:28:52', '2025-10-21 14:28:52'),
(32, 18, 6, '2025-10-21 14:28:52', '2025-10-21 14:28:52'),
(33, 19, 1, '2025-10-21 14:55:02', '2025-10-21 14:55:02'),
(34, 22, 2, '2025-10-21 21:36:09', '2025-10-21 21:36:09'),
(35, 22, 5, '2025-10-21 21:36:09', '2025-10-21 21:36:09'),
(36, 22, 6, '2025-10-21 21:36:09', '2025-10-21 21:36:09'),
(37, 23, 1, '2025-10-22 15:41:09', '2025-10-22 15:41:09'),
(38, 23, 4, '2025-10-22 15:41:09', '2025-10-22 15:41:09'),
(39, 23, 7, '2025-10-22 15:41:09', '2025-10-22 15:41:09'),
(40, 23, 2, '2025-10-22 15:41:09', '2025-10-22 15:41:09'),
(41, 23, 5, '2025-10-22 15:41:09', '2025-10-22 15:41:09'),
(42, 23, 6, '2025-10-22 15:41:09', '2025-10-22 15:41:09'),
(43, 23, 3, '2025-10-22 15:41:09', '2025-10-22 15:41:09'),
(44, 24, 1, '2025-10-22 15:41:09', '2025-10-22 15:41:09'),
(45, 24, 4, '2025-10-22 15:41:09', '2025-10-22 15:41:09'),
(46, 24, 7, '2025-10-22 15:41:09', '2025-10-22 15:41:09'),
(47, 24, 2, '2025-10-22 15:41:09', '2025-10-22 15:41:09'),
(48, 24, 5, '2025-10-22 15:41:09', '2025-10-22 15:41:09'),
(49, 24, 6, '2025-10-22 15:41:09', '2025-10-22 15:41:09'),
(50, 24, 3, '2025-10-22 15:41:09', '2025-10-22 15:41:09'),
(51, 25, 1, '2025-10-22 22:58:51', '2025-10-22 22:58:51'),
(56, 30, 1, '2025-10-22 22:58:51', '2025-10-22 22:58:51'),
(57, 31, 1, '2025-10-22 22:58:51', '2025-10-22 22:58:51'),
(59, 33, 1, '2025-10-22 22:58:51', '2025-10-22 22:58:51'),
(60, 34, 1, '2025-10-22 22:58:51', '2025-10-22 22:58:51'),
(62, 36, 1, '2025-10-22 22:58:51', '2025-10-22 22:58:51'),
(63, 37, 1, '2025-10-22 22:58:51', '2025-10-22 22:58:51'),
(65, 39, 1, '2025-10-22 22:58:51', '2025-10-22 22:58:51'),
(66, 40, 1, '2025-10-22 22:58:51', '2025-10-22 22:58:51'),
(67, 41, 1, '2025-10-22 22:58:51', '2025-10-22 22:58:51'),
(68, 42, 1, '2025-10-22 22:58:51', '2025-10-22 22:58:51'),
(69, 43, 1, '2025-10-22 22:58:51', '2025-10-22 22:58:51'),
(70, 44, 1, '2025-10-22 22:58:51', '2025-10-22 22:58:51'),
(71, 45, 1, '2025-10-22 22:58:51', '2025-10-22 22:58:51'),
(72, 46, 1, '2025-10-22 22:58:51', '2025-10-22 22:58:51'),
(73, 47, 1, '2025-10-22 22:58:51', '2025-10-22 22:58:51'),
(74, 48, 1, '2025-10-22 22:58:51', '2025-10-22 22:58:51'),
(75, 49, 1, '2025-10-22 22:58:51', '2025-10-22 22:58:51'),
(76, 50, 1, '2025-10-22 22:58:51', '2025-10-22 22:58:51'),
(77, 51, 1, '2025-10-22 22:58:51', '2025-10-22 22:58:51'),
(78, 52, 1, '2025-10-22 22:58:51', '2025-10-22 22:58:51'),
(79, 53, 1, '2025-10-22 22:58:51', '2025-10-22 22:58:51'),
(80, 54, 1, '2025-10-22 22:58:51', '2025-10-22 22:58:51'),
(81, 55, 1, '2025-10-22 22:58:51', '2025-10-22 22:58:51'),
(82, 56, 1, '2025-10-22 22:58:51', '2025-10-22 22:58:51'),
(83, 57, 1, '2025-10-22 22:58:51', '2025-10-22 22:58:51'),
(84, 58, 1, '2025-10-22 22:58:51', '2025-10-22 22:58:51'),
(85, 59, 1, '2025-10-22 22:58:51', '2025-10-22 22:58:51'),
(86, 60, 1, '2025-10-22 22:58:51', '2025-10-22 22:58:51'),
(87, 61, 1, '2025-10-22 22:58:51', '2025-10-22 22:58:51'),
(88, 62, 1, '2025-10-22 22:58:51', '2025-10-22 22:58:51'),
(89, 63, 1, '2025-10-22 22:58:51', '2025-10-22 22:58:51'),
(90, 64, 1, '2025-10-22 22:58:51', '2025-10-22 22:58:51'),
(91, 65, 1, '2025-10-22 22:58:51', '2025-10-22 22:58:51'),
(92, 66, 1, '2025-10-22 22:58:51', '2025-10-22 22:58:51'),
(93, 67, 1, '2025-10-22 22:58:51', '2025-10-22 22:58:51'),
(94, 68, 1, '2025-10-22 22:58:51', '2025-10-22 22:58:51'),
(95, 69, 1, '2025-10-22 22:58:51', '2025-10-22 22:58:51'),
(96, 70, 1, '2025-10-22 22:58:51', '2025-10-22 22:58:51'),
(97, 71, 1, '2025-10-22 22:58:51', '2025-10-22 22:58:51'),
(98, 72, 1, '2025-10-22 23:02:23', '2025-10-22 23:02:23'),
(99, 72, 4, '2025-10-22 23:02:23', '2025-10-22 23:02:23'),
(100, 73, 1, '2025-10-22 23:02:23', '2025-10-22 23:02:23'),
(101, 73, 4, '2025-10-22 23:02:23', '2025-10-22 23:02:23'),
(106, 76, 1, '2025-10-22 23:02:23', '2025-10-22 23:02:23'),
(107, 76, 4, '2025-10-22 23:02:23', '2025-10-22 23:02:23'),
(108, 77, 1, '2025-10-22 23:02:23', '2025-10-22 23:02:23'),
(109, 77, 4, '2025-10-22 23:02:23', '2025-10-22 23:02:23'),
(110, 78, 1, '2025-10-22 23:02:23', '2025-10-22 23:02:23'),
(111, 78, 4, '2025-10-22 23:02:23', '2025-10-22 23:02:23'),
(112, 79, 1, '2025-10-22 23:09:50', '2025-10-22 23:09:50'),
(113, 79, 4, '2025-10-22 23:09:50', '2025-10-22 23:09:50'),
(114, 80, 1, '2025-10-22 23:09:50', '2025-10-22 23:09:50'),
(115, 80, 4, '2025-10-22 23:09:50', '2025-10-22 23:09:50');

-- --------------------------------------------------------

--
-- Estrutura da tabela `syrios_oferta`
--

DROP TABLE IF EXISTS `syrios_oferta`;
CREATE TABLE IF NOT EXISTS `syrios_oferta` (
  `id` bigint(20) UNSIGNED NOT NULL AUTO_INCREMENT,
  `school_id` bigint(20) UNSIGNED NOT NULL,
  `ano_letivo` int(11) NOT NULL DEFAULT 2025,
  `vigente` tinyint(1) NOT NULL DEFAULT 1,
  `turma_id` bigint(20) UNSIGNED NOT NULL,
  `disciplina_id` bigint(20) UNSIGNED NOT NULL,
  `professor_id` bigint(20) UNSIGNED NOT NULL,
  `status` tinyint(4) NOT NULL,
  `created_at` timestamp NULL DEFAULT NULL,
  `updated_at` timestamp NULL DEFAULT NULL,
  PRIMARY KEY (`id`),
  KEY `syrios_oferta_school_id_foreign` (`school_id`),
  KEY `syrios_oferta_turma_id_foreign` (`turma_id`),
  KEY `syrios_oferta_disciplina_id_foreign` (`disciplina_id`),
  KEY `syrios_oferta_professor_id_foreign` (`professor_id`)
) ENGINE=InnoDB AUTO_INCREMENT=381 DEFAULT CHARSET=utf8mb4 COLLATE=utf8mb4_unicode_ci;

--
-- Extraindo dados da tabela `syrios_oferta`
--

INSERT INTO `syrios_oferta` (`id`, `school_id`, `ano_letivo`, `vigente`, `turma_id`, `disciplina_id`, `professor_id`, `status`, `created_at`, `updated_at`) VALUES
(1, 5, 2025, 1, 1, 42, 1, 1, '2025-10-15 02:38:43', '2025-10-15 02:38:43'),
(2, 5, 2025, 1, 2, 42, 1, 1, '2025-10-15 02:38:43', '2025-10-15 02:38:43'),
(3, 5, 2025, 1, 3, 42, 1, 1, '2025-10-15 02:38:43', '2025-10-15 02:38:43'),
(4, 5, 2025, 1, 4, 42, 1, 1, '2025-10-15 02:38:43', '2025-10-15 02:38:43'),
(5, 5, 2025, 1, 6, 42, 1, 1, '2025-10-15 02:38:43', '2025-10-15 02:38:43'),
(6, 5, 2025, 1, 7, 42, 1, 1, '2025-10-15 02:38:43', '2025-10-15 02:38:43'),
(7, 5, 2025, 1, 8, 42, 1, 1, '2025-10-15 02:38:43', '2025-10-15 02:38:43'),
(8, 5, 2025, 1, 9, 42, 1, 1, '2025-10-15 02:38:43', '2025-10-15 02:38:43'),
(9, 5, 2025, 1, 10, 42, 1, 1, '2025-10-15 02:38:43', '2025-10-15 02:38:43'),
(10, 5, 2025, 1, 11, 42, 1, 1, '2025-10-15 02:38:43', '2025-10-15 02:38:43'),
(11, 5, 2025, 1, 12, 42, 1, 1, '2025-10-15 02:38:43', '2025-10-15 02:38:43'),
(12, 5, 2025, 1, 13, 42, 1, 1, '2025-10-15 02:38:43', '2025-10-15 02:38:43'),
(13, 5, 2025, 1, 14, 42, 1, 1, '2025-10-15 02:38:43', '2025-10-15 02:38:43'),
(14, 5, 2025, 1, 15, 42, 1, 1, '2025-10-15 02:38:43', '2025-10-15 02:38:43'),
(15, 5, 2025, 1, 1, 25, 1, 1, '2025-10-15 02:38:43', '2025-10-15 02:38:43'),
(16, 5, 2025, 1, 2, 25, 1, 1, '2025-10-15 02:38:43', '2025-10-15 02:38:43'),
(17, 5, 2025, 1, 3, 25, 1, 1, '2025-10-15 02:38:43', '2025-10-15 02:38:43'),
(18, 5, 2025, 1, 4, 25, 1, 1, '2025-10-15 02:38:43', '2025-10-15 02:38:43'),
(19, 5, 2025, 1, 6, 25, 1, 1, '2025-10-15 02:38:43', '2025-10-15 02:38:43'),
(20, 5, 2025, 1, 7, 25, 1, 1, '2025-10-15 02:38:43', '2025-10-15 02:38:43'),
(21, 5, 2025, 1, 8, 25, 1, 1, '2025-10-15 02:38:43', '2025-10-15 02:38:43'),
(22, 5, 2025, 1, 9, 25, 1, 1, '2025-10-15 02:38:43', '2025-10-15 02:38:43'),
(23, 5, 2025, 1, 10, 25, 1, 1, '2025-10-15 02:38:43', '2025-10-15 02:38:43'),
(24, 5, 2025, 1, 11, 25, 1, 1, '2025-10-15 02:38:43', '2025-10-15 02:38:43'),
(25, 5, 2025, 1, 12, 25, 1, 1, '2025-10-15 02:38:43', '2025-10-15 02:38:43'),
(26, 5, 2025, 1, 13, 25, 1, 1, '2025-10-15 02:38:43', '2025-10-15 02:38:43'),
(27, 5, 2025, 1, 14, 25, 1, 1, '2025-10-15 02:38:43', '2025-10-15 02:38:43'),
(28, 5, 2025, 1, 15, 25, 1, 1, '2025-10-15 02:38:43', '2025-10-15 02:38:43'),
(29, 5, 2025, 1, 13, 31, 4, 1, '2025-10-15 02:38:43', '2025-10-15 02:38:43'),
(30, 5, 2025, 1, 14, 31, 4, 1, '2025-10-15 02:38:43', '2025-10-15 02:38:43'),
(31, 5, 2025, 1, 9, 5, 4, 1, '2025-10-15 02:38:43', '2025-10-15 02:38:43'),
(32, 5, 2025, 1, 8, 1, 4, 1, '2025-10-15 02:38:43', '2025-10-15 02:38:43'),
(33, 5, 2025, 1, 9, 1, 4, 1, '2025-10-15 02:38:43', '2025-10-15 02:38:43'),
(34, 5, 2025, 1, 1, 13, 5, 1, '2025-10-15 02:38:43', '2025-10-15 02:38:43'),
(35, 5, 2025, 1, 2, 13, 5, 1, '2025-10-15 02:38:43', '2025-10-15 02:38:43'),
(36, 5, 2025, 1, 10, 7, 6, 1, '2025-10-15 02:38:43', '2025-10-15 02:38:43'),
(37, 5, 2025, 1, 11, 41, 7, 1, '2025-10-15 02:38:43', '2025-10-15 02:38:43'),
(38, 5, 2025, 1, 12, 41, 7, 1, '2025-10-15 02:38:43', '2025-10-15 02:38:43'),
(39, 5, 2025, 1, 13, 41, 7, 1, '2025-10-15 02:38:43', '2025-10-15 02:38:43'),
(40, 5, 2025, 1, 7, 40, 7, 1, '2025-10-15 02:38:43', '2025-10-15 02:38:43'),
(41, 5, 2025, 1, 8, 40, 7, 1, '2025-10-15 02:38:43', '2025-10-15 02:38:43'),
(42, 5, 2025, 1, 9, 40, 7, 1, '2025-10-15 02:38:43', '2025-10-15 02:38:43'),
(43, 5, 2025, 1, 11, 23, 9, 1, '2025-10-15 02:38:43', '2025-10-15 02:38:43'),
(44, 5, 2025, 1, 12, 23, 9, 1, '2025-10-15 02:38:43', '2025-10-15 02:38:43'),
(45, 5, 2025, 1, 7, 20, 9, 1, '2025-10-15 02:38:43', '2025-10-15 02:38:43'),
(46, 5, 2025, 1, 8, 20, 9, 1, '2025-10-15 02:38:43', '2025-10-15 02:38:43'),
(47, 5, 2025, 1, 9, 20, 9, 1, '2025-10-15 02:38:43', '2025-10-15 02:38:43'),
(48, 5, 2025, 1, 10, 20, 9, 1, '2025-10-15 02:38:43', '2025-10-15 02:38:43'),
(49, 5, 2025, 1, 1, 10, 10, 1, '2025-10-15 02:38:43', '2025-10-15 02:38:43'),
(50, 5, 2025, 1, 2, 10, 10, 1, '2025-10-15 02:38:43', '2025-10-15 02:38:43'),
(51, 5, 2025, 1, 3, 10, 10, 1, '2025-10-15 02:38:43', '2025-10-15 02:38:43'),
(52, 5, 2025, 1, 4, 10, 10, 1, '2025-10-15 02:38:43', '2025-10-15 02:38:43'),
(53, 5, 2025, 1, 6, 10, 10, 1, '2025-10-15 02:38:43', '2025-10-15 02:38:43'),
(54, 5, 2025, 1, 7, 10, 10, 1, '2025-10-15 02:38:43', '2025-10-15 02:38:43'),
(55, 5, 2025, 1, 8, 10, 10, 1, '2025-10-15 02:38:43', '2025-10-15 02:38:43'),
(56, 5, 2025, 1, 9, 10, 10, 1, '2025-10-15 02:38:43', '2025-10-15 02:38:43'),
(57, 5, 2025, 1, 11, 10, 10, 1, '2025-10-15 02:38:43', '2025-10-15 02:38:43'),
(58, 5, 2025, 1, 12, 10, 10, 1, '2025-10-15 02:38:43', '2025-10-15 02:38:43'),
(59, 5, 2025, 1, 13, 10, 10, 1, '2025-10-15 02:38:43', '2025-10-15 02:38:43'),
(60, 5, 2025, 1, 14, 10, 10, 1, '2025-10-15 02:38:43', '2025-10-15 02:38:43'),
(61, 5, 2025, 1, 7, 5, 10, 1, '2025-10-15 02:38:43', '2025-10-15 02:38:43'),
(62, 5, 2025, 1, 12, 18, 11, 1, '2025-10-15 02:38:43', '2025-10-15 02:38:43'),
(63, 5, 2025, 1, 13, 18, 11, 1, '2025-10-15 02:38:43', '2025-10-15 02:38:43'),
(64, 5, 2025, 1, 14, 18, 11, 1, '2025-10-15 02:38:43', '2025-10-15 02:38:43'),
(65, 5, 2025, 1, 11, 36, 12, 1, '2025-10-15 02:38:43', '2025-10-15 02:38:43'),
(66, 5, 2025, 1, 12, 36, 12, 1, '2025-10-15 02:38:43', '2025-10-15 02:38:43'),
(67, 5, 2025, 1, 13, 36, 12, 1, '2025-10-15 02:38:43', '2025-10-15 02:38:43'),
(68, 5, 2025, 1, 14, 36, 12, 1, '2025-10-15 02:38:43', '2025-10-15 02:38:43'),
(69, 5, 2025, 1, 6, 7, 12, 1, '2025-10-15 02:38:43', '2025-10-15 02:38:43'),
(70, 5, 2025, 1, 6, 5, 12, 1, '2025-10-15 02:38:43', '2025-10-15 02:38:43'),
(71, 5, 2025, 1, 10, 5, 12, 1, '2025-10-15 02:38:43', '2025-10-15 02:38:43'),
(72, 5, 2025, 1, 13, 5, 13, 1, '2025-10-15 02:38:43', '2025-10-15 02:38:43'),
(73, 5, 2025, 1, 1, 16, 14, 1, '2025-10-15 02:38:43', '2025-10-15 02:38:43'),
(74, 5, 2025, 1, 2, 16, 14, 1, '2025-10-15 02:38:43', '2025-10-15 02:38:43'),
(75, 5, 2025, 1, 3, 16, 14, 1, '2025-10-15 02:38:43', '2025-10-15 02:38:43'),
(76, 5, 2025, 1, 2, 24, 15, 1, '2025-10-15 02:38:43', '2025-10-15 02:38:43'),
(77, 5, 2025, 1, 3, 24, 15, 1, '2025-10-15 02:38:43', '2025-10-15 02:38:43'),
(78, 5, 2025, 1, 4, 24, 15, 1, '2025-10-15 02:38:43', '2025-10-15 02:38:43'),
(79, 5, 2025, 1, 6, 19, 15, 1, '2025-10-15 02:38:43', '2025-10-15 02:38:43'),
(80, 5, 2025, 1, 7, 19, 15, 1, '2025-10-15 02:38:43', '2025-10-15 02:38:43'),
(81, 5, 2025, 1, 8, 19, 15, 1, '2025-10-15 02:38:43', '2025-10-15 02:38:43'),
(82, 5, 2025, 1, 9, 19, 15, 1, '2025-10-15 02:38:43', '2025-10-15 02:38:43'),
(83, 5, 2025, 1, 1, 11, 15, 1, '2025-10-15 02:38:43', '2025-10-15 02:38:43'),
(84, 5, 2025, 1, 2, 11, 15, 1, '2025-10-15 02:38:43', '2025-10-15 02:38:43'),
(85, 5, 2025, 1, 3, 11, 15, 1, '2025-10-15 02:38:43', '2025-10-15 02:38:43'),
(86, 5, 2025, 1, 4, 11, 15, 1, '2025-10-15 02:38:43', '2025-10-15 02:38:43'),
(87, 5, 2025, 1, 6, 11, 15, 1, '2025-10-15 02:38:43', '2025-10-15 02:38:43'),
(88, 5, 2025, 1, 7, 11, 15, 1, '2025-10-15 02:38:43', '2025-10-15 02:38:43'),
(89, 5, 2025, 1, 8, 11, 15, 1, '2025-10-15 02:38:43', '2025-10-15 02:38:43'),
(90, 5, 2025, 1, 9, 11, 15, 1, '2025-10-15 02:38:43', '2025-10-15 02:38:43'),
(91, 5, 2025, 1, 11, 11, 15, 1, '2025-10-15 02:38:43', '2025-10-15 02:38:43'),
(92, 5, 2025, 1, 12, 11, 15, 1, '2025-10-15 02:38:43', '2025-10-15 02:38:43'),
(93, 5, 2025, 1, 13, 11, 15, 1, '2025-10-15 02:38:43', '2025-10-15 02:38:43'),
(94, 5, 2025, 1, 14, 11, 15, 1, '2025-10-15 02:38:43', '2025-10-15 02:38:43'),
(95, 5, 2025, 1, 2, 23, 17, 1, '2025-10-15 02:38:43', '2025-10-15 02:38:43'),
(96, 5, 2025, 1, 3, 20, 17, 1, '2025-10-15 02:38:43', '2025-10-15 02:38:43'),
(97, 5, 2025, 1, 4, 20, 17, 1, '2025-10-15 02:38:43', '2025-10-15 02:38:43'),
(98, 5, 2025, 1, 8, 5, 17, 1, '2025-10-15 02:38:43', '2025-10-15 02:38:43'),
(99, 5, 2025, 1, 6, 2, 17, 1, '2025-10-15 02:38:43', '2025-10-15 02:38:43'),
(100, 5, 2025, 1, 7, 2, 17, 1, '2025-10-15 02:38:43', '2025-10-15 02:38:43'),
(101, 5, 2025, 1, 8, 2, 17, 1, '2025-10-15 02:38:43', '2025-10-15 02:38:43'),
(102, 5, 2025, 1, 9, 2, 17, 1, '2025-10-15 02:38:43', '2025-10-15 02:38:43'),
(103, 5, 2025, 1, 1, 24, 18, 1, '2025-10-15 02:38:43', '2025-10-15 02:38:43'),
(104, 5, 2025, 1, 11, 19, 18, 1, '2025-10-15 02:38:43', '2025-10-15 02:38:43'),
(105, 5, 2025, 1, 12, 19, 18, 1, '2025-10-15 02:38:43', '2025-10-15 02:38:43'),
(106, 5, 2025, 1, 13, 19, 18, 1, '2025-10-15 02:38:43', '2025-10-15 02:38:43'),
(107, 5, 2025, 1, 14, 19, 18, 1, '2025-10-15 02:38:43', '2025-10-15 02:38:43'),
(108, 5, 2025, 1, 6, 18, 18, 1, '2025-10-15 02:38:43', '2025-10-15 02:38:43'),
(109, 5, 2025, 1, 7, 18, 18, 1, '2025-10-15 02:38:43', '2025-10-15 02:38:43'),
(110, 5, 2025, 1, 1, 5, 18, 1, '2025-10-15 02:38:43', '2025-10-15 02:38:43'),
(111, 5, 2025, 1, 1, 43, 19, 1, '2025-10-15 02:38:43', '2025-10-15 02:38:43'),
(112, 5, 2025, 1, 2, 43, 19, 1, '2025-10-15 02:38:43', '2025-10-15 02:38:43'),
(113, 5, 2025, 1, 3, 43, 19, 1, '2025-10-15 02:38:43', '2025-10-15 02:38:43'),
(114, 5, 2025, 1, 4, 43, 19, 1, '2025-10-15 02:38:43', '2025-10-15 02:38:43'),
(115, 5, 2025, 1, 6, 43, 19, 1, '2025-10-15 02:38:43', '2025-10-15 02:38:43'),
(116, 5, 2025, 1, 7, 43, 19, 1, '2025-10-15 02:38:43', '2025-10-15 02:38:43'),
(117, 5, 2025, 1, 8, 43, 19, 1, '2025-10-15 02:38:43', '2025-10-15 02:38:43'),
(118, 5, 2025, 1, 9, 43, 19, 1, '2025-10-15 02:38:43', '2025-10-15 02:38:43'),
(119, 5, 2025, 1, 10, 43, 19, 1, '2025-10-15 02:38:43', '2025-10-15 02:38:43'),
(120, 5, 2025, 1, 11, 43, 19, 1, '2025-10-15 02:38:43', '2025-10-15 02:38:43'),
(121, 5, 2025, 1, 12, 43, 19, 1, '2025-10-15 02:38:43', '2025-10-15 02:38:43'),
(122, 5, 2025, 1, 13, 43, 19, 1, '2025-10-15 02:38:43', '2025-10-15 02:38:43'),
(123, 5, 2025, 1, 14, 43, 19, 1, '2025-10-15 02:38:43', '2025-10-15 02:38:43'),
(124, 5, 2025, 1, 15, 43, 19, 1, '2025-10-15 02:38:43', '2025-10-15 02:38:43'),
(125, 5, 2025, 1, 1, 26, 19, 1, '2025-10-15 02:38:43', '2025-10-15 02:38:43'),
(126, 5, 2025, 1, 2, 26, 19, 1, '2025-10-15 02:38:43', '2025-10-15 02:38:43'),
(127, 5, 2025, 1, 3, 26, 19, 1, '2025-10-15 02:38:43', '2025-10-15 02:38:43'),
(128, 5, 2025, 1, 4, 26, 19, 1, '2025-10-15 02:38:43', '2025-10-15 02:38:43'),
(129, 5, 2025, 1, 6, 26, 19, 1, '2025-10-15 02:38:43', '2025-10-15 02:38:43'),
(130, 5, 2025, 1, 7, 26, 19, 1, '2025-10-15 02:38:43', '2025-10-15 02:38:43'),
(131, 5, 2025, 1, 8, 26, 19, 1, '2025-10-15 02:38:43', '2025-10-15 02:38:43'),
(132, 5, 2025, 1, 9, 26, 19, 1, '2025-10-15 02:38:43', '2025-10-15 02:38:43'),
(133, 5, 2025, 1, 10, 26, 19, 1, '2025-10-15 02:38:43', '2025-10-15 02:38:43'),
(134, 5, 2025, 1, 11, 26, 19, 1, '2025-10-15 02:38:43', '2025-10-15 02:38:43'),
(135, 5, 2025, 1, 12, 26, 19, 1, '2025-10-15 02:38:43', '2025-10-15 02:38:43'),
(136, 5, 2025, 1, 13, 26, 19, 1, '2025-10-15 02:38:43', '2025-10-15 02:38:43'),
(137, 5, 2025, 1, 14, 26, 19, 1, '2025-10-15 02:38:43', '2025-10-15 02:38:43'),
(138, 5, 2025, 1, 15, 26, 19, 1, '2025-10-15 02:38:43', '2025-10-15 02:38:43'),
(139, 5, 2025, 1, 10, 17, 20, 1, '2025-10-15 02:38:43', '2025-10-15 02:38:43'),
(140, 5, 2025, 1, 1, 36, 22, 1, '2025-10-15 02:38:43', '2025-10-15 02:38:43'),
(141, 5, 2025, 1, 2, 36, 22, 1, '2025-10-15 02:38:43', '2025-10-15 02:38:43'),
(142, 5, 2025, 1, 3, 36, 22, 1, '2025-10-15 02:38:43', '2025-10-15 02:38:43'),
(143, 5, 2025, 1, 4, 36, 22, 1, '2025-10-15 02:38:43', '2025-10-15 02:38:43'),
(144, 5, 2025, 1, 6, 36, 22, 1, '2025-10-15 02:38:43', '2025-10-15 02:38:43'),
(145, 5, 2025, 1, 7, 36, 22, 1, '2025-10-15 02:38:43', '2025-10-15 02:38:43'),
(146, 5, 2025, 1, 8, 36, 22, 1, '2025-10-15 02:38:43', '2025-10-15 02:38:43'),
(147, 5, 2025, 1, 9, 36, 22, 1, '2025-10-15 02:38:43', '2025-10-15 02:38:43'),
(148, 5, 2025, 1, 1, 7, 22, 1, '2025-10-15 02:38:43', '2025-10-15 02:38:43'),
(149, 5, 2025, 1, 2, 7, 22, 1, '2025-10-15 02:38:43', '2025-10-15 02:38:43'),
(150, 5, 2025, 1, 3, 7, 22, 1, '2025-10-15 02:38:43', '2025-10-15 02:38:43'),
(151, 5, 2025, 1, 4, 7, 22, 1, '2025-10-15 02:38:43', '2025-10-15 02:38:43'),
(152, 5, 2025, 1, 7, 7, 22, 1, '2025-10-15 02:38:43', '2025-10-15 02:38:43'),
(153, 5, 2025, 1, 8, 7, 22, 1, '2025-10-15 02:38:43', '2025-10-15 02:38:43'),
(154, 5, 2025, 1, 9, 7, 22, 1, '2025-10-15 02:38:43', '2025-10-15 02:38:43'),
(155, 5, 2025, 1, 11, 7, 22, 1, '2025-10-15 02:38:43', '2025-10-15 02:38:43'),
(156, 5, 2025, 1, 12, 7, 22, 1, '2025-10-15 02:38:43', '2025-10-15 02:38:43'),
(157, 5, 2025, 1, 13, 7, 22, 1, '2025-10-15 02:38:43', '2025-10-15 02:38:43'),
(158, 5, 2025, 1, 14, 7, 22, 1, '2025-10-15 02:38:43', '2025-10-15 02:38:43'),
(159, 5, 2025, 1, 1, 8, 23, 1, '2025-10-15 02:38:43', '2025-10-15 02:38:43'),
(160, 5, 2025, 1, 2, 8, 23, 1, '2025-10-15 02:38:43', '2025-10-15 02:38:43'),
(161, 5, 2025, 1, 3, 8, 23, 1, '2025-10-15 02:38:43', '2025-10-15 02:38:43'),
(162, 5, 2025, 1, 4, 8, 23, 1, '2025-10-15 02:38:43', '2025-10-15 02:38:43'),
(163, 5, 2025, 1, 6, 8, 23, 1, '2025-10-15 02:38:43', '2025-10-15 02:38:43'),
(164, 5, 2025, 1, 7, 8, 23, 1, '2025-10-15 02:38:43', '2025-10-15 02:38:43'),
(165, 5, 2025, 1, 8, 8, 23, 1, '2025-10-15 02:38:43', '2025-10-15 02:38:43'),
(166, 5, 2025, 1, 9, 8, 23, 1, '2025-10-15 02:38:43', '2025-10-15 02:38:43'),
(167, 5, 2025, 1, 11, 8, 23, 1, '2025-10-15 02:38:43', '2025-10-15 02:38:43'),
(168, 5, 2025, 1, 12, 8, 23, 1, '2025-10-15 02:38:43', '2025-10-15 02:38:43'),
(169, 5, 2025, 1, 13, 8, 23, 1, '2025-10-15 02:38:43', '2025-10-15 02:38:43'),
(170, 5, 2025, 1, 14, 8, 23, 1, '2025-10-15 02:38:43', '2025-10-15 02:38:43'),
(171, 5, 2025, 1, 11, 45, 25, 1, '2025-10-15 02:38:43', '2025-10-15 02:38:43'),
(172, 5, 2025, 1, 12, 45, 25, 1, '2025-10-15 02:38:43', '2025-10-15 02:38:43'),
(173, 5, 2025, 1, 13, 45, 25, 1, '2025-10-15 02:38:43', '2025-10-15 02:38:43'),
(174, 5, 2025, 1, 14, 41, 25, 1, '2025-10-15 02:38:43', '2025-10-15 02:38:43'),
(175, 5, 2025, 1, 1, 19, 25, 1, '2025-10-15 02:38:43', '2025-10-15 02:38:43'),
(176, 5, 2025, 1, 2, 19, 25, 1, '2025-10-15 02:38:43', '2025-10-15 02:38:43'),
(177, 5, 2025, 1, 3, 19, 25, 1, '2025-10-15 02:38:43', '2025-10-15 02:38:43'),
(178, 5, 2025, 1, 4, 19, 25, 1, '2025-10-15 02:38:43', '2025-10-15 02:38:43'),
(179, 5, 2025, 1, 8, 16, 25, 1, '2025-10-15 02:38:43', '2025-10-15 02:38:43'),
(180, 5, 2025, 1, 6, 1, 25, 1, '2025-10-15 02:38:43', '2025-10-15 02:38:43'),
(181, 5, 2025, 1, 7, 1, 25, 1, '2025-10-15 02:38:43', '2025-10-15 02:38:43'),
(182, 5, 2025, 1, 1, 9, 26, 1, '2025-10-15 02:38:43', '2025-10-15 02:38:43'),
(183, 5, 2025, 1, 2, 9, 26, 1, '2025-10-15 02:38:43', '2025-10-15 02:38:43'),
(184, 5, 2025, 1, 3, 9, 26, 1, '2025-10-15 02:38:43', '2025-10-15 02:38:43'),
(185, 5, 2025, 1, 4, 9, 26, 1, '2025-10-15 02:38:43', '2025-10-15 02:38:43'),
(186, 5, 2025, 1, 6, 9, 26, 1, '2025-10-15 02:38:43', '2025-10-15 02:38:43'),
(187, 5, 2025, 1, 7, 9, 26, 1, '2025-10-15 02:38:43', '2025-10-15 02:38:43'),
(188, 5, 2025, 1, 8, 9, 26, 1, '2025-10-15 02:38:43', '2025-10-15 02:38:43'),
(189, 5, 2025, 1, 9, 9, 26, 1, '2025-10-15 02:38:43', '2025-10-15 02:38:43'),
(190, 5, 2025, 1, 11, 9, 26, 1, '2025-10-15 02:38:43', '2025-10-15 02:38:43'),
(191, 5, 2025, 1, 12, 9, 26, 1, '2025-10-15 02:38:43', '2025-10-15 02:38:43'),
(192, 5, 2025, 1, 13, 9, 26, 1, '2025-10-15 02:38:43', '2025-10-15 02:38:43'),
(193, 5, 2025, 1, 14, 9, 26, 1, '2025-10-15 02:38:43', '2025-10-15 02:38:43'),
(194, 5, 2025, 1, 2, 5, 26, 1, '2025-10-15 02:38:43', '2025-10-15 02:38:43'),
(195, 5, 2025, 1, 12, 5, 26, 1, '2025-10-15 02:38:43', '2025-10-15 02:38:43'),
(196, 5, 2025, 1, 11, 29, 27, 1, '2025-10-15 02:38:43', '2025-10-15 02:38:43'),
(197, 5, 2025, 1, 12, 29, 27, 1, '2025-10-15 02:38:43', '2025-10-15 02:38:43'),
(198, 5, 2025, 1, 13, 29, 27, 1, '2025-10-15 02:38:43', '2025-10-15 02:38:43'),
(199, 5, 2025, 1, 14, 29, 27, 1, '2025-10-15 02:38:43', '2025-10-15 02:38:43'),
(200, 5, 2025, 1, 4, 4, 27, 1, '2025-10-15 02:38:43', '2025-10-15 02:38:43'),
(201, 5, 2025, 1, 6, 4, 27, 1, '2025-10-15 02:38:43', '2025-10-15 02:38:43'),
(202, 5, 2025, 1, 7, 4, 27, 1, '2025-10-15 02:38:43', '2025-10-15 02:38:43'),
(203, 5, 2025, 1, 8, 4, 27, 1, '2025-10-15 02:38:43', '2025-10-15 02:38:43'),
(204, 5, 2025, 1, 9, 4, 27, 1, '2025-10-15 02:38:43', '2025-10-15 02:38:43'),
(205, 5, 2025, 1, 13, 4, 27, 1, '2025-10-15 02:38:43', '2025-10-15 02:38:43'),
(206, 5, 2025, 1, 11, 4, 28, 1, '2025-10-15 02:38:43', '2025-10-15 02:38:43'),
(207, 5, 2025, 1, 12, 4, 28, 1, '2025-10-15 02:38:43', '2025-10-15 02:38:43'),
(208, 5, 2025, 1, 14, 4, 28, 1, '2025-10-15 02:38:43', '2025-10-15 02:38:43'),
(209, 5, 2025, 1, 3, 5, 29, 1, '2025-10-15 02:38:43', '2025-10-15 02:38:43'),
(210, 5, 2025, 1, 1, 4, 29, 1, '2025-10-15 02:38:43', '2025-10-15 02:38:43'),
(211, 5, 2025, 1, 2, 4, 29, 1, '2025-10-15 02:38:43', '2025-10-15 02:38:43'),
(212, 5, 2025, 1, 3, 4, 29, 1, '2025-10-15 02:38:43', '2025-10-15 02:38:43'),
(213, 5, 2025, 1, 2, 24, 31, 1, '2025-10-15 02:38:43', '2025-10-15 02:38:43'),
(214, 5, 2025, 1, 3, 24, 31, 1, '2025-10-15 02:38:43', '2025-10-15 02:38:43'),
(215, 5, 2025, 1, 4, 24, 31, 1, '2025-10-15 02:38:43', '2025-10-15 02:38:43'),
(216, 5, 2025, 1, 6, 19, 31, 1, '2025-10-15 02:38:43', '2025-10-15 02:38:43'),
(217, 5, 2025, 1, 7, 19, 31, 1, '2025-10-15 02:38:43', '2025-10-15 02:38:43'),
(218, 5, 2025, 1, 8, 19, 31, 1, '2025-10-15 02:38:43', '2025-10-15 02:38:43'),
(219, 5, 2025, 1, 9, 19, 31, 1, '2025-10-15 02:38:43', '2025-10-15 02:38:43'),
(220, 5, 2025, 1, 1, 11, 31, 1, '2025-10-15 02:38:43', '2025-10-15 02:38:43'),
(221, 5, 2025, 1, 2, 11, 31, 1, '2025-10-15 02:38:43', '2025-10-15 02:38:43'),
(222, 5, 2025, 1, 3, 11, 31, 1, '2025-10-15 02:38:43', '2025-10-15 02:38:43'),
(223, 5, 2025, 1, 4, 11, 31, 1, '2025-10-15 02:38:43', '2025-10-15 02:38:43'),
(224, 5, 2025, 1, 6, 11, 31, 1, '2025-10-15 02:38:43', '2025-10-15 02:38:43'),
(225, 5, 2025, 1, 7, 11, 31, 1, '2025-10-15 02:38:43', '2025-10-15 02:38:43'),
(226, 5, 2025, 1, 8, 11, 31, 1, '2025-10-15 02:38:43', '2025-10-15 02:38:43'),
(227, 5, 2025, 1, 9, 11, 31, 1, '2025-10-15 02:38:43', '2025-10-15 02:38:43'),
(228, 5, 2025, 1, 11, 11, 31, 1, '2025-10-15 02:38:43', '2025-10-15 02:38:43'),
(229, 5, 2025, 1, 12, 11, 31, 1, '2025-10-15 02:38:43', '2025-10-15 02:38:43'),
(230, 5, 2025, 1, 13, 11, 31, 1, '2025-10-15 02:38:43', '2025-10-15 02:38:43'),
(231, 5, 2025, 1, 14, 11, 31, 1, '2025-10-15 02:38:43', '2025-10-15 02:38:43'),
(232, 5, 2025, 1, 1, 14, 32, 1, '2025-10-15 02:38:43', '2025-10-15 02:38:43'),
(233, 5, 2025, 1, 2, 14, 32, 1, '2025-10-15 02:38:43', '2025-10-15 02:38:43'),
(234, 5, 2025, 1, 3, 23, 33, 1, '2025-10-15 02:38:43', '2025-10-15 02:38:43'),
(235, 5, 2025, 1, 1, 18, 33, 1, '2025-10-15 02:38:43', '2025-10-15 02:38:43'),
(236, 5, 2025, 1, 2, 18, 33, 1, '2025-10-15 02:38:43', '2025-10-15 02:38:43'),
(237, 5, 2025, 1, 3, 18, 33, 1, '2025-10-15 02:38:43', '2025-10-15 02:38:43'),
(238, 5, 2025, 1, 4, 18, 33, 1, '2025-10-15 02:38:43', '2025-10-15 02:38:43'),
(239, 5, 2025, 1, 8, 18, 33, 1, '2025-10-15 02:38:43', '2025-10-15 02:38:43'),
(240, 5, 2025, 1, 9, 18, 33, 1, '2025-10-15 02:38:43', '2025-10-15 02:38:43'),
(241, 5, 2025, 1, 4, 22, 34, 1, '2025-10-15 02:38:43', '2025-10-15 02:38:43'),
(242, 5, 2025, 1, 11, 22, 34, 1, '2025-10-15 02:38:43', '2025-10-15 02:38:43'),
(243, 5, 2025, 1, 14, 22, 34, 1, '2025-10-15 02:38:43', '2025-10-15 02:38:43'),
(244, 5, 2025, 1, 1, 19, 34, 1, '2025-10-15 02:38:43', '2025-10-15 02:38:43'),
(245, 5, 2025, 1, 2, 19, 34, 1, '2025-10-15 02:38:43', '2025-10-15 02:38:43'),
(246, 5, 2025, 1, 11, 19, 34, 1, '2025-10-15 02:38:43', '2025-10-15 02:38:43'),
(247, 5, 2025, 1, 12, 19, 34, 1, '2025-10-15 02:38:43', '2025-10-15 02:38:43'),
(248, 5, 2025, 1, 4, 5, 34, 1, '2025-10-15 02:38:43', '2025-10-15 02:38:43'),
(249, 5, 2025, 1, 1, 22, 35, 1, '2025-10-15 02:38:43', '2025-10-15 02:38:43'),
(250, 5, 2025, 1, 2, 22, 35, 1, '2025-10-15 02:38:43', '2025-10-15 02:38:43'),
(251, 5, 2025, 1, 3, 22, 35, 1, '2025-10-15 02:38:43', '2025-10-15 02:38:43'),
(252, 5, 2025, 1, 6, 22, 35, 1, '2025-10-15 02:38:43', '2025-10-15 02:38:43'),
(253, 5, 2025, 1, 7, 22, 35, 1, '2025-10-15 02:38:43', '2025-10-15 02:38:43'),
(254, 5, 2025, 1, 8, 22, 35, 1, '2025-10-15 02:38:43', '2025-10-15 02:38:43'),
(255, 5, 2025, 1, 9, 22, 35, 1, '2025-10-15 02:38:43', '2025-10-15 02:38:43'),
(256, 5, 2025, 1, 12, 22, 35, 1, '2025-10-15 02:38:43', '2025-10-15 02:38:43'),
(257, 5, 2025, 1, 13, 22, 35, 1, '2025-10-15 02:38:43', '2025-10-15 02:38:43'),
(258, 5, 2025, 1, 14, 24, 37, 1, '2025-10-15 02:38:43', '2025-10-15 02:38:43'),
(259, 5, 2025, 1, 15, 17, 38, 1, '2025-10-15 02:38:43', '2025-10-15 02:38:43'),
(260, 5, 2025, 1, 4, 16, 38, 1, '2025-10-15 02:38:43', '2025-10-15 02:38:43'),
(261, 5, 2025, 1, 10, 16, 38, 1, '2025-10-15 02:38:43', '2025-10-15 02:38:43'),
(262, 5, 2025, 1, 11, 16, 38, 1, '2025-10-15 02:38:43', '2025-10-15 02:38:43'),
(263, 5, 2025, 1, 12, 16, 38, 1, '2025-10-15 02:38:43', '2025-10-15 02:38:43'),
(264, 5, 2025, 1, 15, 16, 38, 1, '2025-10-15 02:38:43', '2025-10-15 02:38:43'),
(265, 5, 2025, 1, 6, 24, 41, 1, '2025-10-15 02:38:43', '2025-10-15 02:38:43'),
(266, 5, 2025, 1, 7, 24, 41, 1, '2025-10-15 02:38:43', '2025-10-15 02:38:43'),
(267, 5, 2025, 1, 8, 24, 41, 1, '2025-10-15 02:38:43', '2025-10-15 02:38:43'),
(268, 5, 2025, 1, 9, 24, 41, 1, '2025-10-15 02:38:43', '2025-10-15 02:38:43'),
(269, 5, 2025, 1, 11, 24, 41, 1, '2025-10-15 02:38:43', '2025-10-15 02:38:43'),
(270, 5, 2025, 1, 12, 24, 41, 1, '2025-10-15 02:38:43', '2025-10-15 02:38:43'),
(271, 5, 2025, 1, 13, 24, 41, 1, '2025-10-15 02:38:43', '2025-10-15 02:38:43'),
(272, 5, 2025, 1, 6, 13, 41, 1, '2025-10-15 02:38:43', '2025-10-15 02:38:43'),
(273, 5, 2025, 1, 7, 13, 41, 1, '2025-10-15 02:38:43', '2025-10-15 02:38:43'),
(274, 5, 2025, 1, 8, 13, 41, 1, '2025-10-15 02:38:43', '2025-10-15 02:38:43'),
(275, 5, 2025, 1, 9, 13, 41, 1, '2025-10-15 02:38:43', '2025-10-15 02:38:43'),
(276, 5, 2025, 1, 11, 13, 41, 1, '2025-10-15 02:38:43', '2025-10-15 02:38:43'),
(277, 5, 2025, 1, 12, 13, 41, 1, '2025-10-15 02:38:43', '2025-10-15 02:38:43'),
(278, 5, 2025, 1, 13, 13, 41, 1, '2025-10-15 02:38:43', '2025-10-15 02:38:43'),
(279, 5, 2025, 1, 14, 13, 41, 1, '2025-10-15 02:38:43', '2025-10-15 02:38:43'),
(280, 5, 2025, 1, 10, 12, 41, 1, '2025-10-15 02:38:43', '2025-10-15 02:38:43'),
(281, 5, 2025, 1, 15, 12, 41, 1, '2025-10-15 02:38:43', '2025-10-15 02:38:43'),
(282, 5, 2025, 1, 13, 30, 43, 1, '2025-10-15 02:38:43', '2025-10-15 02:38:43'),
(283, 5, 2025, 1, 14, 30, 43, 1, '2025-10-15 02:38:43', '2025-10-15 02:38:43'),
(284, 5, 2025, 1, 1, 23, 43, 1, '2025-10-15 02:38:43', '2025-10-15 02:38:43'),
(285, 5, 2025, 1, 9, 23, 43, 1, '2025-10-15 02:38:43', '2025-10-15 02:38:43'),
(286, 5, 2025, 1, 1, 20, 43, 1, '2025-10-15 02:38:43', '2025-10-15 02:38:43'),
(287, 5, 2025, 1, 6, 20, 43, 1, '2025-10-15 02:38:43', '2025-10-15 02:38:43'),
(288, 5, 2025, 1, 1, 44, 44, 1, '2025-10-15 02:38:43', '2025-10-15 02:38:43'),
(289, 5, 2025, 1, 2, 44, 44, 1, '2025-10-15 02:38:43', '2025-10-15 02:38:43'),
(290, 5, 2025, 1, 3, 44, 44, 1, '2025-10-15 02:38:43', '2025-10-15 02:38:43'),
(291, 5, 2025, 1, 4, 44, 44, 1, '2025-10-15 02:38:43', '2025-10-15 02:38:43'),
(292, 5, 2025, 1, 6, 44, 44, 1, '2025-10-15 02:38:43', '2025-10-15 02:38:43'),
(293, 5, 2025, 1, 7, 44, 44, 1, '2025-10-15 02:38:43', '2025-10-15 02:38:43'),
(294, 5, 2025, 1, 8, 44, 44, 1, '2025-10-15 02:38:43', '2025-10-15 02:38:43'),
(295, 5, 2025, 1, 9, 44, 44, 1, '2025-10-15 02:38:43', '2025-10-15 02:38:43'),
(296, 5, 2025, 1, 10, 44, 44, 1, '2025-10-15 02:38:43', '2025-10-15 02:38:43'),
(297, 5, 2025, 1, 11, 44, 44, 1, '2025-10-15 02:38:43', '2025-10-15 02:38:43'),
(298, 5, 2025, 1, 12, 44, 44, 1, '2025-10-15 02:38:43', '2025-10-15 02:38:43'),
(299, 5, 2025, 1, 13, 44, 44, 1, '2025-10-15 02:38:43', '2025-10-15 02:38:43'),
(300, 5, 2025, 1, 14, 44, 44, 1, '2025-10-15 02:38:43', '2025-10-15 02:38:43'),
(301, 5, 2025, 1, 15, 44, 44, 1, '2025-10-15 02:38:43', '2025-10-15 02:38:43'),
(302, 5, 2025, 1, 1, 27, 44, 1, '2025-10-15 02:38:43', '2025-10-15 02:38:43'),
(303, 5, 2025, 1, 2, 27, 44, 1, '2025-10-15 02:38:43', '2025-10-15 02:38:43'),
(304, 5, 2025, 1, 3, 27, 44, 1, '2025-10-15 02:38:43', '2025-10-15 02:38:43'),
(305, 5, 2025, 1, 4, 27, 44, 1, '2025-10-15 02:38:43', '2025-10-15 02:38:43'),
(306, 5, 2025, 1, 6, 27, 44, 1, '2025-10-15 02:38:43', '2025-10-15 02:38:43'),
(307, 5, 2025, 1, 7, 27, 44, 1, '2025-10-15 02:38:43', '2025-10-15 02:38:43'),
(308, 5, 2025, 1, 8, 27, 44, 1, '2025-10-15 02:38:43', '2025-10-15 02:38:43'),
(309, 5, 2025, 1, 9, 27, 44, 1, '2025-10-15 02:38:43', '2025-10-15 02:38:43'),
(310, 5, 2025, 1, 10, 27, 44, 1, '2025-10-15 02:38:43', '2025-10-15 02:38:43'),
(311, 5, 2025, 1, 11, 27, 44, 1, '2025-10-15 02:38:43', '2025-10-15 02:38:43'),
(312, 5, 2025, 1, 12, 27, 44, 1, '2025-10-15 02:38:43', '2025-10-15 02:38:43'),
(313, 5, 2025, 1, 13, 27, 44, 1, '2025-10-15 02:38:43', '2025-10-15 02:38:43'),
(314, 5, 2025, 1, 14, 27, 44, 1, '2025-10-15 02:38:43', '2025-10-15 02:38:43'),
(315, 5, 2025, 1, 15, 27, 44, 1, '2025-10-15 02:38:43', '2025-10-15 02:38:43'),
(316, 5, 2025, 1, 11, 30, 45, 1, '2025-10-15 02:38:43', '2025-10-15 02:38:43'),
(317, 5, 2025, 1, 12, 30, 45, 1, '2025-10-15 02:38:43', '2025-10-15 02:38:43'),
(318, 5, 2025, 1, 4, 23, 45, 1, '2025-10-15 02:38:43', '2025-10-15 02:38:43'),
(319, 5, 2025, 1, 6, 23, 45, 1, '2025-10-15 02:38:43', '2025-10-15 02:38:43'),
(320, 5, 2025, 1, 7, 23, 45, 1, '2025-10-15 02:38:43', '2025-10-15 02:38:43'),
(321, 5, 2025, 1, 13, 23, 45, 1, '2025-10-15 02:38:43', '2025-10-15 02:38:43'),
(322, 5, 2025, 1, 11, 18, 45, 1, '2025-10-15 02:38:43', '2025-10-15 02:38:43'),
(323, 5, 2025, 1, 11, 5, 45, 1, '2025-10-15 02:38:43', '2025-10-15 02:38:43'),
(324, 5, 2025, 1, 6, 40, 47, 1, '2025-10-15 02:38:43', '2025-10-15 02:38:43'),
(325, 5, 2025, 1, 10, 38, 47, 1, '2025-10-15 02:38:43', '2025-10-15 02:38:43'),
(326, 5, 2025, 1, 10, 37, 47, 1, '2025-10-15 02:38:43', '2025-10-15 02:38:43'),
(327, 5, 2025, 1, 3, 6, 47, 1, '2025-10-15 02:38:43', '2025-10-15 02:38:43'),
(328, 5, 2025, 1, 1, 3, 47, 1, '2025-10-15 02:38:43', '2025-10-15 02:38:43'),
(329, 5, 2025, 1, 2, 3, 47, 1, '2025-10-15 02:38:43', '2025-10-15 02:38:43'),
(330, 5, 2025, 1, 3, 3, 47, 1, '2025-10-15 02:38:43', '2025-10-15 02:38:43'),
(331, 5, 2025, 1, 4, 3, 47, 1, '2025-10-15 02:38:43', '2025-10-15 02:38:43'),
(332, 5, 2025, 1, 6, 3, 47, 1, '2025-10-15 02:38:43', '2025-10-15 02:38:43'),
(333, 5, 2025, 1, 9, 3, 47, 1, '2025-10-15 02:38:43', '2025-10-15 02:38:43'),
(334, 5, 2025, 1, 12, 3, 47, 1, '2025-10-15 02:38:43', '2025-10-15 02:38:43'),
(335, 5, 2025, 1, 11, 31, 48, 1, '2025-10-15 02:38:43', '2025-10-15 02:38:43'),
(336, 5, 2025, 1, 12, 31, 48, 1, '2025-10-15 02:38:43', '2025-10-15 02:38:43'),
(337, 5, 2025, 1, 6, 16, 48, 1, '2025-10-15 02:38:43', '2025-10-15 02:38:43'),
(338, 5, 2025, 1, 7, 16, 48, 1, '2025-10-15 02:38:43', '2025-10-15 02:38:43'),
(339, 5, 2025, 1, 9, 16, 48, 1, '2025-10-15 02:38:43', '2025-10-15 02:38:43'),
(340, 5, 2025, 1, 13, 16, 48, 1, '2025-10-15 02:38:43', '2025-10-15 02:38:43'),
(341, 5, 2025, 1, 14, 16, 48, 1, '2025-10-15 02:38:43', '2025-10-15 02:38:43'),
(342, 5, 2025, 1, 1, 6, 49, 1, '2025-10-15 02:38:43', '2025-10-15 02:38:43'),
(343, 5, 2025, 1, 2, 6, 49, 1, '2025-10-15 02:38:43', '2025-10-15 02:38:43'),
(344, 5, 2025, 1, 4, 6, 49, 1, '2025-10-15 02:38:43', '2025-10-15 02:38:43'),
(345, 5, 2025, 1, 6, 6, 49, 1, '2025-10-15 02:38:43', '2025-10-15 02:38:43'),
(346, 5, 2025, 1, 7, 3, 49, 1, '2025-10-15 02:38:43', '2025-10-15 02:38:43'),
(347, 5, 2025, 1, 8, 3, 49, 1, '2025-10-15 02:38:43', '2025-10-15 02:38:43'),
(348, 5, 2025, 1, 11, 3, 49, 1, '2025-10-15 02:38:43', '2025-10-15 02:38:43'),
(349, 5, 2025, 1, 13, 3, 49, 1, '2025-10-15 02:38:43', '2025-10-15 02:38:43'),
(350, 5, 2025, 1, 15, 39, 50, 1, '2025-10-15 02:38:43', '2025-10-15 02:38:43'),
(351, 5, 2025, 1, 2, 20, 52, 1, '2025-10-15 02:38:43', '2025-10-15 02:38:43'),
(352, 5, 2025, 1, 15, 20, 52, 1, '2025-10-15 02:38:43', '2025-10-15 02:38:43'),
(353, 5, 2025, 1, 3, 14, 52, 1, '2025-10-15 02:38:43', '2025-10-15 02:38:43'),
(354, 5, 2025, 1, 4, 14, 52, 1, '2025-10-15 02:38:43', '2025-10-15 02:38:43'),
(355, 5, 2025, 1, 6, 14, 52, 1, '2025-10-15 02:38:43', '2025-10-15 02:38:43'),
(356, 5, 2025, 1, 7, 14, 52, 1, '2025-10-15 02:38:43', '2025-10-15 02:38:43'),
(357, 5, 2025, 1, 8, 14, 52, 1, '2025-10-15 02:38:43', '2025-10-15 02:38:43'),
(358, 5, 2025, 1, 9, 14, 52, 1, '2025-10-15 02:38:43', '2025-10-15 02:38:43'),
(359, 5, 2025, 1, 10, 14, 52, 1, '2025-10-15 02:38:43', '2025-10-15 02:38:43'),
(360, 5, 2025, 1, 11, 14, 52, 1, '2025-10-15 02:38:43', '2025-10-15 02:38:43'),
(361, 5, 2025, 1, 12, 14, 52, 1, '2025-10-15 02:38:43', '2025-10-15 02:38:43'),
(362, 5, 2025, 1, 13, 14, 52, 1, '2025-10-15 02:38:43', '2025-10-15 02:38:43'),
(363, 5, 2025, 1, 14, 14, 52, 1, '2025-10-15 02:38:43', '2025-10-15 02:38:43'),
(364, 5, 2025, 1, 15, 14, 52, 1, '2025-10-15 02:38:43', '2025-10-15 02:38:43'),
(365, 5, 2025, 1, 15, 5, 52, 1, '2025-10-15 02:38:43', '2025-10-15 02:38:43'),
(366, 5, 2025, 1, 14, 3, 52, 1, '2025-10-15 02:38:43', '2025-10-15 02:38:43'),
(367, 5, 2025, 1, 8, 23, 55, 1, '2025-10-15 02:38:43', '2025-10-15 02:38:43'),
(368, 5, 2025, 1, 14, 23, 55, 1, '2025-10-15 02:38:43', '2025-10-15 02:38:43'),
(369, 5, 2025, 1, 11, 20, 55, 1, '2025-10-15 02:38:43', '2025-10-15 02:38:43'),
(370, 5, 2025, 1, 12, 20, 55, 1, '2025-10-15 02:38:43', '2025-10-15 02:38:43'),
(371, 5, 2025, 1, 13, 20, 55, 1, '2025-10-15 02:38:43', '2025-10-15 02:38:43'),
(372, 5, 2025, 1, 14, 20, 55, 1, '2025-10-15 02:38:43', '2025-10-15 02:38:43'),
(373, 5, 2025, 1, 11, 28, 57, 1, '2025-10-15 02:38:43', '2025-10-15 02:38:43'),
(374, 5, 2025, 1, 12, 28, 57, 1, '2025-10-15 02:38:43', '2025-10-15 02:38:43'),
(375, 5, 2025, 1, 13, 28, 57, 1, '2025-10-15 02:38:43', '2025-10-15 02:38:43'),
(376, 5, 2025, 1, 14, 28, 57, 1, '2025-10-15 02:38:43', '2025-10-15 02:38:43'),
(377, 5, 2025, 1, 3, 13, 57, 1, '2025-10-15 02:38:43', '2025-10-15 02:38:43'),
(378, 5, 2025, 1, 4, 13, 57, 1, '2025-10-15 02:38:43', '2025-10-15 02:38:43'),
(379, 5, 2025, 1, 14, 5, 57, 1, '2025-10-15 02:38:43', '2025-10-15 02:38:43'),
(380, 6, 2025, 1, 16, 46, 59, 1, '2025-10-20 22:19:04', '2025-10-20 22:19:04');

-- --------------------------------------------------------

--
-- Estrutura da tabela `syrios_professor`
--

DROP TABLE IF EXISTS `syrios_professor`;
CREATE TABLE IF NOT EXISTS `syrios_professor` (
  `id` bigint(20) UNSIGNED NOT NULL AUTO_INCREMENT,
  `usuario_id` bigint(20) UNSIGNED NOT NULL,
  `school_id` bigint(20) UNSIGNED NOT NULL,
  `created_at` timestamp NULL DEFAULT NULL,
  `updated_at` timestamp NULL DEFAULT NULL,
  PRIMARY KEY (`id`),
  KEY `syrios_professor_usuario_id_foreign` (`usuario_id`),
  KEY `syrios_professor_school_id_foreign` (`school_id`)
) ENGINE=InnoDB AUTO_INCREMENT=60 DEFAULT CHARSET=utf8mb4 COLLATE=utf8mb4_unicode_ci;

--
-- Extraindo dados da tabela `syrios_professor`
--

INSERT INTO `syrios_professor` (`id`, `usuario_id`, `school_id`, `created_at`, `updated_at`) VALUES
(1, 1, 5, '2025-10-15 01:33:08', '2025-10-15 01:33:08'),
(2, 24, 5, '2025-10-15 01:33:08', '2025-10-15 01:33:08'),
(3, 27, 5, '2025-10-15 01:33:08', '2025-10-15 01:33:08'),
(4, 28, 5, '2025-10-15 01:33:08', '2025-10-15 01:33:08'),
(5, 47, 5, '2025-10-15 01:33:08', '2025-10-15 01:33:08'),
(6, 42, 5, '2025-10-15 01:33:08', '2025-10-15 01:33:08'),
(7, 14, 5, '2025-10-15 01:33:08', '2025-10-15 01:33:08'),
(8, 4, 5, '2025-10-15 01:33:08', '2025-10-15 01:33:08'),
(9, 26, 5, '2025-10-15 01:33:08', '2025-10-15 01:33:08'),
(10, 15, 5, '2025-10-15 01:33:08', '2025-10-15 01:33:08'),
(11, 18, 5, '2025-10-15 01:33:08', '2025-10-15 01:33:08'),
(12, 29, 5, '2025-10-15 01:33:08', '2025-10-15 01:33:08'),
(13, 30, 5, '2025-10-15 01:33:08', '2025-10-15 01:33:08'),
(14, 57, 5, '2025-10-15 01:33:08', '2025-10-15 01:33:08'),
(15, 55, 5, '2025-10-15 01:33:08', '2025-10-15 01:33:08'),
(16, 31, 5, '2025-10-15 01:33:08', '2025-10-15 01:33:08'),
(17, 5, 5, '2025-10-15 01:33:08', '2025-10-15 01:33:08'),
(18, 21, 5, '2025-10-15 01:33:08', '2025-10-15 01:33:08'),
(19, 23, 5, '2025-10-15 01:33:08', '2025-10-15 01:33:08'),
(20, 13, 5, '2025-10-15 01:33:08', '2025-10-15 01:33:08'),
(21, 32, 5, '2025-10-15 01:33:08', '2025-10-15 01:33:08'),
(22, 46, 5, '2025-10-15 01:33:08', '2025-10-15 01:33:08'),
(23, 41, 5, '2025-10-15 01:33:08', '2025-10-15 01:33:08'),
(24, 8, 5, '2025-10-15 01:33:08', '2025-10-15 01:33:08'),
(25, 33, 5, '2025-10-15 01:33:08', '2025-10-15 01:33:08'),
(26, 10, 5, '2025-10-15 01:33:08', '2025-10-15 01:33:08'),
(27, 52, 5, '2025-10-15 01:33:08', '2025-10-15 01:33:08'),
(28, 34, 5, '2025-10-15 01:33:08', '2025-10-15 01:33:08'),
(29, 43, 5, '2025-10-15 01:33:08', '2025-10-15 01:33:08'),
(30, 12, 5, '2025-10-15 01:33:08', '2025-10-15 01:33:08'),
(31, 35, 5, '2025-10-15 01:33:08', '2025-10-15 01:33:08'),
(32, 48, 5, '2025-10-15 01:33:08', '2025-10-15 01:33:08'),
(33, 50, 5, '2025-10-15 01:33:08', '2025-10-15 01:33:08'),
(34, 51, 5, '2025-10-15 01:33:08', '2025-10-15 01:33:08'),
(35, 49, 5, '2025-10-15 01:33:08', '2025-10-15 01:33:08'),
(36, 45, 5, '2025-10-15 01:33:08', '2025-10-15 01:33:08'),
(37, 54, 5, '2025-10-15 01:33:08', '2025-10-15 01:33:08'),
(38, 11, 5, '2025-10-15 01:33:08', '2025-10-15 01:33:08'),
(39, 36, 5, '2025-10-15 01:33:08', '2025-10-15 01:33:08'),
(40, 3, 5, '2025-10-15 01:33:08', '2025-10-15 01:33:08'),
(41, 9, 5, '2025-10-15 01:33:08', '2025-10-15 01:33:08'),
(42, 37, 5, '2025-10-15 01:33:08', '2025-10-15 01:33:08'),
(43, 56, 5, '2025-10-15 01:33:08', '2025-10-15 01:33:08'),
(44, 25, 5, '2025-10-15 01:33:08', '2025-10-15 01:33:08'),
(45, 44, 5, '2025-10-15 01:33:08', '2025-10-15 01:33:08'),
(46, 20, 5, '2025-10-15 01:33:08', '2025-10-15 01:33:08'),
(47, 7, 5, '2025-10-15 01:33:08', '2025-10-15 01:33:08'),
(48, 17, 5, '2025-10-15 01:33:08', '2025-10-15 01:33:08'),
(49, 58, 5, '2025-10-15 01:33:08', '2025-10-15 01:33:08'),
(50, 53, 5, '2025-10-15 01:33:08', '2025-10-15 01:33:08'),
(51, 40, 5, '2025-10-15 01:33:08', '2025-10-15 01:33:08'),
(52, 6, 5, '2025-10-15 01:33:08', '2025-10-15 01:33:08'),
(53, 22, 5, '2025-10-15 01:33:08', '2025-10-15 01:33:08'),
(54, 2, 5, '2025-10-15 01:33:08', '2025-10-15 01:33:08'),
(55, 19, 5, '2025-10-15 01:33:08', '2025-10-15 01:33:08'),
(56, 16, 5, '2025-10-15 01:33:08', '2025-10-15 01:33:08'),
(57, 38, 5, '2025-10-15 01:33:08', '2025-10-15 01:33:08'),
(58, 39, 5, '2025-10-15 01:33:08', '2025-10-15 01:33:08'),
(59, 1, 6, '2025-10-20 22:17:20', '2025-10-20 22:17:20');

-- --------------------------------------------------------

--
-- Estrutura da tabela `syrios_regimento`
--

DROP TABLE IF EXISTS `syrios_regimento`;
CREATE TABLE IF NOT EXISTS `syrios_regimento` (
  `id` bigint(20) UNSIGNED NOT NULL AUTO_INCREMENT,
  `school_id` bigint(20) UNSIGNED NOT NULL,
  `titulo` varchar(191) NOT NULL DEFAULT 'Regimento Escolar',
  `arquivo` varchar(191) DEFAULT NULL,
  `created_at` timestamp NULL DEFAULT NULL,
  `updated_at` timestamp NULL DEFAULT NULL,
  PRIMARY KEY (`id`),
  KEY `syrios_regimento_school_id_index` (`school_id`)
) ENGINE=InnoDB AUTO_INCREMENT=2 DEFAULT CHARSET=utf8mb4 COLLATE=utf8mb4_unicode_ci;

--
-- Extraindo dados da tabela `syrios_regimento`
--

INSERT INTO `syrios_regimento` (`id`, `school_id`, `titulo`, `arquivo`, `created_at`, `updated_at`) VALUES
(1, 5, 'Regimento Escolar - 2025', 'regimentos/ICJW7Y1NcyENWO09vkJBlsrJmkC2ZWiCEsd4ZGcS.pdf', '2025-10-21 23:26:21', '2025-10-21 23:26:21');

-- --------------------------------------------------------

--
-- Estrutura da tabela `syrios_regstatus`
--

DROP TABLE IF EXISTS `syrios_regstatus`;
CREATE TABLE IF NOT EXISTS `syrios_regstatus` (
  `id` bigint(20) UNSIGNED NOT NULL AUTO_INCREMENT,
  `descr_s` varchar(50) NOT NULL,
  `created_at` timestamp NULL DEFAULT NULL,
  `updated_at` timestamp NULL DEFAULT NULL,
  PRIMARY KEY (`id`)
) ENGINE=InnoDB DEFAULT CHARSET=utf8mb4 COLLATE=utf8mb4_unicode_ci;

-- --------------------------------------------------------

--
-- Estrutura da tabela `syrios_role`
--

DROP TABLE IF EXISTS `syrios_role`;
CREATE TABLE IF NOT EXISTS `syrios_role` (
  `id` bigint(20) UNSIGNED NOT NULL AUTO_INCREMENT,
  `role_name` varchar(20) NOT NULL,
  `created_at` timestamp NULL DEFAULT NULL,
  `updated_at` timestamp NULL DEFAULT NULL,
  PRIMARY KEY (`id`),
  UNIQUE KEY `syrios_role_role_name_unique` (`role_name`)
) ENGINE=InnoDB AUTO_INCREMENT=8 DEFAULT CHARSET=utf8mb4 COLLATE=utf8mb4_unicode_ci;

--
-- Extraindo dados da tabela `syrios_role`
--

INSERT INTO `syrios_role` (`id`, `role_name`, `created_at`, `updated_at`) VALUES
(1, 'master', '2025-10-13 06:03:10', '2025-10-13 06:03:10'),
(2, 'secretaria', '2025-10-13 06:03:10', '2025-10-13 06:03:10'),
(3, 'escola', '2025-10-13 06:03:10', '2025-10-13 06:03:10'),
(4, 'professor', '2025-10-13 06:03:10', '2025-10-13 06:03:10'),
(5, 'admin', '2025-10-13 06:03:10', '2025-10-13 06:03:10'),
(6, 'pais', '2025-10-13 06:03:10', '2025-10-13 06:03:10'),
(7, 'gestor', '2025-10-13 06:03:10', '2025-10-13 06:03:10');

-- --------------------------------------------------------

--
-- Estrutura da tabela `syrios_sessao`
--

DROP TABLE IF EXISTS `syrios_sessao`;
CREATE TABLE IF NOT EXISTS `syrios_sessao` (
  `id` bigint(20) UNSIGNED NOT NULL AUTO_INCREMENT,
  `usuario_id` bigint(20) UNSIGNED NOT NULL,
  `school_id` bigint(20) UNSIGNED NOT NULL,
  `created_at` timestamp NULL DEFAULT NULL,
  `updated_at` timestamp NULL DEFAULT NULL,
  PRIMARY KEY (`id`),
  KEY `syrios_sessao_usuario_id_foreign` (`usuario_id`),
  KEY `syrios_sessao_school_id_foreign` (`school_id`)
) ENGINE=InnoDB DEFAULT CHARSET=utf8mb4 COLLATE=utf8mb4_unicode_ci;

-- --------------------------------------------------------

--
-- Estrutura da tabela `syrios_turma`
--

DROP TABLE IF EXISTS `syrios_turma`;
CREATE TABLE IF NOT EXISTS `syrios_turma` (
  `id` bigint(20) UNSIGNED NOT NULL AUTO_INCREMENT,
  `school_id` bigint(20) UNSIGNED NOT NULL,
  `serie_turma` varchar(20) NOT NULL,
  `turno` varchar(20) NOT NULL,
  `created_at` timestamp NULL DEFAULT NULL,
  `updated_at` timestamp NULL DEFAULT NULL,
  PRIMARY KEY (`id`),
  UNIQUE KEY `uq_turma_identificacao` (`school_id`,`serie_turma`,`turno`),
  KEY `syrios_turma_school_id_foreign` (`school_id`)
) ENGINE=InnoDB AUTO_INCREMENT=17 DEFAULT CHARSET=utf8mb4 COLLATE=utf8mb4_unicode_ci;

--
-- Extraindo dados da tabela `syrios_turma`
--

INSERT INTO `syrios_turma` (`id`, `school_id`, `serie_turma`, `turno`, `created_at`, `updated_at`) VALUES
(1, 5, '1A', 'Integral', '2025-10-15 01:52:36', '2025-10-15 01:52:36'),
(2, 5, '1B', 'Integral', '2025-10-15 01:52:36', '2025-10-15 01:52:36'),
(3, 5, '1C', 'Integral', '2025-10-15 01:52:36', '2025-10-15 01:52:36'),
(4, 5, '1D', 'Integral', '2025-10-15 01:52:36', '2025-10-15 01:52:36'),
(5, 5, '1N', 'Noite', '2025-10-15 01:52:36', '2025-10-15 01:52:36'),
(6, 5, '2A', 'Integral', '2025-10-15 01:52:36', '2025-10-15 01:52:36'),
(7, 5, '2B', 'Integral', '2025-10-15 01:52:36', '2025-10-15 01:52:36'),
(8, 5, '2C', 'Integral', '2025-10-15 01:52:36', '2025-10-15 01:52:36'),
(9, 5, '2D', 'Integral', '2025-10-15 01:52:36', '2025-10-15 01:52:36'),
(10, 5, '2N', 'Noite', '2025-10-15 01:52:36', '2025-10-15 01:52:36'),
(11, 5, '3A', 'Integral', '2025-10-15 01:52:36', '2025-10-15 01:52:36'),
(12, 5, '3B', 'Integral', '2025-10-15 01:52:36', '2025-10-15 01:52:36'),
(13, 5, '3C', 'Integral', '2025-10-15 01:52:36', '2025-10-15 01:52:36'),
(14, 5, '3D', 'Integral', '2025-10-15 01:52:36', '2025-10-15 01:52:36'),
(15, 5, '3N', 'Noite', '2025-10-15 01:52:36', '2025-10-15 01:52:36'),
(16, 6, '9º ano A', 'Integral', '2025-10-20 22:18:15', '2025-10-20 22:18:15');

-- --------------------------------------------------------

--
-- Estrutura da tabela `syrios_usuario`
--

DROP TABLE IF EXISTS `syrios_usuario`;
CREATE TABLE IF NOT EXISTS `syrios_usuario` (
  `id` bigint(20) UNSIGNED NOT NULL AUTO_INCREMENT,
  `school_id` bigint(20) UNSIGNED NOT NULL,
  `cpf` varchar(11) NOT NULL,
  `senha_hash` varchar(255) NOT NULL,
  `nome_u` varchar(100) NOT NULL,
  `status` tinyint(4) NOT NULL,
  `is_super_master` tinyint(1) NOT NULL DEFAULT 0,
  `created_at` timestamp NULL DEFAULT NULL,
  `updated_at` timestamp NULL DEFAULT NULL,
  PRIMARY KEY (`id`),
  UNIQUE KEY `uq_usuario_cpf_escola` (`cpf`,`school_id`),
  KEY `syrios_usuario_school_id_foreign` (`school_id`)
) ENGINE=InnoDB AUTO_INCREMENT=59 DEFAULT CHARSET=utf8mb4 COLLATE=utf8mb4_unicode_ci;

--
-- Extraindo dados da tabela `syrios_usuario`
--

INSERT INTO `syrios_usuario` (`id`, `school_id`, `cpf`, `senha_hash`, `nome_u`, `status`, `is_super_master`, `created_at`, `updated_at`) VALUES
(1, 1, 'master', '$2a$12$6dgE5prY.fbzUu2j7CgfhuucnkILGXPmGZznHOlIpwp.PCtv/11Je', 'DAVID DOS SANTOS DA COSTA', 1, 1, '2025-10-15 01:18:46', NULL),
(2, 5, '00rozangela', '$2y$10$92IXUNpkjO0rOQ5byMi.Ye4oKoEa3Ro9llC/.og/at2.uheWG/igi', 'ROZANGELA LEAL PIRES', 1, 0, '2025-10-15 01:18:46', NULL),
(3, 5, '000000marta', '$2y$10$92IXUNpkjO0rOQ5byMi.Ye4oKoEa3Ro9llC/.og/at2.uheWG/igi', 'MARTA DE LIMA BRILHANTE', 1, 0, '2025-10-15 01:18:46', NULL),
(4, 5, '00000cleane', '$2y$10$92IXUNpkjO0rOQ5byMi.Ye4oKoEa3Ro9llC/.og/at2.uheWG/igi', 'CLEANE DE AGUIAR DE SOUSA', 0, 0, '2025-10-15 01:18:46', NULL),
(5, 5, '0000eutalia', '$2y$10$92IXUNpkjO0rOQ5byMi.Ye4oKoEa3Ro9llC/.og/at2.uheWG/igi', 'EUTALIA PINHEIRO GOMES', 1, 0, '2025-10-15 01:18:46', NULL),
(6, 5, '0000roberto', '$2y$10$92IXUNpkjO0rOQ5byMi.Ye4oKoEa3Ro9llC/.og/at2.uheWG/igi', 'ROBERTO SARAIVA ARAUJO', 1, 0, '2025-10-15 01:18:46', NULL),
(7, 5, '00000nonato', '$2y$10$92IXUNpkjO0rOQ5byMi.Ye4oKoEa3Ro9llC/.og/at2.uheWG/igi', 'RAIMUNDO NONATO DE ALBUQUERQUE', 1, 0, '2025-10-15 01:18:46', NULL),
(8, 5, '0000000jair', '$2y$10$92IXUNpkjO0rOQ5byMi.Ye4oKoEa3Ro9llC/.og/at2.uheWG/igi', 'FRANCISCO JAIR DE SOUZA MENEZES', 0, 0, '2025-10-15 01:18:46', NULL),
(9, 5, '0000martins', '$2y$10$92IXUNpkjO0rOQ5byMi.Ye4oKoEa3Ro9llC/.og/at2.uheWG/igi', 'FRANCISCO MARTINS MATOS', 1, 0, '2025-10-15 01:18:46', NULL),
(10, 5, '000000joana', '$2y$10$92IXUNpkjO0rOQ5byMi.Ye4oKoEa3Ro9llC/.og/at2.uheWG/igi', 'JOANA DARC MACIEL DE LIMA', 1, 0, '2025-10-15 01:18:46', NULL),
(11, 5, '00000marcos', '$2y$10$92IXUNpkjO0rOQ5byMi.Ye4oKoEa3Ro9llC/.og/at2.uheWG/igi', 'ANTONIO MARCOS DE SOUZA', 1, 0, '2025-10-15 01:18:46', NULL),
(12, 5, '000000lidia', '$2y$10$92IXUNpkjO0rOQ5byMi.Ye4oKoEa3Ro9llC/.og/at2.uheWG/igi', 'LIDIA PEREIRA DOS SANTOS', 0, 0, '2025-10-15 01:18:46', NULL),
(13, 5, '00000helder', '$2y$10$92IXUNpkjO0rOQ5byMi.Ye4oKoEa3Ro9llC/.og/at2.uheWG/igi', 'SALUSTRIANO HELDER DOS SANTOS CAVALCANTE', 1, 0, '2025-10-15 01:18:46', NULL),
(14, 5, '00arimateia', '$2y$10$92IXUNpkjO0rOQ5byMi.Ye4oKoEa3Ro9llC/.og/at2.uheWG/igi', 'JOSE ARIMATEIA DE SOUSA QUEIROZ', 1, 0, '2025-10-15 01:18:46', NULL),
(15, 5, '000000dimas', '$2y$10$92IXUNpkjO0rOQ5byMi.Ye4oKoEa3Ro9llC/.og/at2.uheWG/igi', 'DIMAS RODRIGUES DE ALBUQUERQUE', 1, 0, '2025-10-15 01:18:46', NULL),
(16, 5, '0000vanessa', '$2y$10$92IXUNpkjO0rOQ5byMi.Ye4oKoEa3Ro9llC/.og/at2.uheWG/igi', 'VANESSA VIANA MARTINS', 0, 0, '2025-10-15 01:18:46', NULL),
(17, 5, '000otacilio', '$2y$10$92IXUNpkjO0rOQ5byMi.Ye4oKoEa3Ro9llC/.og/at2.uheWG/igi', 'FRANCISCO OTACÍLIO SILVA ASSIS', 1, 0, '2025-10-15 01:18:46', NULL),
(18, 5, '00000eliane', '$2y$10$92IXUNpkjO0rOQ5byMi.Ye4oKoEa3Ro9llC/.og/at2.uheWG/igi', 'ELIANE MARTINS DA SILVA', 1, 0, '2025-10-15 01:18:46', NULL),
(19, 5, '000000tales', '$2y$10$92IXUNpkjO0rOQ5byMi.Ye4oKoEa3Ro9llC/.og/at2.uheWG/igi', 'TALES FELIPE DE SOUSA', 1, 0, '2025-10-15 01:18:46', NULL),
(20, 5, '00000natali', '$2y$10$92IXUNpkjO0rOQ5byMi.Ye4oKoEa3Ro9llC/.og/at2.uheWG/igi', 'NATALI OLIVEIRA PAULO TAVARES', 0, 0, '2025-10-15 01:18:46', NULL),
(21, 5, '000fabricia', '$2y$10$92IXUNpkjO0rOQ5byMi.Ye4oKoEa3Ro9llC/.og/at2.uheWG/igi', 'FABRICIA DOS SANTOS SOUSA', 1, 0, '2025-10-15 01:18:46', NULL),
(22, 5, '0000rochele', '$2y$10$92IXUNpkjO0rOQ5byMi.Ye4oKoEa3Ro9llC/.og/at2.uheWG/igi', 'ROCHELE CARLOS DA SILVA', 0, 0, '2025-10-15 01:18:46', NULL),
(23, 5, '00000gestor', '$2y$10$92IXUNpkjO0rOQ5byMi.Ye4oKoEa3Ro9llC/.og/at2.uheWG/igi', 'NÚCLEO GESTOR ESCOLAR', 1, 0, '2025-10-15 01:18:46', NULL),
(24, 5, '00000aguida', '$2y$10$92IXUNpkjO0rOQ5byMi.Ye4oKoEa3Ro9llC/.og/at2.uheWG/igi', 'ÁGUIDA', 0, 0, '2025-10-15 01:18:46', NULL),
(25, 5, '0multimeios', '$2y$10$92IXUNpkjO0rOQ5byMi.Ye4oKoEa3Ro9llC/.og/at2.uheWG/igi', 'AMBIENTE DE APOIO MULTIMEIOS', 1, 0, '2025-10-15 01:18:46', NULL),
(26, 5, '0000cleania', '$2y$10$92IXUNpkjO0rOQ5byMi.Ye4oKoEa3Ro9llC/.og/at2.uheWG/igi', 'CLEÂNIA MARTINS DE OLIVEIRA', 1, 0, '2025-10-15 01:18:46', NULL),
(27, 5, '000000alice', '$2y$10$92IXUNpkjO0rOQ5byMi.Ye4oKoEa3Ro9llC/.og/at2.uheWG/igi', 'ALICE DE DA SILVA HERCULANO', 0, 0, '2025-10-15 01:18:46', NULL),
(28, 5, '000aloilson', '$2y$10$92IXUNpkjO0rOQ5byMi.Ye4oKoEa3Ro9llC/.og/at2.uheWG/igi', 'ALOILSON TAVARES DO NASCIMENTO', 1, 0, '2025-10-15 01:18:46', NULL),
(29, 5, '00elildiney', '$2y$10$92IXUNpkjO0rOQ5byMi.Ye4oKoEa3Ro9llC/.og/at2.uheWG/igi', 'ELILDINEY', 1, 0, '2025-10-15 01:18:46', NULL),
(30, 5, '00elizabete', '$2y$10$92IXUNpkjO0rOQ5byMi.Ye4oKoEa3Ro9llC/.og/at2.uheWG/igi', 'ELIZABETE CARDOSO NASCIMENTO', 1, 0, '2025-10-15 01:18:46', NULL),
(31, 5, '00000erivan', '$2y$10$92IXUNpkjO0rOQ5byMi.Ye4oKoEa3Ro9llC/.og/at2.uheWG/igi', 'ERIVAN PEREIRA DE ANDRADE', 0, 0, '2025-10-15 01:18:46', NULL),
(32, 5, '0000isabele', '$2y$10$92IXUNpkjO0rOQ5byMi.Ye4oKoEa3Ro9llC/.og/at2.uheWG/igi', 'ISABELE OLIVEIRA DO NASCIMENTO', 1, 0, '2025-10-15 01:18:46', NULL),
(33, 5, '0000jessica', '$2y$10$92IXUNpkjO0rOQ5byMi.Ye4oKoEa3Ro9llC/.og/at2.uheWG/igi', 'JESSICA DE LIMA SILVA', 1, 0, '2025-10-15 01:18:46', NULL),
(34, 5, '000karoline', '$2y$10$92IXUNpkjO0rOQ5byMi.Ye4oKoEa3Ro9llC/.og/at2.uheWG/igi', 'KAROLINE MATOS MACIEL SARAIVA', 1, 0, '2025-10-15 01:18:46', NULL),
(35, 5, '0000lidiane', '$2y$10$92IXUNpkjO0rOQ5byMi.Ye4oKoEa3Ro9llC/.og/at2.uheWG/igi', 'LIDIANE NASCIMENTO GOMES', 1, 0, '2025-10-15 01:18:46', NULL),
(36, 5, '000000maria', '$2y$10$92IXUNpkjO0rOQ5byMi.Ye4oKoEa3Ro9llC/.og/at2.uheWG/igi', 'MARIA DAS GRAÇAS RODRIGUES DE LIMA', 0, 0, '2025-10-15 01:18:46', NULL),
(37, 5, '0000micaely', '$2y$10$92IXUNpkjO0rOQ5byMi.Ye4oKoEa3Ro9llC/.og/at2.uheWG/igi', 'FRANCISCA MICAELY DA SILVA GOMES LIMA', 0, 0, '2025-10-15 01:18:46', NULL),
(38, 5, '0000viviane', '$2y$10$92IXUNpkjO0rOQ5byMi.Ye4oKoEa3Ro9llC/.og/at2.uheWG/igi', 'VIVIANE DOS REIS CASTRO', 1, 0, '2025-10-15 01:18:46', NULL),
(39, 5, '0000werique', '$2y$10$92IXUNpkjO0rOQ5byMi.Ye4oKoEa3Ro9llC/.og/at2.uheWG/igi', 'WERIQUE SARAIVA DE SOUSA', 0, 0, '2025-10-15 01:18:46', NULL),
(40, 5, '000000raysa', '$2y$10$92IXUNpkjO0rOQ5byMi.Ye4oKoEa3Ro9llC/.og/at2.uheWG/igi', 'ANTONIA RAYSA JERONIMO FARIAS', 0, 0, '2025-10-15 01:18:46', NULL),
(41, 5, '00000izaira', '$2y$10$92IXUNpkjO0rOQ5byMi.Ye4oKoEa3Ro9llC/.og/at2.uheWG/igi', 'MARIA IZAIRA FREITAS AGUIAR', 1, 0, '2025-10-15 01:18:46', NULL),
(42, 5, '000anderson', '$2y$10$92IXUNpkjO0rOQ5byMi.Ye4oKoEa3Ro9llC/.og/at2.uheWG/igi', 'ANDERSON DE SOUSA SILVA', 1, 0, '2025-10-15 01:18:46', NULL),
(43, 5, '000000leane', '$2y$10$92IXUNpkjO0rOQ5byMi.Ye4oKoEa3Ro9llC/.og/at2.uheWG/igi', 'LEANE LIMA DE FREITAS', 1, 0, '2025-10-15 01:18:46', NULL),
(44, 5, '00000naiana', '$2y$10$92IXUNpkjO0rOQ5byMi.Ye4oKoEa3Ro9llC/.og/at2.uheWG/igi', 'NAIANA DA SILVA COSMO DOS SANTOS', 1, 0, '2025-10-15 01:18:46', NULL),
(45, 5, '000marciano', '$2y$10$92IXUNpkjO0rOQ5byMi.Ye4oKoEa3Ro9llC/.og/at2.uheWG/igi', 'MARCIANO VITORIANO PEREIRA', 0, 0, '2025-10-15 01:18:46', NULL),
(46, 5, '00000000ivo', '$2y$10$92IXUNpkjO0rOQ5byMi.Ye4oKoEa3Ro9llC/.og/at2.uheWG/igi', 'ANTONIO IVO DA SILVA AGUIAR', 1, 0, '2025-10-15 01:18:46', NULL),
(47, 5, '0000alysson', '$2y$10$92IXUNpkjO0rOQ5byMi.Ye4oKoEa3Ro9llC/.og/at2.uheWG/igi', 'ALYSSON DE QUEIROZ LIMA', 1, 0, '2025-10-15 01:18:46', NULL),
(48, 5, '000000luana', '$2y$10$92IXUNpkjO0rOQ5byMi.Ye4oKoEa3Ro9llC/.og/at2.uheWG/igi', 'LUANA MARTINS CUSTODIO', 1, 0, '2025-10-15 01:18:46', NULL),
(49, 5, '000marcelov', '$2y$10$92IXUNpkjO0rOQ5byMi.Ye4oKoEa3Ro9llC/.og/at2.uheWG/igi', 'FRANCISCO MARCELO SOUSA VICTOR', 1, 0, '2025-10-15 01:18:46', NULL),
(50, 5, '00000maiara', '$2y$10$92IXUNpkjO0rOQ5byMi.Ye4oKoEa3Ro9llC/.og/at2.uheWG/igi', 'MAIARA BONIFACIO DA SILVA', 1, 0, '2025-10-15 01:18:46', NULL),
(51, 5, '000marcelog', '$2y$10$92IXUNpkjO0rOQ5byMi.Ye4oKoEa3Ro9llC/.og/at2.uheWG/igi', 'MARCELO VIANA GUILHERME', 1, 0, '2025-10-15 01:18:46', NULL),
(52, 5, '0000000joer', '$2y$10$92IXUNpkjO0rOQ5byMi.Ye4oKoEa3Ro9llC/.og/at2.uheWG/igi', 'JOER CARLOS NOGUEIRA DE FIGUEIREDO', 1, 0, '2025-10-15 01:18:46', NULL),
(53, 5, '00000rafael', '$2y$10$92IXUNpkjO0rOQ5byMi.Ye4oKoEa3Ro9llC/.og/at2.uheWG/igi', 'RAFAEL MATEUS', 1, 0, '2025-10-15 01:18:46', NULL),
(54, 5, '00000marcio', '$2y$10$92IXUNpkjO0rOQ5byMi.Ye4oKoEa3Ro9llC/.og/at2.uheWG/igi', 'MARCIO HENRIQUE DOS SANTOS LIMA', 1, 0, '2025-10-15 01:18:46', NULL),
(55, 5, '0000erisson', '$2y$10$92IXUNpkjO0rOQ5byMi.Ye4oKoEa3Ro9llC/.og/at2.uheWG/igi', 'FRANCISCO ERISSON SILVA DE ASSIS', 1, 0, '2025-10-15 01:18:46', NULL),
(56, 5, '00000milena', '$2y$10$92IXUNpkjO0rOQ5byMi.Ye4oKoEa3Ro9llC/.og/at2.uheWG/igi', 'MILENA DE SOUZA LOPES', 1, 0, '2025-10-15 01:18:46', NULL),
(57, 5, '00elizamara', '$2y$10$92IXUNpkjO0rOQ5byMi.Ye4oKoEa3Ro9llC/.og/at2.uheWG/igi', 'ELIZAMARA MARTINS', 1, 0, '2025-10-15 01:18:46', NULL),
(58, 5, '000000pedro', '$2y$10$92IXUNpkjO0rOQ5byMi.Ye4oKoEa3Ro9llC/.og/at2.uheWG/igi', 'ANTONIO PEDRO DE ARAUJO JUNIO', 1, 0, '2025-10-15 01:18:46', NULL);

-- --------------------------------------------------------

--
-- Estrutura da tabela `syrios_usuario_role`
--

DROP TABLE IF EXISTS `syrios_usuario_role`;
CREATE TABLE IF NOT EXISTS `syrios_usuario_role` (
  `usuario_id` bigint(20) UNSIGNED NOT NULL,
  `role_id` bigint(20) UNSIGNED NOT NULL,
  `school_id` bigint(20) UNSIGNED NOT NULL,
  `created_at` timestamp NULL DEFAULT NULL,
  `updated_at` timestamp NULL DEFAULT NULL,
  PRIMARY KEY (`usuario_id`,`role_id`,`school_id`),
  KEY `syrios_usuario_role_role_id_foreign` (`role_id`),
  KEY `syrios_usuario_role_school_id_foreign` (`school_id`)
) ENGINE=InnoDB DEFAULT CHARSET=utf8mb4 COLLATE=utf8mb4_unicode_ci;

--
-- Extraindo dados da tabela `syrios_usuario_role`
--

INSERT INTO `syrios_usuario_role` (`usuario_id`, `role_id`, `school_id`, `created_at`, `updated_at`) VALUES
(1, 1, 1, '2025-10-15 01:40:02', '2025-10-15 01:40:02'),
(1, 2, 4, '2025-10-15 12:05:18', '2025-10-15 12:05:18'),
(1, 3, 5, '2025-10-15 03:13:01', '2025-10-15 03:13:01'),
(1, 3, 6, '2025-10-15 15:37:49', '2025-10-15 15:37:49'),
(1, 4, 5, '2025-10-15 03:03:38', '2025-10-15 03:03:38'),
(1, 4, 6, '2025-10-20 22:16:32', '2025-10-20 22:16:32'),
(2, 4, 5, '2025-10-15 01:40:02', '2025-10-15 01:40:02'),
(3, 4, 5, '2025-10-15 01:40:02', '2025-10-15 01:40:02'),
(4, 4, 5, '2025-10-15 01:40:02', '2025-10-15 01:40:02'),
(5, 4, 5, '2025-10-15 01:40:02', '2025-10-15 01:40:02'),
(6, 4, 5, '2025-10-15 01:40:02', '2025-10-15 01:40:02'),
(7, 4, 5, '2025-10-15 01:40:02', '2025-10-15 01:40:02'),
(8, 4, 5, '2025-10-15 01:40:02', '2025-10-15 01:40:02'),
(9, 4, 5, '2025-10-15 01:40:02', '2025-10-15 01:40:02'),
(10, 4, 5, '2025-10-15 01:40:02', '2025-10-15 01:40:02'),
(11, 4, 5, '2025-10-15 01:40:02', '2025-10-15 01:40:02'),
(12, 4, 5, '2025-10-15 01:40:02', '2025-10-15 01:40:02'),
(13, 4, 5, '2025-10-15 01:40:02', '2025-10-15 01:40:02'),
(14, 4, 5, '2025-10-15 01:40:02', '2025-10-15 01:40:02'),
(15, 4, 5, '2025-10-15 01:40:02', '2025-10-15 01:40:02'),
(16, 4, 5, '2025-10-15 01:40:02', '2025-10-15 01:40:02'),
(17, 4, 5, '2025-10-15 01:40:02', '2025-10-15 01:40:02'),
(18, 4, 5, '2025-10-15 01:40:02', '2025-10-15 01:40:02'),
(19, 4, 5, '2025-10-15 01:40:02', '2025-10-15 01:40:02'),
(20, 4, 5, '2025-10-15 01:40:02', '2025-10-15 01:40:02'),
(21, 4, 5, '2025-10-15 01:40:02', '2025-10-15 01:40:02'),
(22, 4, 5, '2025-10-15 01:40:02', '2025-10-15 01:40:02'),
(23, 4, 5, '2025-10-15 01:40:02', '2025-10-15 01:40:02'),
(24, 4, 5, '2025-10-15 01:40:02', '2025-10-15 01:40:02'),
(25, 4, 5, '2025-10-15 01:40:02', '2025-10-15 01:40:02'),
(26, 4, 5, '2025-10-15 01:40:02', '2025-10-15 01:40:02'),
(27, 4, 5, '2025-10-15 01:40:02', '2025-10-15 01:40:02'),
(28, 4, 5, '2025-10-15 01:40:02', '2025-10-15 01:40:02'),
(29, 4, 5, '2025-10-15 01:40:02', '2025-10-15 01:40:02'),
(30, 4, 5, '2025-10-15 01:40:02', '2025-10-15 01:40:02'),
(31, 4, 5, '2025-10-15 01:40:02', '2025-10-15 01:40:02'),
(32, 4, 5, '2025-10-15 01:40:02', '2025-10-15 01:40:02'),
(33, 4, 5, '2025-10-15 01:40:02', '2025-10-15 01:40:02'),
(34, 4, 5, '2025-10-15 01:40:02', '2025-10-15 01:40:02'),
(35, 4, 5, '2025-10-15 01:40:02', '2025-10-15 01:40:02'),
(36, 4, 5, '2025-10-15 01:40:02', '2025-10-15 01:40:02'),
(37, 4, 5, '2025-10-15 01:40:02', '2025-10-15 01:40:02'),
(38, 4, 5, '2025-10-15 01:40:02', '2025-10-15 01:40:02'),
(39, 4, 5, '2025-10-15 01:40:02', '2025-10-15 01:40:02'),
(40, 4, 5, '2025-10-15 01:40:02', '2025-10-15 01:40:02'),
(41, 4, 5, '2025-10-15 01:40:02', '2025-10-15 01:40:02'),
(42, 4, 5, '2025-10-15 01:40:02', '2025-10-15 01:40:02'),
(43, 4, 5, '2025-10-15 01:40:02', '2025-10-15 01:40:02'),
(44, 4, 5, '2025-10-15 01:40:02', '2025-10-15 01:40:02'),
(45, 4, 5, '2025-10-15 01:40:02', '2025-10-15 01:40:02'),
(46, 4, 5, '2025-10-15 01:40:02', '2025-10-15 01:40:02'),
(47, 4, 5, '2025-10-15 01:40:02', '2025-10-15 01:40:02'),
(48, 4, 5, '2025-10-15 01:40:02', '2025-10-15 01:40:02'),
(49, 4, 5, '2025-10-15 01:40:02', '2025-10-15 01:40:02'),
(50, 4, 5, '2025-10-15 01:40:02', '2025-10-15 01:40:02'),
(51, 4, 5, '2025-10-15 01:40:02', '2025-10-15 01:40:02'),
(52, 4, 5, '2025-10-15 01:40:02', '2025-10-15 01:40:02'),
(53, 4, 5, '2025-10-15 01:40:02', '2025-10-15 01:40:02'),
(54, 4, 5, '2025-10-15 01:40:02', '2025-10-15 01:40:02'),
(55, 4, 5, '2025-10-15 01:40:02', '2025-10-15 01:40:02'),
(56, 4, 5, '2025-10-15 01:40:02', '2025-10-15 01:40:02'),
(57, 4, 5, '2025-10-15 01:40:02', '2025-10-15 01:40:02'),
(58, 4, 5, '2025-10-15 01:40:02', '2025-10-15 01:40:02');

-- --------------------------------------------------------

--
-- Estrutura da tabela `syrios_visao_aluno`
--

DROP TABLE IF EXISTS `syrios_visao_aluno`;
CREATE TABLE IF NOT EXISTS `syrios_visao_aluno` (
  `id` bigint(20) UNSIGNED NOT NULL AUTO_INCREMENT,
  `aluno_id` bigint(20) UNSIGNED NOT NULL,
  `dat_ult_visao` datetime DEFAULT NULL,
  `school_id` bigint(20) UNSIGNED NOT NULL,
  `created_at` timestamp NULL DEFAULT NULL,
  `updated_at` timestamp NULL DEFAULT NULL,
  PRIMARY KEY (`id`),
  KEY `syrios_visao_aluno_aluno_id_foreign` (`aluno_id`),
  KEY `syrios_visao_aluno_school_id_foreign` (`school_id`)
) ENGINE=InnoDB DEFAULT CHARSET=utf8mb4 COLLATE=utf8mb4_unicode_ci;

--
-- Restrições para despejos de tabelas
--

--
-- Limitadores para a tabela `syrios_aluno`
--
ALTER TABLE `syrios_aluno`
  ADD CONSTRAINT `fk_aluno_escola` FOREIGN KEY (`school_id`) REFERENCES `syrios_escola` (`id`) ON UPDATE CASCADE;

--
-- Limitadores para a tabela `syrios_diretor_turma`
--
ALTER TABLE `syrios_diretor_turma`
  ADD CONSTRAINT `fk_diretor_escola` FOREIGN KEY (`school_id`) REFERENCES `syrios_escola` (`id`) ON UPDATE CASCADE,
  ADD CONSTRAINT `fk_diretor_professor` FOREIGN KEY (`professor_id`) REFERENCES `syrios_professor` (`id`) ON DELETE CASCADE ON UPDATE CASCADE,
  ADD CONSTRAINT `fk_diretor_turma` FOREIGN KEY (`turma_id`) REFERENCES `syrios_turma` (`id`) ON DELETE CASCADE ON UPDATE CASCADE;

--
-- Limitadores para a tabela `syrios_disciplina`
--
ALTER TABLE `syrios_disciplina`
  ADD CONSTRAINT `fk_disciplina_escola` FOREIGN KEY (`school_id`) REFERENCES `syrios_escola` (`id`) ON UPDATE CASCADE;

--
-- Limitadores para a tabela `syrios_enturmacao`
--
ALTER TABLE `syrios_enturmacao`
  ADD CONSTRAINT `fk_enturmacao_aluno` FOREIGN KEY (`aluno_id`) REFERENCES `syrios_aluno` (`id`) ON DELETE CASCADE ON UPDATE CASCADE,
  ADD CONSTRAINT `fk_enturmacao_escola` FOREIGN KEY (`school_id`) REFERENCES `syrios_escola` (`id`) ON UPDATE CASCADE,
  ADD CONSTRAINT `fk_enturmacao_turma` FOREIGN KEY (`turma_id`) REFERENCES `syrios_turma` (`id`) ON DELETE CASCADE ON UPDATE CASCADE;

--
-- Limitadores para a tabela `syrios_escola`
--
ALTER TABLE `syrios_escola`
  ADD CONSTRAINT `fk_escola_secretaria` FOREIGN KEY (`secretaria_id`) REFERENCES `syrios_escola` (`id`) ON DELETE SET NULL ON UPDATE CASCADE;

--
-- Limitadores para a tabela `syrios_modelo_motivo`
--
ALTER TABLE `syrios_modelo_motivo`
  ADD CONSTRAINT `fk_modelomotivo_escola` FOREIGN KEY (`school_id`) REFERENCES `syrios_escola` (`id`) ON UPDATE CASCADE;

--
-- Limitadores para a tabela `syrios_notificacao`
--
ALTER TABLE `syrios_notificacao`
  ADD CONSTRAINT `fk_notificacao_escola` FOREIGN KEY (`school_id`) REFERENCES `syrios_escola` (`id`) ON UPDATE CASCADE,
  ADD CONSTRAINT `fk_notificacao_usuario` FOREIGN KEY (`usuario_id`) REFERENCES `syrios_usuario` (`id`) ON DELETE CASCADE ON UPDATE CASCADE;

--
-- Limitadores para a tabela `syrios_ocorrencia`
--
ALTER TABLE `syrios_ocorrencia`
  ADD CONSTRAINT `fk_ocorrencia_aluno` FOREIGN KEY (`aluno_id`) REFERENCES `syrios_aluno` (`id`) ON UPDATE CASCADE,
  ADD CONSTRAINT `fk_ocorrencia_escola` FOREIGN KEY (`school_id`) REFERENCES `syrios_escola` (`id`) ON UPDATE CASCADE,
  ADD CONSTRAINT `fk_ocorrencia_oferta` FOREIGN KEY (`oferta_id`) REFERENCES `syrios_oferta` (`id`) ON DELETE SET NULL ON UPDATE CASCADE,
  ADD CONSTRAINT `fk_ocorrencia_professor` FOREIGN KEY (`professor_id`) REFERENCES `syrios_professor` (`id`) ON UPDATE CASCADE;

--
-- Limitadores para a tabela `syrios_ocorrencia_motivo`
--
ALTER TABLE `syrios_ocorrencia_motivo`
  ADD CONSTRAINT `fk_ocmotivo_modelo` FOREIGN KEY (`modelo_motivo_id`) REFERENCES `syrios_modelo_motivo` (`id`) ON UPDATE CASCADE,
  ADD CONSTRAINT `fk_ocmotivo_ocorrencia` FOREIGN KEY (`ocorrencia_id`) REFERENCES `syrios_ocorrencia` (`id`) ON DELETE CASCADE ON UPDATE CASCADE;

--
-- Limitadores para a tabela `syrios_oferta`
--
ALTER TABLE `syrios_oferta`
  ADD CONSTRAINT `fk_oferta_disciplina` FOREIGN KEY (`disciplina_id`) REFERENCES `syrios_disciplina` (`id`) ON UPDATE CASCADE,
  ADD CONSTRAINT `fk_oferta_escola` FOREIGN KEY (`school_id`) REFERENCES `syrios_escola` (`id`) ON UPDATE CASCADE,
  ADD CONSTRAINT `fk_oferta_professor` FOREIGN KEY (`professor_id`) REFERENCES `syrios_professor` (`id`) ON UPDATE CASCADE,
  ADD CONSTRAINT `fk_oferta_turma` FOREIGN KEY (`turma_id`) REFERENCES `syrios_turma` (`id`) ON UPDATE CASCADE;

--
-- Limitadores para a tabela `syrios_professor`
--
ALTER TABLE `syrios_professor`
  ADD CONSTRAINT `fk_professor_escola` FOREIGN KEY (`school_id`) REFERENCES `syrios_escola` (`id`) ON UPDATE CASCADE,
  ADD CONSTRAINT `fk_professor_usuario` FOREIGN KEY (`usuario_id`) REFERENCES `syrios_usuario` (`id`) ON UPDATE CASCADE;

--
-- Limitadores para a tabela `syrios_regimento`
--
ALTER TABLE `syrios_regimento`
  ADD CONSTRAINT `fk_regimento_escola` FOREIGN KEY (`school_id`) REFERENCES `syrios_escola` (`id`) ON UPDATE CASCADE;

--
-- Limitadores para a tabela `syrios_sessao`
--
ALTER TABLE `syrios_sessao`
  ADD CONSTRAINT `fk_sessao_escola` FOREIGN KEY (`school_id`) REFERENCES `syrios_escola` (`id`) ON UPDATE CASCADE,
  ADD CONSTRAINT `fk_sessao_usuario` FOREIGN KEY (`usuario_id`) REFERENCES `syrios_usuario` (`id`) ON DELETE CASCADE ON UPDATE CASCADE;

--
-- Limitadores para a tabela `syrios_turma`
--
ALTER TABLE `syrios_turma`
  ADD CONSTRAINT `fk_turma_escola` FOREIGN KEY (`school_id`) REFERENCES `syrios_escola` (`id`) ON UPDATE CASCADE;

--
-- Limitadores para a tabela `syrios_usuario`
--
ALTER TABLE `syrios_usuario`
  ADD CONSTRAINT `fk_usuario_escola` FOREIGN KEY (`school_id`) REFERENCES `syrios_escola` (`id`) ON UPDATE CASCADE;

--
-- Limitadores para a tabela `syrios_usuario_role`
--
ALTER TABLE `syrios_usuario_role`
  ADD CONSTRAINT `fk_urole_escola` FOREIGN KEY (`school_id`) REFERENCES `syrios_escola` (`id`) ON UPDATE CASCADE,
  ADD CONSTRAINT `fk_urole_role` FOREIGN KEY (`role_id`) REFERENCES `syrios_role` (`id`) ON UPDATE CASCADE,
  ADD CONSTRAINT `fk_urole_usuario` FOREIGN KEY (`usuario_id`) REFERENCES `syrios_usuario` (`id`) ON DELETE CASCADE ON UPDATE CASCADE;

--
-- Limitadores para a tabela `syrios_visao_aluno`
--
ALTER TABLE `syrios_visao_aluno`
  ADD CONSTRAINT `fk_visao_aluno` FOREIGN KEY (`aluno_id`) REFERENCES `syrios_aluno` (`id`) ON DELETE CASCADE ON UPDATE CASCADE,
  ADD CONSTRAINT `fk_visao_escola` FOREIGN KEY (`school_id`) REFERENCES `syrios_escola` (`id`) ON UPDATE CASCADE;
COMMIT;

/*!40101 SET CHARACTER_SET_CLIENT=@OLD_CHARACTER_SET_CLIENT */;
/*!40101 SET CHARACTER_SET_RESULTS=@OLD_CHARACTER_SET_RESULTS */;
/*!40101 SET COLLATION_CONNECTION=@OLD_COLLATION_CONNECTION */;
